
/home/hollis/SingleBoardDrone_Firmware/build/SingleBoardDrone_RP2350/SingleBoardDrone_RP2350.elf:     file format elf32-littlearm

Sections:
Idx Name          Size      VMA       LMA       File off  Algn
  0 .text         00006570  10000000  10000000  00001000  2**3
                  CONTENTS, ALLOC, LOAD, READONLY, CODE
  1 .rodata       000004a4  10006570  10006570  00007570  2**3
                  CONTENTS, ALLOC, LOAD, READONLY, DATA
  2 .ARM.exidx    00000008  10006a14  10006a14  00007a14  2**2
                  CONTENTS, ALLOC, LOAD, READONLY, DATA
  3 .binary_info  00000024  10006a1c  10006a1c  00007a1c  2**2
                  CONTENTS, ALLOC, LOAD, READONLY, DATA
  4 .ram_vector_table 00000110  20000000  20000000  0000a000  2**2
                  ALLOC
  5 .uninitialized_data 00000000  20000110  20000110  00009b70  2**0
                  CONTENTS
  6 .data         0000111c  20000110  10006a40  00008110  2**3
                  CONTENTS, ALLOC, LOAD, READONLY, CODE
  7 .tdata        00000000  2000122c  2000122c  00009b70  2**0
                  CONTENTS, ALLOC, LOAD, DATA, THREAD_LOCAL
  8 .tbss         00000000  2000122c  2000122c  00000000  2**0
                  ALLOC, THREAD_LOCAL
  9 .bss          00000c38  20001230  10007b5c  0000a230  2**3
                  ALLOC
 10 .heap         00000800  20001e68  10007b5c  00009e68  2**2
                  ALLOC, READONLY
 11 .scratch_x    00000000  20080000  20080000  00009b70  2**0
                  CONTENTS
 12 .scratch_y    00000000  20081000  20081000  00009b70  2**0
                  CONTENTS
 13 .stack_dummy  00000800  20081000  20081000  0000a000  2**5
                  ALLOC, READONLY
 14 .flash_end    00000014  10007b5c  10007b5c  00009b5c  2**2
                  CONTENTS, ALLOC, LOAD, READONLY, DATA
 15 .ARM.attributes 00000034  00000000  00000000  00009b70  2**0
                  CONTENTS, READONLY
 16 .comment      00000045  00000000  00000000  00009ba4  2**0
                  CONTENTS, READONLY
 17 .debug_info   0003cf2e  00000000  00000000  00009be9  2**0
                  CONTENTS, READONLY, DEBUGGING, OCTETS
 18 .debug_abbrev 0000a030  00000000  00000000  00046b17  2**0
                  CONTENTS, READONLY, DEBUGGING, OCTETS
 19 .debug_loclists 0001d47f  00000000  00000000  00050b47  2**0
                  CONTENTS, READONLY, DEBUGGING, OCTETS
 20 .debug_aranges 000014d8  00000000  00000000  0006dfc8  2**3
                  CONTENTS, READONLY, DEBUGGING, OCTETS
 21 .debug_rnglists 00005394  00000000  00000000  0006f4a0  2**0
                  CONTENTS, READONLY, DEBUGGING, OCTETS
 22 .debug_line   000262c0  00000000  00000000  00074834  2**0
                  CONTENTS, READONLY, DEBUGGING, OCTETS
 23 .debug_str    0000a410  00000000  00000000  0009aaf4  2**0
                  CONTENTS, READONLY, DEBUGGING, OCTETS
 24 .debug_frame  000038ac  00000000  00000000  000a4f04  2**2
                  CONTENTS, READONLY, DEBUGGING, OCTETS
 25 .debug_line_str 0000028b  00000000  00000000  000a87b0  2**0
                  CONTENTS, READONLY, DEBUGGING, OCTETS

/home/hollis/SingleBoardDrone_Firmware/build/SingleBoardDrone_RP2350/SingleBoardDrone_RP2350.elf:     file format elf32-littlearm


Disassembly of section .text:

10000000 <__VECTOR_TABLE>:
10000000:	20082000 	.word	0x20082000
10000004:	1000015d 	.word	0x1000015d
10000008:	1000011b 	.word	0x1000011b
1000000c:	1000011d 	.word	0x1000011d
10000010:	10000111 	.word	0x10000111
10000014:	10000111 	.word	0x10000111
10000018:	10000111 	.word	0x10000111
1000001c:	10000111 	.word	0x10000111
10000020:	10000119 	.word	0x10000119
10000024:	10000119 	.word	0x10000119
10000028:	10000119 	.word	0x10000119
1000002c:	1000011f 	.word	0x1000011f
10000030:	10000111 	.word	0x10000111
10000034:	10000119 	.word	0x10000119
10000038:	10000121 	.word	0x10000121
1000003c:	10000123 	.word	0x10000123
10000040:	10000111 	.word	0x10000111
10000044:	10000111 	.word	0x10000111
10000048:	10000111 	.word	0x10000111
1000004c:	10000111 	.word	0x10000111
10000050:	10000111 	.word	0x10000111
10000054:	10000111 	.word	0x10000111
10000058:	10000111 	.word	0x10000111
1000005c:	10000111 	.word	0x10000111
10000060:	10000111 	.word	0x10000111
10000064:	10000111 	.word	0x10000111
10000068:	10000111 	.word	0x10000111
1000006c:	10000111 	.word	0x10000111
10000070:	10000111 	.word	0x10000111
10000074:	10000111 	.word	0x10000111
10000078:	10000111 	.word	0x10000111
1000007c:	10000111 	.word	0x10000111
10000080:	10000111 	.word	0x10000111
10000084:	10000111 	.word	0x10000111
10000088:	10000111 	.word	0x10000111
1000008c:	10000111 	.word	0x10000111
10000090:	10000111 	.word	0x10000111
10000094:	10000111 	.word	0x10000111
10000098:	10000111 	.word	0x10000111
1000009c:	10000111 	.word	0x10000111
100000a0:	10000111 	.word	0x10000111
100000a4:	10000111 	.word	0x10000111
100000a8:	10000111 	.word	0x10000111
100000ac:	10000111 	.word	0x10000111
100000b0:	10000111 	.word	0x10000111
100000b4:	10000111 	.word	0x10000111
100000b8:	10000111 	.word	0x10000111
100000bc:	10000111 	.word	0x10000111
100000c0:	10000111 	.word	0x10000111
100000c4:	10000111 	.word	0x10000111
100000c8:	10000111 	.word	0x10000111
100000cc:	10000111 	.word	0x10000111
100000d0:	10000111 	.word	0x10000111
100000d4:	10000111 	.word	0x10000111
100000d8:	10000111 	.word	0x10000111
100000dc:	10000111 	.word	0x10000111
100000e0:	10000111 	.word	0x10000111
100000e4:	10000111 	.word	0x10000111
100000e8:	10000111 	.word	0x10000111
100000ec:	10000111 	.word	0x10000111
100000f0:	10000111 	.word	0x10000111
100000f4:	10000111 	.word	0x10000111
100000f8:	10000111 	.word	0x10000111
100000fc:	10000111 	.word	0x10000111
10000100:	10000111 	.word	0x10000111
10000104:	10000111 	.word	0x10000111
10000108:	10000111 	.word	0x10000111
1000010c:	10000111 	.word	0x10000111

10000110 <__unhandled_user_irq>:
10000110:	f3ef 8005 	mrs	r0, IPSR
10000114:	3810      	subs	r0, #16

10000116 <unhandled_user_irq_num_in_r0>:
10000116:	be00      	bkpt	0x0000

10000118 <isr_invalid>:
10000118:	be00      	bkpt	0x0000

1000011a <isr_nmi>:
1000011a:	be00      	bkpt	0x0000

1000011c <isr_hardfault>:
1000011c:	be00      	bkpt	0x0000

1000011e <isr_svcall>:
1000011e:	be00      	bkpt	0x0000

10000120 <isr_pendsv>:
10000120:	be00      	bkpt	0x0000

10000122 <isr_systick>:
10000122:	be00      	bkpt	0x0000

10000124 <__default_isrs_end>:
10000124:	7188ebf2 	.word	0x7188ebf2
10000128:	10006a1c 	.word	0x10006a1c
1000012c:	10006a40 	.word	0x10006a40
10000130:	100001a0 	.word	0x100001a0
10000134:	e71aa390 	.word	0xe71aa390

10000138 <__binary_info_header_end>:
10000138:	ffffded3 	.word	0xffffded3
1000013c:	10210142 	.word	0x10210142
10000140:	000001ff 	.word	0x000001ff
10000144:	00007a24 	.word	0x00007a24
10000148:	ab123579 	.word	0xab123579

1000014c <_entry_point>:
1000014c:	f04f 0000 	mov.w	r0, #0

10000150 <_enter_vtable_in_r0>:
10000150:	491e      	ldr	r1, [pc, #120]	@ (100001cc <data_cpy_table+0x2c>)
10000152:	6008      	str	r0, [r1, #0]
10000154:	c806      	ldmia	r0!, {r1, r2}
10000156:	f381 8808 	msr	MSP, r1
1000015a:	4710      	bx	r2

1000015c <_reset_handler>:
1000015c:	f04f 4050 	mov.w	r0, #3489660928	@ 0xd0000000
10000160:	6800      	ldr	r0, [r0, #0]
10000162:	b110      	cbz	r0, 1000016a <hold_non_core0_in_bootrom+0x6>

10000164 <hold_non_core0_in_bootrom>:
10000164:	f04f 0000 	mov.w	r0, #0
10000168:	e7f2      	b.n	10000150 <_enter_vtable_in_r0>
1000016a:	a40d      	add	r4, pc, #52	@ (adr r4, 100001a0 <data_cpy_table>)
1000016c:	cc0e      	ldmia	r4!, {r1, r2, r3}
1000016e:	2900      	cmp	r1, #0
10000170:	d002      	beq.n	10000178 <hold_non_core0_in_bootrom+0x14>
10000172:	f000 f812 	bl	1000019a <data_cpy>
10000176:	e7f9      	b.n	1000016c <hold_non_core0_in_bootrom+0x8>
10000178:	4915      	ldr	r1, [pc, #84]	@ (100001d0 <data_cpy_table+0x30>)
1000017a:	4a16      	ldr	r2, [pc, #88]	@ (100001d4 <data_cpy_table+0x34>)
1000017c:	2000      	movs	r0, #0
1000017e:	e000      	b.n	10000182 <bss_fill_test>

10000180 <bss_fill_loop>:
10000180:	c101      	stmia	r1!, {r0}

10000182 <bss_fill_test>:
10000182:	4291      	cmp	r1, r2
10000184:	d1fc      	bne.n	10000180 <bss_fill_loop>

10000186 <platform_entry>:
10000186:	4914      	ldr	r1, [pc, #80]	@ (100001d8 <data_cpy_table+0x38>)
10000188:	4788      	blx	r1
1000018a:	4914      	ldr	r1, [pc, #80]	@ (100001dc <data_cpy_table+0x3c>)
1000018c:	4788      	blx	r1
1000018e:	4914      	ldr	r1, [pc, #80]	@ (100001e0 <data_cpy_table+0x40>)
10000190:	4788      	blx	r1
10000192:	be00      	bkpt	0x0000
10000194:	e7fd      	b.n	10000192 <platform_entry+0xc>

10000196 <data_cpy_loop>:
10000196:	c901      	ldmia	r1!, {r0}
10000198:	c201      	stmia	r2!, {r0}

1000019a <data_cpy>:
1000019a:	429a      	cmp	r2, r3
1000019c:	d3fb      	bcc.n	10000196 <data_cpy_loop>
1000019e:	4770      	bx	lr

100001a0 <data_cpy_table>:
100001a0:	10006a40 	.word	0x10006a40
100001a4:	20000110 	.word	0x20000110
100001a8:	2000122c 	.word	0x2000122c
100001ac:	10007b5c 	.word	0x10007b5c
100001b0:	20080000 	.word	0x20080000
100001b4:	20080000 	.word	0x20080000
100001b8:	10007b5c 	.word	0x10007b5c
100001bc:	20081000 	.word	0x20081000
100001c0:	20081000 	.word	0x20081000
100001c4:	00000000 	.word	0x00000000
100001c8:	4770      	bx	lr
100001ca:	0000      	.short	0x0000
100001cc:	e000ed08 	.word	0xe000ed08
100001d0:	2000122c 	.word	0x2000122c
100001d4:	20001e68 	.word	0x20001e68
100001d8:	100033fd 	.word	0x100033fd
100001dc:	10000309 	.word	0x10000309
100001e0:	100033f5 	.word	0x100033f5

100001e4 <_init>:
100001e4:	b5f8      	push	{r3, r4, r5, r6, r7, lr}
100001e6:	bf00      	nop

100001e8 <register_tm_clones>:
100001e8:	4b06      	ldr	r3, [pc, #24]	@ (10000204 <register_tm_clones+0x1c>)
100001ea:	4907      	ldr	r1, [pc, #28]	@ (10000208 <register_tm_clones+0x20>)
100001ec:	1ac9      	subs	r1, r1, r3
100001ee:	1089      	asrs	r1, r1, #2
100001f0:	bf48      	it	mi
100001f2:	3101      	addmi	r1, #1
100001f4:	1049      	asrs	r1, r1, #1
100001f6:	d003      	beq.n	10000200 <register_tm_clones+0x18>
100001f8:	4b04      	ldr	r3, [pc, #16]	@ (1000020c <register_tm_clones+0x24>)
100001fa:	b10b      	cbz	r3, 10000200 <register_tm_clones+0x18>
100001fc:	4801      	ldr	r0, [pc, #4]	@ (10000204 <register_tm_clones+0x1c>)
100001fe:	4718      	bx	r3
10000200:	4770      	bx	lr
10000202:	bf00      	nop
10000204:	2000122c 	.word	0x2000122c
10000208:	2000122c 	.word	0x2000122c
1000020c:	00000000 	.word	0x00000000

10000210 <frame_dummy>:
10000210:	b508      	push	{r3, lr}
10000212:	4b05      	ldr	r3, [pc, #20]	@ (10000228 <frame_dummy+0x18>)
10000214:	b11b      	cbz	r3, 1000021e <frame_dummy+0xe>
10000216:	4905      	ldr	r1, [pc, #20]	@ (1000022c <frame_dummy+0x1c>)
10000218:	4805      	ldr	r0, [pc, #20]	@ (10000230 <frame_dummy+0x20>)
1000021a:	f3af 8000 	nop.w
1000021e:	e8bd 4008 	ldmia.w	sp!, {r3, lr}
10000222:	f7ff bfe1 	b.w	100001e8 <register_tm_clones>
10000226:	bf00      	nop
10000228:	00000000 	.word	0x00000000
1000022c:	20001df4 	.word	0x20001df4
10000230:	10006570 	.word	0x10006570

10000234 <alarm_callback>:
10000234:	2000      	movs	r0, #0
10000236:	2100      	movs	r1, #0
10000238:	4770      	bx	lr
1000023a:	bf00      	nop

1000023c <blink_program_init>:
1000023c:	e92d 41f0 	stmdb	sp!, {r4, r5, r6, r7, r8, lr}
10000240:	460f      	mov	r7, r1
10000242:	f100 412f 	add.w	r1, r0, #2936012800	@ 0xaf000000
10000246:	f501 0160 	add.w	r1, r1, #14680064	@ 0xe00000
1000024a:	0d09      	lsrs	r1, r1, #20
1000024c:	3106      	adds	r1, #6
1000024e:	b08a      	sub	sp, #40	@ 0x28
10000250:	4605      	mov	r5, r0
10000252:	b2c9      	uxtb	r1, r1
10000254:	4618      	mov	r0, r3
10000256:	4616      	mov	r6, r2
10000258:	461c      	mov	r4, r3
1000025a:	f000 f92b 	bl	100004b4 <gpio_set_function>
1000025e:	2301      	movs	r3, #1
10000260:	4622      	mov	r2, r4
10000262:	4639      	mov	r1, r7
10000264:	9300      	str	r3, [sp, #0]
10000266:	4628      	mov	r0, r5
10000268:	f005 ffa6 	bl	100061b8 <pio_sm_set_consecutive_pindirs>
1000026c:	2300      	movs	r3, #0
1000026e:	f44f 2240 	mov.w	r2, #786432	@ 0xc0000
10000272:	e9cd 2304 	strd	r2, r3, [sp, #16]
10000276:	f44f 3280 	mov.w	r2, #65536	@ 0x10000
1000027a:	f44f 33f8 	mov.w	r3, #126976	@ 0x1f000
1000027e:	e9cd 2302 	strd	r2, r3, [sp, #8]
10000282:	f106 0807 	add.w	r8, r6, #7
10000286:	f10d 0c08 	add.w	ip, sp, #8
1000028a:	f10d 0e18 	add.w	lr, sp, #24
1000028e:	1cb3      	adds	r3, r6, #2
10000290:	ea4f 3808 	mov.w	r8, r8, lsl #12
10000294:	ea48 18c3 	orr.w	r8, r8, r3, lsl #7
10000298:	e89c 000f 	ldmia.w	ip, {r0, r1, r2, r3}
1000029c:	e88e 000f 	stmia.w	lr, {r0, r1, r2, r3}
100002a0:	0164      	lsls	r4, r4, #5
100002a2:	f8cd 801c 	str.w	r8, [sp, #28]
100002a6:	f404 7478 	and.w	r4, r4, #992	@ 0x3e0
100002aa:	e89e 000f 	ldmia.w	lr, {r0, r1, r2, r3}
100002ae:	f044 6480 	orr.w	r4, r4, #67108864	@ 0x4000000
100002b2:	e88c 000f 	stmia.w	ip, {r0, r1, r2, r3}
100002b6:	4663      	mov	r3, ip
100002b8:	4632      	mov	r2, r6
100002ba:	4639      	mov	r1, r7
100002bc:	4628      	mov	r0, r5
100002be:	9405      	str	r4, [sp, #20]
100002c0:	f005 ffc0 	bl	10006244 <pio_sm_init>
100002c4:	b00a      	add	sp, #40	@ 0x28
100002c6:	e8bd 81f0 	ldmia.w	sp!, {r4, r5, r6, r7, r8, pc}
100002ca:	bf00      	nop

100002cc <blink_pin_forever>:
100002cc:	b5f8      	push	{r3, r4, r5, r6, r7, lr}
100002ce:	4605      	mov	r5, r0
100002d0:	460c      	mov	r4, r1
100002d2:	461f      	mov	r7, r3
100002d4:	9e06      	ldr	r6, [sp, #24]
100002d6:	f7ff ffb1 	bl	1000023c <blink_program_init>
100002da:	2201      	movs	r2, #1
100002dc:	682b      	ldr	r3, [r5, #0]
100002de:	40a2      	lsls	r2, r4
100002e0:	431a      	orrs	r2, r3
100002e2:	602a      	str	r2, [r5, #0]
100002e4:	4639      	mov	r1, r7
100002e6:	4632      	mov	r2, r6
100002e8:	4805      	ldr	r0, [pc, #20]	@ (10000300 <blink_pin_forever+0x34>)
100002ea:	f003 fa73 	bl	100037d4 <__wrap_printf>
100002ee:	4a05      	ldr	r2, [pc, #20]	@ (10000304 <blink_pin_forever+0x38>)
100002f0:	0076      	lsls	r6, r6, #1
100002f2:	fbb2 f2f6 	udiv	r2, r2, r6
100002f6:	3404      	adds	r4, #4
100002f8:	3a03      	subs	r2, #3
100002fa:	f845 2024 	str.w	r2, [r5, r4, lsl #2]
100002fe:	bdf8      	pop	{r3, r4, r5, r6, r7, pc}
10000300:	10006570 	.word	0x10006570
10000304:	07735940 	.word	0x07735940

10000308 <main>:
10000308:	b530      	push	{r4, r5, lr}
1000030a:	b085      	sub	sp, #20
1000030c:	f003 f99e 	bl	1000364c <stdio_init_all>
10000310:	4959      	ldr	r1, [pc, #356]	@ (10000478 <main+0x170>)
10000312:	485a      	ldr	r0, [pc, #360]	@ (1000047c <main+0x174>)
10000314:	f005 fde4 	bl	10005ee0 <spi_init>
10000318:	2101      	movs	r1, #1
1000031a:	2010      	movs	r0, #16
1000031c:	f000 f8ca 	bl	100004b4 <gpio_set_function>
10000320:	2105      	movs	r1, #5
10000322:	2011      	movs	r0, #17
10000324:	f000 f8c6 	bl	100004b4 <gpio_set_function>
10000328:	2101      	movs	r1, #1
1000032a:	2012      	movs	r0, #18
1000032c:	f000 f8c2 	bl	100004b4 <gpio_set_function>
10000330:	2101      	movs	r1, #1
10000332:	2013      	movs	r0, #19
10000334:	f000 f8be 	bl	100004b4 <gpio_set_function>
10000338:	2311      	movs	r3, #17
1000033a:	f04f 0201 	mov.w	r2, #1
1000033e:	ec42 3044 	gpioc_bit_oe_put r3, r2
10000342:	ec42 3040 	gpioc_bit_out_put r3, r2
10000346:	494e      	ldr	r1, [pc, #312]	@ (10000480 <main+0x178>)
10000348:	484e      	ldr	r0, [pc, #312]	@ (10000484 <main+0x17c>)
1000034a:	f005 fe95 	bl	10006078 <i2c_init>
1000034e:	2103      	movs	r1, #3
10000350:	2008      	movs	r0, #8
10000352:	f000 f8af 	bl	100004b4 <gpio_set_function>
10000356:	2103      	movs	r1, #3
10000358:	2009      	movs	r0, #9
1000035a:	f000 f8ab 	bl	100004b4 <gpio_set_function>
1000035e:	2200      	movs	r2, #0
10000360:	2101      	movs	r1, #1
10000362:	2008      	movs	r0, #8
10000364:	f000 f8c4 	bl	100004f0 <gpio_set_pulls>
10000368:	2200      	movs	r2, #0
1000036a:	2101      	movs	r1, #1
1000036c:	2009      	movs	r0, #9
1000036e:	f000 f8bf 	bl	100004f0 <gpio_set_pulls>
10000372:	4945      	ldr	r1, [pc, #276]	@ (10000488 <main+0x180>)
10000374:	4845      	ldr	r0, [pc, #276]	@ (1000048c <main+0x184>)
10000376:	f005 fea5 	bl	100060c4 <pio_add_program>
1000037a:	4604      	mov	r4, r0
1000037c:	2503      	movs	r5, #3
1000037e:	4621      	mov	r1, r4
10000380:	4843      	ldr	r0, [pc, #268]	@ (10000490 <main+0x188>)
10000382:	f003 fa27 	bl	100037d4 <__wrap_printf>
10000386:	2100      	movs	r1, #0
10000388:	4622      	mov	r2, r4
1000038a:	2319      	movs	r3, #25
1000038c:	483f      	ldr	r0, [pc, #252]	@ (1000048c <main+0x184>)
1000038e:	9500      	str	r5, [sp, #0]
10000390:	f7ff ff9c 	bl	100002cc <blink_pin_forever>
10000394:	f04f 4350 	mov.w	r3, #3489660928	@ 0xd0000000
10000398:	f44f 42f8 	mov.w	r2, #31744	@ 0x7c00
1000039c:	f8c3 20ac 	str.w	r2, [r3, #172]	@ 0xac
100003a0:	f000 fdea 	bl	10000f78 <alarm_pool_get_default>
100003a4:	4605      	mov	r5, r0
100003a6:	f000 fff1 	bl	1000138c <time_us_64>
100003aa:	f04f 3cff 	mov.w	ip, #4294967295	@ 0xffffffff
100003ae:	f06f 4400 	mvn.w	r4, #2147483648	@ 0x80000000
100003b2:	4a38      	ldr	r2, [pc, #224]	@ (10000494 <main+0x18c>)
100003b4:	1882      	adds	r2, r0, r2
100003b6:	f141 0300 	adc.w	r3, r1, #0
100003ba:	4594      	cmp	ip, r2
100003bc:	eb74 0103 	sbcs.w	r1, r4, r3
100003c0:	bf38      	it	cc
100003c2:	4623      	movcc	r3, r4
100003c4:	f04f 0400 	mov.w	r4, #0
100003c8:	4933      	ldr	r1, [pc, #204]	@ (10000498 <main+0x190>)
100003ca:	bf38      	it	cc
100003cc:	4662      	movcc	r2, ip
100003ce:	9100      	str	r1, [sp, #0]
100003d0:	4628      	mov	r0, r5
100003d2:	e9cd 4401 	strd	r4, r4, [sp, #4]
100003d6:	f000 fdd3 	bl	10000f80 <alarm_pool_add_alarm_at>
100003da:	2005      	movs	r0, #5
100003dc:	f001 f90a 	bl	100015f4 <clock_get_hz>
100003e0:	4601      	mov	r1, r0
100003e2:	482e      	ldr	r0, [pc, #184]	@ (1000049c <main+0x194>)
100003e4:	f003 f9f6 	bl	100037d4 <__wrap_printf>
100003e8:	2008      	movs	r0, #8
100003ea:	f001 f903 	bl	100015f4 <clock_get_hz>
100003ee:	4601      	mov	r1, r0
100003f0:	482b      	ldr	r0, [pc, #172]	@ (100004a0 <main+0x198>)
100003f2:	f003 f9ef 	bl	100037d4 <__wrap_printf>
100003f6:	f44f 31e1 	mov.w	r1, #115200	@ 0x1c200
100003fa:	482a      	ldr	r0, [pc, #168]	@ (100004a4 <main+0x19c>)
100003fc:	f001 f810 	bl	10001420 <uart_init>
10000400:	2102      	movs	r1, #2
10000402:	2004      	movs	r0, #4
10000404:	f000 f856 	bl	100004b4 <gpio_set_function>
10000408:	2102      	movs	r1, #2
1000040a:	2005      	movs	r0, #5
1000040c:	f000 f852 	bl	100004b4 <gpio_set_function>
10000410:	250d      	movs	r5, #13
10000412:	2120      	movs	r1, #32
10000414:	4622      	mov	r2, r4
10000416:	4b24      	ldr	r3, [pc, #144]	@ (100004a8 <main+0x1a0>)
10000418:	4824      	ldr	r0, [pc, #144]	@ (100004ac <main+0x1a4>)
1000041a:	f9b3 c002 	ldrsh.w	ip, [r3, #2]
1000041e:	4b21      	ldr	r3, [pc, #132]	@ (100004a4 <main+0x19c>)
10000420:	b9f2      	cbnz	r2, 10000460 <main+0x158>
10000422:	458c      	cmp	ip, r1
10000424:	d023      	beq.n	1000046e <main+0x166>
10000426:	699a      	ldr	r2, [r3, #24]
10000428:	0692      	lsls	r2, r2, #26
1000042a:	d4fc      	bmi.n	10000426 <main+0x11e>
1000042c:	6019      	str	r1, [r3, #0]
1000042e:	f810 2b01 	ldrb.w	r2, [r0], #1
10000432:	f1a2 020d 	sub.w	r2, r2, #13
10000436:	fab2 f282 	clz	r2, r2
1000043a:	7801      	ldrb	r1, [r0, #0]
1000043c:	0952      	lsrs	r2, r2, #5
1000043e:	2900      	cmp	r1, #0
10000440:	d1ee      	bne.n	10000420 <main+0x118>
10000442:	481b      	ldr	r0, [pc, #108]	@ (100004b0 <main+0x1a8>)
10000444:	f003 f946 	bl	100036d4 <__wrap_puts>
10000448:	f44f 707a 	mov.w	r0, #1000	@ 0x3e8
1000044c:	f000 feac 	bl	100011a8 <sleep_ms>
10000450:	4817      	ldr	r0, [pc, #92]	@ (100004b0 <main+0x1a8>)
10000452:	f003 f93f 	bl	100036d4 <__wrap_puts>
10000456:	f44f 707a 	mov.w	r0, #1000	@ 0x3e8
1000045a:	f000 fea5 	bl	100011a8 <sleep_ms>
1000045e:	e7f0      	b.n	10000442 <main+0x13a>
10000460:	699a      	ldr	r2, [r3, #24]
10000462:	0692      	lsls	r2, r2, #26
10000464:	d5e2      	bpl.n	1000042c <main+0x124>
10000466:	699a      	ldr	r2, [r3, #24]
10000468:	0692      	lsls	r2, r2, #26
1000046a:	d4f9      	bmi.n	10000460 <main+0x158>
1000046c:	e7de      	b.n	1000042c <main+0x124>
1000046e:	699a      	ldr	r2, [r3, #24]
10000470:	0694      	lsls	r4, r2, #26
10000472:	d4fc      	bmi.n	1000046e <main+0x166>
10000474:	601d      	str	r5, [r3, #0]
10000476:	e7d6      	b.n	10000426 <main+0x11e>
10000478:	000f4240 	.word	0x000f4240
1000047c:	40080000 	.word	0x40080000
10000480:	00061a80 	.word	0x00061a80
10000484:	2000121c 	.word	0x2000121c
10000488:	1000678c 	.word	0x1000678c
1000048c:	50200000 	.word	0x50200000
10000490:	100065a0 	.word	0x100065a0
10000494:	001e8480 	.word	0x001e8480
10000498:	10000235 	.word	0x10000235
1000049c:	100065b8 	.word	0x100065b8
100004a0:	100065dc 	.word	0x100065dc
100004a4:	40078000 	.word	0x40078000
100004a8:	20001e48 	.word	0x20001e48
100004ac:	1000658c 	.word	0x1000658c
100004b0:	100065fc 	.word	0x100065fc

100004b4 <gpio_set_function>:
100004b4:	b410      	push	{r4}
100004b6:	f44f 7480 	mov.w	r4, #256	@ 0x100
100004ba:	4b0c      	ldr	r3, [pc, #48]	@ (100004ec <gpio_set_function+0x38>)
100004bc:	f853 2020 	ldr.w	r2, [r3, r0, lsl #2]
100004c0:	eb03 0380 	add.w	r3, r3, r0, lsl #2
100004c4:	00c0      	lsls	r0, r0, #3
100004c6:	f082 0240 	eor.w	r2, r2, #64	@ 0x40
100004ca:	f100 4080 	add.w	r0, r0, #1073741824	@ 0x40000000
100004ce:	f503 5c80 	add.w	ip, r3, #4096	@ 0x1000
100004d2:	f002 02c0 	and.w	r2, r2, #192	@ 0xc0
100004d6:	f500 3020 	add.w	r0, r0, #163840	@ 0x28000
100004da:	f503 5340 	add.w	r3, r3, #12288	@ 0x3000
100004de:	f8cc 2000 	str.w	r2, [ip]
100004e2:	6041      	str	r1, [r0, #4]
100004e4:	601c      	str	r4, [r3, #0]
100004e6:	f85d 4b04 	ldr.w	r4, [sp], #4
100004ea:	4770      	bx	lr
100004ec:	40038004 	.word	0x40038004

100004f0 <gpio_set_pulls>:
100004f0:	b410      	push	{r4}
100004f2:	4c08      	ldr	r4, [pc, #32]	@ (10000514 <gpio_set_pulls+0x24>)
100004f4:	00c9      	lsls	r1, r1, #3
100004f6:	ea41 0182 	orr.w	r1, r1, r2, lsl #2
100004fa:	f854 2020 	ldr.w	r2, [r4, r0, lsl #2]
100004fe:	eb04 0380 	add.w	r3, r4, r0, lsl #2
10000502:	4051      	eors	r1, r2
10000504:	f503 5380 	add.w	r3, r3, #4096	@ 0x1000
10000508:	f001 010c 	and.w	r1, r1, #12
1000050c:	f85d 4b04 	ldr.w	r4, [sp], #4
10000510:	6019      	str	r1, [r3, #0]
10000512:	4770      	bx	lr
10000514:	40038004 	.word	0x40038004

10000518 <panic>:
10000518:	b40f      	push	{r0, r1, r2, r3}
1000051a:	b500      	push	{lr}
1000051c:	b083      	sub	sp, #12
1000051e:	9c04      	ldr	r4, [sp, #16]
10000520:	4807      	ldr	r0, [pc, #28]	@ (10000540 <panic+0x28>)
10000522:	f003 f8d7 	bl	100036d4 <__wrap_puts>
10000526:	b13c      	cbz	r4, 10000538 <panic+0x20>
10000528:	a905      	add	r1, sp, #20
1000052a:	4620      	mov	r0, r4
1000052c:	9101      	str	r1, [sp, #4]
1000052e:	f002 ff47 	bl	100033c0 <weak_raw_vprintf>
10000532:	4804      	ldr	r0, [pc, #16]	@ (10000544 <panic+0x2c>)
10000534:	f003 f8ce 	bl	100036d4 <__wrap_puts>
10000538:	2001      	movs	r0, #1
1000053a:	f002 ff59 	bl	100033f0 <_exit>
1000053e:	bf00      	nop
10000540:	1000660c 	.word	0x1000660c
10000544:	1000661c 	.word	0x1000661c

10000548 <hw_claim_lock>:
10000548:	f3ef 8010 	mrs	r0, PRIMASK
1000054c:	b672      	cpsid	i
1000054e:	4b06      	ldr	r3, [pc, #24]	@ (10000568 <hw_claim_lock+0x20>)
10000550:	e8d3 1fcf 	ldaexb	r1, [r3]
10000554:	2201      	movs	r2, #1
10000556:	2900      	cmp	r1, #0
10000558:	d1fa      	bne.n	10000550 <hw_claim_lock+0x8>
1000055a:	e8c3 2f41 	strexb	r1, r2, [r3]
1000055e:	2900      	cmp	r1, #0
10000560:	d1f6      	bne.n	10000550 <hw_claim_lock+0x8>
10000562:	f3bf 8f5f 	dmb	sy
10000566:	4770      	bx	lr
10000568:	20001567 	.word	0x20001567

1000056c <hw_claim_unlock>:
1000056c:	2300      	movs	r3, #0
1000056e:	4a03      	ldr	r2, [pc, #12]	@ (1000057c <hw_claim_unlock+0x10>)
10000570:	e8c2 3f8f 	stlb	r3, [r2]
10000574:	f380 8810 	msr	PRIMASK, r0
10000578:	4770      	bx	lr
1000057a:	bf00      	nop
1000057c:	20001567 	.word	0x20001567

10000580 <hw_claim_or_assert>:
10000580:	b570      	push	{r4, r5, r6, lr}
10000582:	4686      	mov	lr, r0
10000584:	f3ef 8510 	mrs	r5, PRIMASK
10000588:	b672      	cpsid	i
1000058a:	4c12      	ldr	r4, [pc, #72]	@ (100005d4 <hw_claim_or_assert+0x54>)
1000058c:	e8d4 6fcf 	ldaexb	r6, [r4]
10000590:	2001      	movs	r0, #1
10000592:	2e00      	cmp	r6, #0
10000594:	d1fa      	bne.n	1000058c <hw_claim_or_assert+0xc>
10000596:	e8c4 0f46 	strexb	r6, r0, [r4]
1000059a:	2e00      	cmp	r6, #0
1000059c:	d1f6      	bne.n	1000058c <hw_claim_or_assert+0xc>
1000059e:	f3bf 8f5f 	dmb	sy
100005a2:	f04f 0c01 	mov.w	ip, #1
100005a6:	08c8      	lsrs	r0, r1, #3
100005a8:	f001 0307 	and.w	r3, r1, #7
100005ac:	fa0c f303 	lsl.w	r3, ip, r3
100005b0:	f81e c000 	ldrb.w	ip, [lr, r0]
100005b4:	ea1c 0603 	ands.w	r6, ip, r3
100005b8:	d108      	bne.n	100005cc <hw_claim_or_assert+0x4c>
100005ba:	ea4c 0c03 	orr.w	ip, ip, r3
100005be:	f80e c000 	strb.w	ip, [lr, r0]
100005c2:	e8c4 6f8f 	stlb	r6, [r4]
100005c6:	f385 8810 	msr	PRIMASK, r5
100005ca:	bd70      	pop	{r4, r5, r6, pc}
100005cc:	4610      	mov	r0, r2
100005ce:	f7ff ffa3 	bl	10000518 <panic>
100005d2:	bf00      	nop
100005d4:	20001567 	.word	0x20001567

100005d8 <hw_claim_unused_from_range>:
100005d8:	b5f8      	push	{r3, r4, r5, r6, r7, lr}
100005da:	f3ef 8710 	mrs	r7, PRIMASK
100005de:	b672      	cpsid	i
100005e0:	4e1c      	ldr	r6, [pc, #112]	@ (10000654 <hw_claim_unused_from_range+0x7c>)
100005e2:	e8d6 5fcf 	ldaexb	r5, [r6]
100005e6:	2401      	movs	r4, #1
100005e8:	2d00      	cmp	r5, #0
100005ea:	d1fa      	bne.n	100005e2 <hw_claim_unused_from_range+0xa>
100005ec:	e8c6 4f45 	strexb	r5, r4, [r6]
100005f0:	2d00      	cmp	r5, #0
100005f2:	d1f6      	bne.n	100005e2 <hw_claim_unused_from_range+0xa>
100005f4:	f3bf 8f5f 	dmb	sy
100005f8:	429a      	cmp	r2, r3
100005fa:	d81b      	bhi.n	10000634 <hw_claim_unused_from_range+0x5c>
100005fc:	2501      	movs	r5, #1
100005fe:	e002      	b.n	10000606 <hw_claim_unused_from_range+0x2e>
10000600:	3201      	adds	r2, #1
10000602:	4293      	cmp	r3, r2
10000604:	d322      	bcc.n	1000064c <hw_claim_unused_from_range+0x74>
10000606:	08d4      	lsrs	r4, r2, #3
10000608:	f810 e004 	ldrb.w	lr, [r0, r4]
1000060c:	f002 0c07 	and.w	ip, r2, #7
10000610:	fa05 fc0c 	lsl.w	ip, r5, ip
10000614:	ea1e 0f0c 	tst.w	lr, ip
10000618:	d1f2      	bne.n	10000600 <hw_claim_unused_from_range+0x28>
1000061a:	ea4e 0e0c 	orr.w	lr, lr, ip
1000061e:	f800 e004 	strb.w	lr, [r0, r4]
10000622:	4610      	mov	r0, r2
10000624:	2300      	movs	r3, #0
10000626:	e8c6 3f8f 	stlb	r3, [r6]
1000062a:	f387 8810 	msr	PRIMASK, r7
1000062e:	4298      	cmp	r0, r3
10000630:	db07      	blt.n	10000642 <hw_claim_unused_from_range+0x6a>
10000632:	bdf8      	pop	{r3, r4, r5, r6, r7, pc}
10000634:	2300      	movs	r3, #0
10000636:	e8c6 3f8f 	stlb	r3, [r6]
1000063a:	f387 8810 	msr	PRIMASK, r7
1000063e:	f04f 30ff 	mov.w	r0, #4294967295	@ 0xffffffff
10000642:	2900      	cmp	r1, #0
10000644:	d0f5      	beq.n	10000632 <hw_claim_unused_from_range+0x5a>
10000646:	9806      	ldr	r0, [sp, #24]
10000648:	f7ff ff66 	bl	10000518 <panic>
1000064c:	f04f 30ff 	mov.w	r0, #4294967295	@ 0xffffffff
10000650:	e7e8      	b.n	10000624 <hw_claim_unused_from_range+0x4c>
10000652:	bf00      	nop
10000654:	20001567 	.word	0x20001567

10000658 <next_striped_spin_lock_num>:
10000658:	4a04      	ldr	r2, [pc, #16]	@ (1000066c <next_striped_spin_lock_num+0x14>)
1000065a:	7810      	ldrb	r0, [r2, #0]
1000065c:	1c43      	adds	r3, r0, #1
1000065e:	b2db      	uxtb	r3, r3
10000660:	2b18      	cmp	r3, #24
10000662:	bf28      	it	cs
10000664:	2310      	movcs	r3, #16
10000666:	7013      	strb	r3, [r2, #0]
10000668:	4770      	bx	lr
1000066a:	bf00      	nop
1000066c:	20001180 	.word	0x20001180

10000670 <spin_lock_claim_unused>:
10000670:	b510      	push	{r4, lr}
10000672:	4c05      	ldr	r4, [pc, #20]	@ (10000688 <spin_lock_claim_unused+0x18>)
10000674:	b082      	sub	sp, #8
10000676:	4601      	mov	r1, r0
10000678:	231f      	movs	r3, #31
1000067a:	2218      	movs	r2, #24
1000067c:	9400      	str	r4, [sp, #0]
1000067e:	4803      	ldr	r0, [pc, #12]	@ (1000068c <spin_lock_claim_unused+0x1c>)
10000680:	f7ff ffaa 	bl	100005d8 <hw_claim_unused_from_range>
10000684:	b002      	add	sp, #8
10000686:	bd10      	pop	{r4, pc}
10000688:	10006620 	.word	0x10006620
1000068c:	20001984 	.word	0x20001984

10000690 <spinlock_set_extexclall>:
10000690:	f04f 22e0 	mov.w	r2, #3758153728	@ 0xe000e000
10000694:	6893      	ldr	r3, [r2, #8]
10000696:	f043 5300 	orr.w	r3, r3, #536870912	@ 0x20000000
1000069a:	6093      	str	r3, [r2, #8]
1000069c:	4770      	bx	lr
1000069e:	bf00      	nop

100006a0 <spin_locks_reset>:
100006a0:	2100      	movs	r1, #0
100006a2:	4b04      	ldr	r3, [pc, #16]	@ (100006b4 <spin_locks_reset+0x14>)
100006a4:	f103 0220 	add.w	r2, r3, #32
100006a8:	e8c3 1f8f 	stlb	r1, [r3]
100006ac:	3301      	adds	r3, #1
100006ae:	4293      	cmp	r3, r2
100006b0:	d1fa      	bne.n	100006a8 <spin_locks_reset+0x8>
100006b2:	4770      	bx	lr
100006b4:	2000155c 	.word	0x2000155c

100006b8 <runtime_init_per_core_irq_priorities>:
100006b8:	f04f 23e0 	mov.w	r3, #3758153728	@ 0xe000e000
100006bc:	f04f 3280 	mov.w	r2, #2155905152	@ 0x80808080
100006c0:	f8c3 2400 	str.w	r2, [r3, #1024]	@ 0x400
100006c4:	f8c3 2404 	str.w	r2, [r3, #1028]	@ 0x404
100006c8:	f8c3 2408 	str.w	r2, [r3, #1032]	@ 0x408
100006cc:	f8c3 240c 	str.w	r2, [r3, #1036]	@ 0x40c
100006d0:	f8c3 2410 	str.w	r2, [r3, #1040]	@ 0x410
100006d4:	f8c3 2414 	str.w	r2, [r3, #1044]	@ 0x414
100006d8:	f8c3 2418 	str.w	r2, [r3, #1048]	@ 0x418
100006dc:	f8c3 241c 	str.w	r2, [r3, #1052]	@ 0x41c
100006e0:	f8c3 2420 	str.w	r2, [r3, #1056]	@ 0x420
100006e4:	f8c3 2424 	str.w	r2, [r3, #1060]	@ 0x424
100006e8:	f8c3 2428 	str.w	r2, [r3, #1064]	@ 0x428
100006ec:	f8c3 242c 	str.w	r2, [r3, #1068]	@ 0x42c
100006f0:	f8c3 2430 	str.w	r2, [r3, #1072]	@ 0x430
100006f4:	b662      	cpsie	i
100006f6:	4770      	bx	lr

100006f8 <irq_set_enabled>:
100006f8:	2301      	movs	r3, #1
100006fa:	f000 021f 	and.w	r2, r0, #31
100006fe:	4093      	lsls	r3, r2
10000700:	0940      	lsrs	r0, r0, #5
10000702:	b141      	cbz	r1, 10000716 <irq_set_enabled+0x1e>
10000704:	0080      	lsls	r0, r0, #2
10000706:	f100 4060 	add.w	r0, r0, #3758096384	@ 0xe0000000
1000070a:	f500 4061 	add.w	r0, r0, #57600	@ 0xe100
1000070e:	f8c0 3180 	str.w	r3, [r0, #384]	@ 0x180
10000712:	6003      	str	r3, [r0, #0]
10000714:	4770      	bx	lr
10000716:	4a02      	ldr	r2, [pc, #8]	@ (10000720 <irq_set_enabled+0x28>)
10000718:	3020      	adds	r0, #32
1000071a:	f842 3020 	str.w	r3, [r2, r0, lsl #2]
1000071e:	4770      	bx	lr
10000720:	e000e100 	.word	0xe000e100

10000724 <irq_is_enabled>:
10000724:	2301      	movs	r3, #1
10000726:	4a06      	ldr	r2, [pc, #24]	@ (10000740 <irq_is_enabled+0x1c>)
10000728:	0941      	lsrs	r1, r0, #5
1000072a:	f852 2021 	ldr.w	r2, [r2, r1, lsl #2]
1000072e:	f000 001f 	and.w	r0, r0, #31
10000732:	fa03 f000 	lsl.w	r0, r3, r0
10000736:	4010      	ands	r0, r2
10000738:	3800      	subs	r0, #0
1000073a:	bf18      	it	ne
1000073c:	2001      	movne	r0, #1
1000073e:	4770      	bx	lr
10000740:	e000e100 	.word	0xe000e100

10000744 <irq_set_pending>:
10000744:	2201      	movs	r2, #1
10000746:	0943      	lsrs	r3, r0, #5
10000748:	4903      	ldr	r1, [pc, #12]	@ (10000758 <irq_set_pending+0x14>)
1000074a:	f000 001f 	and.w	r0, r0, #31
1000074e:	4082      	lsls	r2, r0
10000750:	3340      	adds	r3, #64	@ 0x40
10000752:	f841 2023 	str.w	r2, [r1, r3, lsl #2]
10000756:	4770      	bx	lr
10000758:	e000e100 	.word	0xe000e100

1000075c <irq_has_shared_handler>:
1000075c:	4a05      	ldr	r2, [pc, #20]	@ (10000774 <irq_has_shared_handler+0x18>)
1000075e:	3010      	adds	r0, #16
10000760:	6892      	ldr	r2, [r2, #8]
10000762:	4b05      	ldr	r3, [pc, #20]	@ (10000778 <irq_has_shared_handler+0x1c>)
10000764:	f852 0020 	ldr.w	r0, [r2, r0, lsl #2]
10000768:	1ac0      	subs	r0, r0, r3
1000076a:	282f      	cmp	r0, #47	@ 0x2f
1000076c:	bf8c      	ite	hi
1000076e:	2000      	movhi	r0, #0
10000770:	2001      	movls	r0, #1
10000772:	4770      	bx	lr
10000774:	e000ed00 	.word	0xe000ed00
10000778:	20001184 	.word	0x20001184

1000077c <irq_set_exclusive_handler>:
1000077c:	b5f8      	push	{r3, r4, r5, r6, r7, lr}
1000077e:	460d      	mov	r5, r1
10000780:	f3ef 8710 	mrs	r7, PRIMASK
10000784:	b672      	cpsid	i
10000786:	4e12      	ldr	r6, [pc, #72]	@ (100007d0 <irq_set_exclusive_handler+0x54>)
10000788:	e8d6 2fcf 	ldaexb	r2, [r6]
1000078c:	2301      	movs	r3, #1
1000078e:	2a00      	cmp	r2, #0
10000790:	d1fa      	bne.n	10000788 <irq_set_exclusive_handler+0xc>
10000792:	e8c6 3f42 	strexb	r2, r3, [r6]
10000796:	2a00      	cmp	r2, #0
10000798:	d1f6      	bne.n	10000788 <irq_set_exclusive_handler+0xc>
1000079a:	f3bf 8f5f 	dmb	sy
1000079e:	4b0d      	ldr	r3, [pc, #52]	@ (100007d4 <irq_set_exclusive_handler+0x58>)
100007a0:	f100 0410 	add.w	r4, r0, #16
100007a4:	689b      	ldr	r3, [r3, #8]
100007a6:	4a0c      	ldr	r2, [pc, #48]	@ (100007d8 <irq_set_exclusive_handler+0x5c>)
100007a8:	f853 3024 	ldr.w	r3, [r3, r4, lsl #2]
100007ac:	4293      	cmp	r3, r2
100007ae:	d003      	beq.n	100007b8 <irq_set_exclusive_handler+0x3c>
100007b0:	4299      	cmp	r1, r3
100007b2:	d001      	beq.n	100007b8 <irq_set_exclusive_handler+0x3c>
100007b4:	f001 f828 	bl	10001808 <hard_assertion_failure>
100007b8:	4b06      	ldr	r3, [pc, #24]	@ (100007d4 <irq_set_exclusive_handler+0x58>)
100007ba:	689b      	ldr	r3, [r3, #8]
100007bc:	f843 5024 	str.w	r5, [r3, r4, lsl #2]
100007c0:	f3bf 8f5f 	dmb	sy
100007c4:	2300      	movs	r3, #0
100007c6:	e8c6 3f8f 	stlb	r3, [r6]
100007ca:	f387 8810 	msr	PRIMASK, r7
100007ce:	bdf8      	pop	{r3, r4, r5, r6, r7, pc}
100007d0:	20001565 	.word	0x20001565
100007d4:	e000ed00 	.word	0xe000ed00
100007d8:	10000111 	.word	0x10000111

100007dc <irq_add_shared_handler>:
100007dc:	e92d 4ff0 	stmdb	sp!, {r4, r5, r6, r7, r8, r9, sl, fp, lr}
100007e0:	4681      	mov	r9, r0
100007e2:	468b      	mov	fp, r1
100007e4:	4616      	mov	r6, r2
100007e6:	b083      	sub	sp, #12
100007e8:	f3ef 8310 	mrs	r3, PRIMASK
100007ec:	b672      	cpsid	i
100007ee:	f8df a1d0 	ldr.w	sl, [pc, #464]	@ 100009c0 <irq_add_shared_handler+0x1e4>
100007f2:	9300      	str	r3, [sp, #0]
100007f4:	e8da 1fcf 	ldaexb	r1, [sl]
100007f8:	2301      	movs	r3, #1
100007fa:	2900      	cmp	r1, #0
100007fc:	d1fa      	bne.n	100007f4 <irq_add_shared_handler+0x18>
100007fe:	e8ca 3f41 	strexb	r1, r3, [sl]
10000802:	2900      	cmp	r1, #0
10000804:	d1f6      	bne.n	100007f4 <irq_add_shared_handler+0x18>
10000806:	f3bf 8f5f 	dmb	sy
1000080a:	4b66      	ldr	r3, [pc, #408]	@ (100009a4 <irq_add_shared_handler+0x1c8>)
1000080c:	f993 4000 	ldrsb.w	r4, [r3]
10000810:	2c00      	cmp	r4, #0
10000812:	f2c0 80a0 	blt.w	10000956 <irq_add_shared_handler+0x17a>
10000816:	4d64      	ldr	r5, [pc, #400]	@ (100009a8 <irq_add_shared_handler+0x1cc>)
10000818:	eb04 0744 	add.w	r7, r4, r4, lsl #1
1000081c:	eb05 0887 	add.w	r8, r5, r7, lsl #2
10000820:	f898 1006 	ldrb.w	r1, [r8, #6]
10000824:	f109 0910 	add.w	r9, r9, #16
10000828:	7019      	strb	r1, [r3, #0]
1000082a:	4b60      	ldr	r3, [pc, #384]	@ (100009ac <irq_add_shared_handler+0x1d0>)
1000082c:	00bf      	lsls	r7, r7, #2
1000082e:	689b      	ldr	r3, [r3, #8]
10000830:	f853 0029 	ldr.w	r0, [r3, r9, lsl #2]
10000834:	0063      	lsls	r3, r4, #1
10000836:	1b41      	subs	r1, r0, r5
10000838:	292f      	cmp	r1, #47	@ 0x2f
1000083a:	d92f      	bls.n	1000089c <irq_add_shared_handler+0xc0>
1000083c:	495c      	ldr	r1, [pc, #368]	@ (100009b0 <irq_add_shared_handler+0x1d4>)
1000083e:	4288      	cmp	r0, r1
10000840:	f040 80a4 	bne.w	1000098c <irq_add_shared_handler+0x1b0>
10000844:	441c      	add	r4, r3
10000846:	4b5b      	ldr	r3, [pc, #364]	@ (100009b4 <irq_add_shared_handler+0x1d8>)
10000848:	3702      	adds	r7, #2
1000084a:	442f      	add	r7, r5
1000084c:	3b04      	subs	r3, #4
1000084e:	1bdb      	subs	r3, r3, r7
10000850:	f3c3 034a 	ubfx	r3, r3, #1, #11
10000854:	ea6f 43c3 	mvn.w	r3, r3, lsl #19
10000858:	f44f 4121 	mov.w	r1, #41216	@ 0xa100
1000085c:	ea6f 43d3 	mvn.w	r3, r3, lsr #19
10000860:	f825 1024 	strh.w	r1, [r5, r4, lsl #2]
10000864:	eb05 0484 	add.w	r4, r5, r4, lsl #2
10000868:	8063      	strh	r3, [r4, #2]
1000086a:	f64b 5301 	movw	r3, #48385	@ 0xbd01
1000086e:	80a3      	strh	r3, [r4, #4]
10000870:	23ff      	movs	r3, #255	@ 0xff
10000872:	f048 0001 	orr.w	r0, r8, #1
10000876:	71e6      	strb	r6, [r4, #7]
10000878:	f8c4 b008 	str.w	fp, [r4, #8]
1000087c:	71a3      	strb	r3, [r4, #6]
1000087e:	4b4b      	ldr	r3, [pc, #300]	@ (100009ac <irq_add_shared_handler+0x1d0>)
10000880:	689b      	ldr	r3, [r3, #8]
10000882:	f843 0029 	str.w	r0, [r3, r9, lsl #2]
10000886:	f3bf 8f5f 	dmb	sy
1000088a:	2300      	movs	r3, #0
1000088c:	e8ca 3f8f 	stlb	r3, [sl]
10000890:	9b00      	ldr	r3, [sp, #0]
10000892:	f383 8810 	msr	PRIMASK, r3
10000896:	b003      	add	sp, #12
10000898:	e8bd 8ff0 	ldmia.w	sp!, {r4, r5, r6, r7, r8, r9, sl, fp, pc}
1000089c:	f020 0e01 	bic.w	lr, r0, #1
100008a0:	f89e 1007 	ldrb.w	r1, [lr, #7]
100008a4:	42b1      	cmp	r1, r6
100008a6:	d82e      	bhi.n	10000906 <irq_add_shared_handler+0x12a>
100008a8:	f44f 4321 	mov.w	r3, #41216	@ 0xa100
100008ac:	53eb      	strh	r3, [r5, r7]
100008ae:	4b41      	ldr	r3, [pc, #260]	@ (100009b4 <irq_add_shared_handler+0x1d8>)
100008b0:	1cb9      	adds	r1, r7, #2
100008b2:	4429      	add	r1, r5
100008b4:	3b04      	subs	r3, #4
100008b6:	3704      	adds	r7, #4
100008b8:	1a5b      	subs	r3, r3, r1
100008ba:	442f      	add	r7, r5
100008bc:	f1ae 0104 	sub.w	r1, lr, #4
100008c0:	1bc9      	subs	r1, r1, r7
100008c2:	f3c1 044a 	ubfx	r4, r1, #1, #11
100008c6:	493c      	ldr	r1, [pc, #240]	@ (100009b8 <irq_add_shared_handler+0x1dc>)
100008c8:	f3c3 034a 	ubfx	r3, r3, #1, #11
100008cc:	430b      	orrs	r3, r1
100008ce:	4321      	orrs	r1, r4
100008d0:	f8a8 1004 	strh.w	r1, [r8, #4]
100008d4:	4939      	ldr	r1, [pc, #228]	@ (100009bc <irq_add_shared_handler+0x1e0>)
100008d6:	f8a8 3002 	strh.w	r3, [r8, #2]
100008da:	f64a 20aa 	movw	r0, #43690	@ 0xaaaa
100008de:	4673      	mov	r3, lr
100008e0:	1b5b      	subs	r3, r3, r5
100008e2:	415b      	adcs	r3, r3
100008e4:	4358      	muls	r0, r3
100008e6:	0d00      	lsrs	r0, r0, #20
100008e8:	f888 6007 	strb.w	r6, [r8, #7]
100008ec:	f888 0006 	strb.w	r0, [r8, #6]
100008f0:	f8c8 b008 	str.w	fp, [r8, #8]
100008f4:	f048 0001 	orr.w	r0, r8, #1
100008f8:	f8ce 1000 	str.w	r1, [lr]
100008fc:	e7bf      	b.n	1000087e <irq_add_shared_handler+0xa2>
100008fe:	79d1      	ldrb	r1, [r2, #7]
10000900:	42b1      	cmp	r1, r6
10000902:	d92e      	bls.n	10000962 <irq_add_shared_handler+0x186>
10000904:	4696      	mov	lr, r2
10000906:	f99e c006 	ldrsb.w	ip, [lr, #6]
1000090a:	eb0c 024c 	add.w	r2, ip, ip, lsl #1
1000090e:	f1bc 0f00 	cmp.w	ip, #0
10000912:	eb05 0282 	add.w	r2, r5, r2, lsl #2
10000916:	daf2      	bge.n	100008fe <irq_add_shared_handler+0x122>
10000918:	f64b 5101 	movw	r1, #48385	@ 0xbd01
1000091c:	f10e 0204 	add.w	r2, lr, #4
10000920:	f1a8 0704 	sub.w	r7, r8, #4
10000924:	1abf      	subs	r7, r7, r2
10000926:	f3c7 074a 	ubfx	r7, r7, #1, #11
1000092a:	ea6f 47c7 	mvn.w	r7, r7, lsl #19
1000092e:	ea6f 47d7 	mvn.w	r7, r7, lsr #19
10000932:	f88e 4006 	strb.w	r4, [lr, #6]
10000936:	eb03 0804 	add.w	r8, r3, r4
1000093a:	4c20      	ldr	r4, [pc, #128]	@ (100009bc <irq_add_shared_handler+0x1e0>)
1000093c:	eb05 0388 	add.w	r3, r5, r8, lsl #2
10000940:	f8ae 7004 	strh.w	r7, [lr, #4]
10000944:	f845 4028 	str.w	r4, [r5, r8, lsl #2]
10000948:	8099      	strh	r1, [r3, #4]
1000094a:	f883 c006 	strb.w	ip, [r3, #6]
1000094e:	71de      	strb	r6, [r3, #7]
10000950:	f8c3 b008 	str.w	fp, [r3, #8]
10000954:	e793      	b.n	1000087e <irq_add_shared_handler+0xa2>
10000956:	f000 ff57 	bl	10001808 <hard_assertion_failure>
1000095a:	4b12      	ldr	r3, [pc, #72]	@ (100009a4 <irq_add_shared_handler+0x1c8>)
1000095c:	f993 4000 	ldrsb.w	r4, [r3]
10000960:	e759      	b.n	10000816 <irq_add_shared_handler+0x3a>
10000962:	4672      	mov	r2, lr
10000964:	f832 1f04 	ldrh.w	r1, [r2, #4]!
10000968:	0549      	lsls	r1, r1, #21
1000096a:	d414      	bmi.n	10000996 <irq_add_shared_handler+0x1ba>
1000096c:	1549      	asrs	r1, r1, #21
1000096e:	3102      	adds	r1, #2
10000970:	eb02 0141 	add.w	r1, r2, r1, lsl #1
10000974:	9101      	str	r1, [sp, #4]
10000976:	f06f 0107 	mvn.w	r1, #7
1000097a:	1bc9      	subs	r1, r1, r7
1000097c:	9f01      	ldr	r7, [sp, #4]
1000097e:	1b49      	subs	r1, r1, r5
10000980:	4439      	add	r1, r7
10000982:	f3c1 014a 	ubfx	r1, r1, #1, #11
10000986:	f441 4160 	orr.w	r1, r1, #57344	@ 0xe000
1000098a:	e7c9      	b.n	10000920 <irq_add_shared_handler+0x144>
1000098c:	9301      	str	r3, [sp, #4]
1000098e:	f000 ff3b 	bl	10001808 <hard_assertion_failure>
10000992:	9b01      	ldr	r3, [sp, #4]
10000994:	e756      	b.n	10000844 <irq_add_shared_handler+0x68>
10000996:	f501 11ff 	add.w	r1, r1, #2088960	@ 0x1fe000
1000099a:	f501 51ff 	add.w	r1, r1, #8160	@ 0x1fe0
1000099e:	311f      	adds	r1, #31
100009a0:	e7e4      	b.n	1000096c <irq_add_shared_handler+0x190>
100009a2:	bf00      	nop
100009a4:	20001e60 	.word	0x20001e60
100009a8:	20001184 	.word	0x20001184
100009ac:	e000ed00 	.word	0xe000ed00
100009b0:	10000111 	.word	0x10000111
100009b4:	200011b4 	.word	0x200011b4
100009b8:	ffffe000 	.word	0xffffe000
100009bc:	47804801 	.word	0x47804801
100009c0:	20001565 	.word	0x20001565

100009c4 <irq_add_tail_to_free_list>:
100009c4:	b5f0      	push	{r4, r5, r6, r7, lr}
100009c6:	f3ef 8505 	mrs	r5, IPSR
100009ca:	b2ed      	uxtb	r5, r5
100009cc:	f3ef 8c10 	mrs	ip, PRIMASK
100009d0:	b672      	cpsid	i
100009d2:	4926      	ldr	r1, [pc, #152]	@ (10000a6c <irq_add_tail_to_free_list+0xa8>)
100009d4:	e8d1 2fcf 	ldaexb	r2, [r1]
100009d8:	2301      	movs	r3, #1
100009da:	2a00      	cmp	r2, #0
100009dc:	d1fa      	bne.n	100009d4 <irq_add_tail_to_free_list+0x10>
100009de:	e8c1 3f42 	strexb	r2, r3, [r1]
100009e2:	2a00      	cmp	r2, #0
100009e4:	d1f6      	bne.n	100009d4 <irq_add_tail_to_free_list+0x10>
100009e6:	f3bf 8f5f 	dmb	sy
100009ea:	4e21      	ldr	r6, [pc, #132]	@ (10000a70 <irq_add_tail_to_free_list+0xac>)
100009ec:	f040 0e01 	orr.w	lr, r0, #1
100009f0:	68b4      	ldr	r4, [r6, #8]
100009f2:	f64a 23aa 	movw	r3, #43690	@ 0xaaaa
100009f6:	f854 7025 	ldr.w	r7, [r4, r5, lsl #2]
100009fa:	4a1e      	ldr	r2, [pc, #120]	@ (10000a74 <irq_add_tail_to_free_list+0xb0>)
100009fc:	4604      	mov	r4, r0
100009fe:	1aa4      	subs	r4, r4, r2
10000a00:	4164      	adcs	r4, r4
10000a02:	4363      	muls	r3, r4
10000a04:	0d1b      	lsrs	r3, r3, #20
10000a06:	4577      	cmp	r7, lr
10000a08:	b25b      	sxtb	r3, r3
10000a0a:	d01b      	beq.n	10000a44 <irq_add_tail_to_free_list+0x80>
10000a0c:	f992 4006 	ldrsb.w	r4, [r2, #6]
10000a10:	429c      	cmp	r4, r3
10000a12:	d01c      	beq.n	10000a4e <irq_add_tail_to_free_list+0x8a>
10000a14:	f992 4012 	ldrsb.w	r4, [r2, #18]
10000a18:	429c      	cmp	r4, r3
10000a1a:	d023      	beq.n	10000a64 <irq_add_tail_to_free_list+0xa0>
10000a1c:	f992 401e 	ldrsb.w	r4, [r2, #30]
10000a20:	429c      	cmp	r4, r3
10000a22:	d021      	beq.n	10000a68 <irq_add_tail_to_free_list+0xa4>
10000a24:	f992 402a 	ldrsb.w	r4, [r2, #42]	@ 0x2a
10000a28:	429c      	cmp	r4, r3
10000a2a:	bf08      	it	eq
10000a2c:	2403      	moveq	r4, #3
10000a2e:	d00f      	beq.n	10000a50 <irq_add_tail_to_free_list+0x8c>
10000a30:	4a11      	ldr	r2, [pc, #68]	@ (10000a78 <irq_add_tail_to_free_list+0xb4>)
10000a32:	2400      	movs	r4, #0
10000a34:	7815      	ldrb	r5, [r2, #0]
10000a36:	7013      	strb	r3, [r2, #0]
10000a38:	7185      	strb	r5, [r0, #6]
10000a3a:	e8c1 4f8f 	stlb	r4, [r1]
10000a3e:	f38c 8810 	msr	PRIMASK, ip
10000a42:	bdf0      	pop	{r4, r5, r6, r7, pc}
10000a44:	68b2      	ldr	r2, [r6, #8]
10000a46:	4c0d      	ldr	r4, [pc, #52]	@ (10000a7c <irq_add_tail_to_free_list+0xb8>)
10000a48:	f842 4025 	str.w	r4, [r2, r5, lsl #2]
10000a4c:	e7f0      	b.n	10000a30 <irq_add_tail_to_free_list+0x6c>
10000a4e:	2400      	movs	r4, #0
10000a50:	eb04 0444 	add.w	r4, r4, r4, lsl #1
10000a54:	eb02 0284 	add.w	r2, r2, r4, lsl #2
10000a58:	24ff      	movs	r4, #255	@ 0xff
10000a5a:	7194      	strb	r4, [r2, #6]
10000a5c:	f64b 5401 	movw	r4, #48385	@ 0xbd01
10000a60:	8094      	strh	r4, [r2, #4]
10000a62:	e7e5      	b.n	10000a30 <irq_add_tail_to_free_list+0x6c>
10000a64:	2401      	movs	r4, #1
10000a66:	e7f3      	b.n	10000a50 <irq_add_tail_to_free_list+0x8c>
10000a68:	2402      	movs	r4, #2
10000a6a:	e7f1      	b.n	10000a50 <irq_add_tail_to_free_list+0x8c>
10000a6c:	20001565 	.word	0x20001565
10000a70:	e000ed00 	.word	0xe000ed00
10000a74:	20001184 	.word	0x20001184
10000a78:	20001e60 	.word	0x20001e60
10000a7c:	10000111 	.word	0x10000111

10000a80 <user_irq_claim_unused>:
10000a80:	b510      	push	{r4, lr}
10000a82:	4c07      	ldr	r4, [pc, #28]	@ (10000aa0 <user_irq_claim_unused+0x20>)
10000a84:	b082      	sub	sp, #8
10000a86:	4601      	mov	r1, r0
10000a88:	2305      	movs	r3, #5
10000a8a:	2200      	movs	r2, #0
10000a8c:	9400      	str	r4, [sp, #0]
10000a8e:	4805      	ldr	r0, [pc, #20]	@ (10000aa4 <user_irq_claim_unused+0x24>)
10000a90:	f7ff fda2 	bl	100005d8 <hw_claim_unused_from_range>
10000a94:	2800      	cmp	r0, #0
10000a96:	bfa8      	it	ge
10000a98:	f1c0 0033 	rsbge	r0, r0, #51	@ 0x33
10000a9c:	b002      	add	sp, #8
10000a9e:	bd10      	pop	{r4, pc}
10000aa0:	1000663c 	.word	0x1000663c
10000aa4:	20001e64 	.word	0x20001e64

10000aa8 <lock_init>:
10000aa8:	4b01      	ldr	r3, [pc, #4]	@ (10000ab0 <lock_init+0x8>)
10000aaa:	440b      	add	r3, r1
10000aac:	6003      	str	r3, [r0, #0]
10000aae:	4770      	bx	lr
10000ab0:	2000155c 	.word	0x2000155c

10000ab4 <runtime_init_mutex>:
10000ab4:	b570      	push	{r4, r5, r6, lr}
10000ab6:	4c10      	ldr	r4, [pc, #64]	@ (10000af8 <runtime_init_mutex+0x44>)
10000ab8:	4d10      	ldr	r5, [pc, #64]	@ (10000afc <runtime_init_mutex+0x48>)
10000aba:	42ac      	cmp	r4, r5
10000abc:	d20e      	bcs.n	10000adc <runtime_init_mutex+0x28>
10000abe:	26ff      	movs	r6, #255	@ 0xff
10000ac0:	6823      	ldr	r3, [r4, #0]
10000ac2:	b163      	cbz	r3, 10000ade <runtime_init_mutex+0x2a>
10000ac4:	f7ff fdc8 	bl	10000658 <next_striped_spin_lock_num>
10000ac8:	4601      	mov	r1, r0
10000aca:	4620      	mov	r0, r4
10000acc:	f7ff ffec 	bl	10000aa8 <lock_init>
10000ad0:	80a6      	strh	r6, [r4, #4]
10000ad2:	f3bf 8f5f 	dmb	sy
10000ad6:	3408      	adds	r4, #8
10000ad8:	42ac      	cmp	r4, r5
10000ada:	d3f1      	bcc.n	10000ac0 <runtime_init_mutex+0xc>
10000adc:	bd70      	pop	{r4, r5, r6, pc}
10000ade:	f7ff fdbb 	bl	10000658 <next_striped_spin_lock_num>
10000ae2:	4601      	mov	r1, r0
10000ae4:	4620      	mov	r0, r4
10000ae6:	f7ff ffdf 	bl	10000aa8 <lock_init>
10000aea:	7126      	strb	r6, [r4, #4]
10000aec:	f3bf 8f5f 	dmb	sy
10000af0:	3408      	adds	r4, #8
10000af2:	42ac      	cmp	r4, r5
10000af4:	d3e4      	bcc.n	10000ac0 <runtime_init_mutex+0xc>
10000af6:	bd70      	pop	{r4, r5, r6, pc}
10000af8:	20001224 	.word	0x20001224
10000afc:	2000122c 	.word	0x2000122c

10000b00 <mutex_init>:
10000b00:	b510      	push	{r4, lr}
10000b02:	4604      	mov	r4, r0
10000b04:	f7ff fda8 	bl	10000658 <next_striped_spin_lock_num>
10000b08:	4601      	mov	r1, r0
10000b0a:	4620      	mov	r0, r4
10000b0c:	f7ff ffcc 	bl	10000aa8 <lock_init>
10000b10:	23ff      	movs	r3, #255	@ 0xff
10000b12:	7123      	strb	r3, [r4, #4]
10000b14:	f3bf 8f5f 	dmb	sy
10000b18:	bd10      	pop	{r4, pc}
10000b1a:	bf00      	nop

10000b1c <critical_section_init>:
10000b1c:	b510      	push	{r4, lr}
10000b1e:	4604      	mov	r4, r0
10000b20:	2001      	movs	r0, #1
10000b22:	f7ff fda5 	bl	10000670 <spin_lock_claim_unused>
10000b26:	4b03      	ldr	r3, [pc, #12]	@ (10000b34 <critical_section_init+0x18>)
10000b28:	4403      	add	r3, r0
10000b2a:	6023      	str	r3, [r4, #0]
10000b2c:	f3bf 8f5f 	dmb	sy
10000b30:	bd10      	pop	{r4, pc}
10000b32:	bf00      	nop
10000b34:	2000155c 	.word	0x2000155c

10000b38 <critical_section_init_with_lock_num>:
10000b38:	4b02      	ldr	r3, [pc, #8]	@ (10000b44 <critical_section_init_with_lock_num+0xc>)
10000b3a:	440b      	add	r3, r1
10000b3c:	6003      	str	r3, [r0, #0]
10000b3e:	f3bf 8f5f 	dmb	sy
10000b42:	4770      	bx	lr
10000b44:	2000155c 	.word	0x2000155c

10000b48 <sleep_until_callback>:
10000b48:	4b0d      	ldr	r3, [pc, #52]	@ (10000b80 <sleep_until_callback+0x38>)
10000b4a:	681a      	ldr	r2, [r3, #0]
10000b4c:	f3ef 8110 	mrs	r1, PRIMASK
10000b50:	b672      	cpsid	i
10000b52:	e8d2 cfcf 	ldaexb	ip, [r2]
10000b56:	2001      	movs	r0, #1
10000b58:	f1bc 0f00 	cmp.w	ip, #0
10000b5c:	d1f9      	bne.n	10000b52 <sleep_until_callback+0xa>
10000b5e:	e8c2 0f4c 	strexb	ip, r0, [r2]
10000b62:	f1bc 0f00 	cmp.w	ip, #0
10000b66:	d1f4      	bne.n	10000b52 <sleep_until_callback+0xa>
10000b68:	f3bf 8f5f 	dmb	sy
10000b6c:	2200      	movs	r2, #0
10000b6e:	681b      	ldr	r3, [r3, #0]
10000b70:	e8c3 2f8f 	stlb	r2, [r3]
10000b74:	f381 8810 	msr	PRIMASK, r1
10000b78:	bf40      	sev
10000b7a:	2000      	movs	r0, #0
10000b7c:	2100      	movs	r1, #0
10000b7e:	4770      	bx	lr
10000b80:	20001e3c 	.word	0x20001e3c
10000b84:	00000000 	.word	0x00000000

10000b88 <alarm_pool_irq_handler>:
10000b88:	e92d 4ff0 	stmdb	sp!, {r4, r5, r6, r7, r8, r9, sl, fp, lr}
10000b8c:	ed2d 8b02 	vpush	{d8}
10000b90:	b085      	sub	sp, #20
10000b92:	f3ef 8305 	mrs	r3, IPSR
10000b96:	b2db      	uxtb	r3, r3
10000b98:	3b10      	subs	r3, #16
10000b9a:	089a      	lsrs	r2, r3, #2
10000b9c:	bf18      	it	ne
10000b9e:	2201      	movne	r2, #1
10000ba0:	f04f 0101 	mov.w	r1, #1
10000ba4:	f003 0b03 	and.w	fp, r3, #3
10000ba8:	bf18      	it	ne
10000baa:	4daf      	ldrne	r5, [pc, #700]	@ (10000e68 <alarm_pool_irq_handler+0x2e0>)
10000bac:	4baf      	ldr	r3, [pc, #700]	@ (10000e6c <alarm_pool_irq_handler+0x2e4>)
10000bae:	bf08      	it	eq
10000bb0:	4daf      	ldreq	r5, [pc, #700]	@ (10000e70 <alarm_pool_irq_handler+0x2e8>)
10000bb2:	eb0b 0282 	add.w	r2, fp, r2, lsl #2
10000bb6:	f853 6022 	ldr.w	r6, [r3, r2, lsl #2]
10000bba:	fa01 f20b 	lsl.w	r2, r1, fp
10000bbe:	f505 5341 	add.w	r3, r5, #12352	@ 0x3040
10000bc2:	ed9f 8ba7 	vldr	d8, [pc, #668]	@ 10000e60 <alarm_pool_irq_handler+0x2d8>
10000bc6:	9201      	str	r2, [sp, #4]
10000bc8:	605a      	str	r2, [r3, #4]
10000bca:	e02f      	b.n	10000c2c <alarm_pool_irq_handler+0xa4>
10000bcc:	88b3      	ldrh	r3, [r6, #4]
10000bce:	041c      	lsls	r4, r3, #16
10000bd0:	f140 8093 	bpl.w	10000cfa <alarm_pool_irq_handler+0x172>
10000bd4:	79b3      	ldrb	r3, [r6, #6]
10000bd6:	2b00      	cmp	r3, #0
10000bd8:	f040 80dd 	bne.w	10000d96 <alarm_pool_irq_handler+0x20e>
10000bdc:	f9b6 2008 	ldrsh.w	r2, [r6, #8]
10000be0:	2a00      	cmp	r2, #0
10000be2:	f2c0 811e 	blt.w	10000e22 <alarm_pool_irq_handler+0x29a>
10000be6:	6973      	ldr	r3, [r6, #20]
10000be8:	eb02 0242 	add.w	r2, r2, r2, lsl #1
10000bec:	eb03 03c2 	add.w	r3, r3, r2, lsl #3
10000bf0:	e9d3 4702 	ldrd	r4, r7, [r3, #8]
10000bf4:	f1b7 3fff 	cmp.w	r7, #4294967295	@ 0xffffffff
10000bf8:	bf08      	it	eq
10000bfa:	f1b4 3fff 	cmpeq.w	r4, #4294967295	@ 0xffffffff
10000bfe:	d00e      	beq.n	10000c1e <alarm_pool_irq_handler+0x96>
10000c00:	eb05 018b 	add.w	r1, r5, fp, lsl #2
10000c04:	6aab      	ldr	r3, [r5, #40]	@ 0x28
10000c06:	690a      	ldr	r2, [r1, #16]
10000c08:	1ad2      	subs	r2, r2, r3
10000c0a:	1ae3      	subs	r3, r4, r3
10000c0c:	4293      	cmp	r3, r2
10000c0e:	d305      	bcc.n	10000c1c <alarm_pool_irq_handler+0x94>
10000c10:	2301      	movs	r3, #1
10000c12:	6a2a      	ldr	r2, [r5, #32]
10000c14:	fa03 f30b 	lsl.w	r3, r3, fp
10000c18:	4213      	tst	r3, r2
10000c1a:	d100      	bne.n	10000c1e <alarm_pool_irq_handler+0x96>
10000c1c:	610c      	str	r4, [r1, #16]
10000c1e:	4628      	mov	r0, r5
10000c20:	f000 fbac 	bl	1000137c <timer_time_us_64>
10000c24:	42a0      	cmp	r0, r4
10000c26:	41b9      	sbcs	r1, r7
10000c28:	f2c0 80fb 	blt.w	10000e22 <alarm_pool_irq_handler+0x29a>
10000c2c:	f9b6 3008 	ldrsh.w	r3, [r6, #8]
10000c30:	9a01      	ldr	r2, [sp, #4]
10000c32:	2b00      	cmp	r3, #0
10000c34:	9300      	str	r3, [sp, #0]
10000c36:	63ea      	str	r2, [r5, #60]	@ 0x3c
10000c38:	dbc8      	blt.n	10000bcc <alarm_pool_irq_handler+0x44>
10000c3a:	f8d6 8014 	ldr.w	r8, [r6, #20]
10000c3e:	eb03 0943 	add.w	r9, r3, r3, lsl #1
10000c42:	4628      	mov	r0, r5
10000c44:	eb08 07c9 	add.w	r7, r8, r9, lsl #3
10000c48:	e9d7 4a02 	ldrd	r4, sl, [r7, #8]
10000c4c:	f000 fb96 	bl	1000137c <timer_time_us_64>
10000c50:	42a0      	cmp	r0, r4
10000c52:	eb71 010a 	sbcs.w	r1, r1, sl
10000c56:	dbb9      	blt.n	10000bcc <alarm_pool_irq_handler+0x44>
10000c58:	f1ba 0f00 	cmp.w	sl, #0
10000c5c:	f2c0 80c3 	blt.w	10000de6 <alarm_pool_irq_handler+0x25e>
10000c60:	e9d7 3104 	ldrd	r3, r1, [r7, #16]
10000c64:	4a83      	ldr	r2, [pc, #524]	@ (10000e74 <alarm_pool_irq_handler+0x2ec>)
10000c66:	4293      	cmp	r3, r2
10000c68:	f000 80ed 	beq.w	10000e46 <alarm_pool_irq_handler+0x2be>
10000c6c:	887a      	ldrh	r2, [r7, #2]
10000c6e:	f9b6 0008 	ldrsh.w	r0, [r6, #8]
10000c72:	b292      	uxth	r2, r2
10000c74:	ea42 4000 	orr.w	r0, r2, r0, lsl #16
10000c78:	4798      	blx	r3
10000c7a:	4602      	mov	r2, r0
10000c7c:	460b      	mov	r3, r1
10000c7e:	ea52 0103 	orrs.w	r1, r2, r3
10000c82:	f000 80b0 	beq.w	10000de6 <alarm_pool_irq_handler+0x25e>
10000c86:	2b00      	cmp	r3, #0
10000c88:	f280 80d1 	bge.w	10000e2e <alarm_pool_irq_handler+0x2a6>
10000c8c:	ebb4 0e02 	subs.w	lr, r4, r2
10000c90:	eb6a 0a03 	sbc.w	sl, sl, r3
10000c94:	f938 3039 	ldrsh.w	r3, [r8, r9, lsl #3]
10000c98:	e9c7 ea02 	strd	lr, sl, [r7, #8]
10000c9c:	2b00      	cmp	r3, #0
10000c9e:	db95      	blt.n	10000bcc <alarm_pool_irq_handler+0x44>
10000ca0:	6971      	ldr	r1, [r6, #20]
10000ca2:	eb03 0243 	add.w	r2, r3, r3, lsl #1
10000ca6:	eb01 02c2 	add.w	r2, r1, r2, lsl #3
10000caa:	e9d2 7002 	ldrd	r7, r0, [r2, #8]
10000cae:	45be      	cmp	lr, r7
10000cb0:	eb7a 0c00 	sbcs.w	ip, sl, r0
10000cb4:	ea4f 0243 	mov.w	r2, r3, lsl #1
10000cb8:	db88      	blt.n	10000bcc <alarm_pool_irq_handler+0x44>
10000cba:	46b4      	mov	ip, r6
10000cbc:	f82c 3f08 	strh.w	r3, [ip, #8]!
10000cc0:	e006      	b.n	10000cd0 <alarm_pool_irq_handler+0x148>
10000cc2:	eb03 0043 	add.w	r0, r3, r3, lsl #1
10000cc6:	eb01 00c0 	add.w	r0, r1, r0, lsl #3
10000cca:	005a      	lsls	r2, r3, #1
10000ccc:	e9d0 7002 	ldrd	r7, r0, [r0, #8]
10000cd0:	45be      	cmp	lr, r7
10000cd2:	441a      	add	r2, r3
10000cd4:	eb7a 0000 	sbcs.w	r0, sl, r0
10000cd8:	eb01 04c2 	add.w	r4, r1, r2, lsl #3
10000cdc:	db04      	blt.n	10000ce8 <alarm_pool_irq_handler+0x160>
10000cde:	f931 3032 	ldrsh.w	r3, [r1, r2, lsl #3]
10000ce2:	46a4      	mov	ip, r4
10000ce4:	2b00      	cmp	r3, #0
10000ce6:	daec      	bge.n	10000cc2 <alarm_pool_irq_handler+0x13a>
10000ce8:	f828 3039 	strh.w	r3, [r8, r9, lsl #3]
10000cec:	9b00      	ldr	r3, [sp, #0]
10000cee:	f8ac 3000 	strh.w	r3, [ip]
10000cf2:	88b3      	ldrh	r3, [r6, #4]
10000cf4:	041c      	lsls	r4, r3, #16
10000cf6:	f53f af6d 	bmi.w	10000bd4 <alarm_pool_irq_handler+0x4c>
10000cfa:	6933      	ldr	r3, [r6, #16]
10000cfc:	f3ef 8210 	mrs	r2, PRIMASK
10000d00:	b672      	cpsid	i
10000d02:	e8d3 0fcf 	ldaexb	r0, [r3]
10000d06:	2101      	movs	r1, #1
10000d08:	2800      	cmp	r0, #0
10000d0a:	d1fa      	bne.n	10000d02 <alarm_pool_irq_handler+0x17a>
10000d0c:	e8c3 1f40 	strexb	r0, r1, [r3]
10000d10:	2800      	cmp	r0, #0
10000d12:	d1f6      	bne.n	10000d02 <alarm_pool_irq_handler+0x17a>
10000d14:	f3bf 8f5f 	dmb	sy
10000d18:	f64f 74ff 	movw	r4, #65535	@ 0xffff
10000d1c:	88b0      	ldrh	r0, [r6, #4]
10000d1e:	2300      	movs	r3, #0
10000d20:	6931      	ldr	r1, [r6, #16]
10000d22:	b200      	sxth	r0, r0
10000d24:	80b4      	strh	r4, [r6, #4]
10000d26:	e8c1 3f8f 	stlb	r3, [r1]
10000d2a:	f382 8810 	msr	PRIMASK, r2
10000d2e:	4298      	cmp	r0, r3
10000d30:	f6ff af50 	blt.w	10000bd4 <alarm_pool_irq_handler+0x4c>
10000d34:	4607      	mov	r7, r0
10000d36:	46a9      	mov	r9, r5
10000d38:	6974      	ldr	r4, [r6, #20]
10000d3a:	f106 0808 	add.w	r8, r6, #8
10000d3e:	eb07 0e47 	add.w	lr, r7, r7, lsl #1
10000d42:	eb04 03ce 	add.w	r3, r4, lr, lsl #3
10000d46:	e9d3 5002 	ldrd	r5, r0, [r3, #8]
10000d4a:	f9b6 3008 	ldrsh.w	r3, [r6, #8]
10000d4e:	46c4      	mov	ip, r8
10000d50:	2b00      	cmp	r3, #0
10000d52:	db13      	blt.n	10000d7c <alarm_pool_irq_handler+0x1f4>
10000d54:	46b2      	mov	sl, r6
10000d56:	9700      	str	r7, [sp, #0]
10000d58:	e004      	b.n	10000d64 <alarm_pool_irq_handler+0x1dc>
10000d5a:	f934 3036 	ldrsh.w	r3, [r4, r6, lsl #3]
10000d5e:	4694      	mov	ip, r2
10000d60:	2b00      	cmp	r3, #0
10000d62:	db09      	blt.n	10000d78 <alarm_pool_irq_handler+0x1f0>
10000d64:	eb03 0643 	add.w	r6, r3, r3, lsl #1
10000d68:	eb04 02c6 	add.w	r2, r4, r6, lsl #3
10000d6c:	e9d2 7102 	ldrd	r7, r1, [r2, #8]
10000d70:	42bd      	cmp	r5, r7
10000d72:	eb70 0101 	sbcs.w	r1, r0, r1
10000d76:	daf0      	bge.n	10000d5a <alarm_pool_irq_handler+0x1d2>
10000d78:	4656      	mov	r6, sl
10000d7a:	9f00      	ldr	r7, [sp, #0]
10000d7c:	f8ac 7000 	strh.w	r7, [ip]
10000d80:	f934 703e 	ldrsh.w	r7, [r4, lr, lsl #3]
10000d84:	f824 303e 	strh.w	r3, [r4, lr, lsl #3]
10000d88:	2f00      	cmp	r7, #0
10000d8a:	dad8      	bge.n	10000d3e <alarm_pool_irq_handler+0x1b6>
10000d8c:	79b3      	ldrb	r3, [r6, #6]
10000d8e:	464d      	mov	r5, r9
10000d90:	2b00      	cmp	r3, #0
10000d92:	f43f af23 	beq.w	10000bdc <alarm_pool_irq_handler+0x54>
10000d96:	2300      	movs	r3, #0
10000d98:	71b3      	strb	r3, [r6, #6]
10000d9a:	f9b6 3008 	ldrsh.w	r3, [r6, #8]
10000d9e:	f106 0808 	add.w	r8, r6, #8
10000da2:	1c58      	adds	r0, r3, #1
10000da4:	d03d      	beq.n	10000e22 <alarm_pool_irq_handler+0x29a>
10000da6:	461a      	mov	r2, r3
10000da8:	6977      	ldr	r7, [r6, #20]
10000daa:	e003      	b.n	10000db4 <alarm_pool_irq_handler+0x22c>
10000dac:	4680      	mov	r8, r0
10000dae:	1c59      	adds	r1, r3, #1
10000db0:	f43f af16 	beq.w	10000be0 <alarm_pool_irq_handler+0x58>
10000db4:	eb03 0143 	add.w	r1, r3, r3, lsl #1
10000db8:	eb07 00c1 	add.w	r0, r7, r1, lsl #3
10000dbc:	f8b0 c002 	ldrh.w	ip, [r0, #2]
10000dc0:	461c      	mov	r4, r3
10000dc2:	f41c 4f00 	tst.w	ip, #32768	@ 0x8000
10000dc6:	469e      	mov	lr, r3
10000dc8:	f937 3031 	ldrsh.w	r3, [r7, r1, lsl #3]
10000dcc:	d0ee      	beq.n	10000dac <alarm_pool_irq_handler+0x224>
10000dce:	4294      	cmp	r4, r2
10000dd0:	ed80 8b02 	vstr	d8, [r0, #8]
10000dd4:	d005      	beq.n	10000de2 <alarm_pool_irq_handler+0x25a>
10000dd6:	f8a8 3000 	strh.w	r3, [r8]
10000dda:	8932      	ldrh	r2, [r6, #8]
10000ddc:	f827 2031 	strh.w	r2, [r7, r1, lsl #3]
10000de0:	8134      	strh	r4, [r6, #8]
10000de2:	4672      	mov	r2, lr
10000de4:	e7e3      	b.n	10000dae <alarm_pool_irq_handler+0x226>
10000de6:	f838 3039 	ldrh.w	r3, [r8, r9, lsl #3]
10000dea:	8133      	strh	r3, [r6, #8]
10000dec:	6933      	ldr	r3, [r6, #16]
10000dee:	f3ef 8210 	mrs	r2, PRIMASK
10000df2:	b672      	cpsid	i
10000df4:	e8d3 0fcf 	ldaexb	r0, [r3]
10000df8:	2101      	movs	r1, #1
10000dfa:	2800      	cmp	r0, #0
10000dfc:	d1fa      	bne.n	10000df4 <alarm_pool_irq_handler+0x26c>
10000dfe:	e8c3 1f40 	strexb	r0, r1, [r3]
10000e02:	2800      	cmp	r0, #0
10000e04:	d1f6      	bne.n	10000df4 <alarm_pool_irq_handler+0x26c>
10000e06:	f3bf 8f5f 	dmb	sy
10000e0a:	8873      	ldrh	r3, [r6, #2]
10000e0c:	6931      	ldr	r1, [r6, #16]
10000e0e:	f828 3039 	strh.w	r3, [r8, r9, lsl #3]
10000e12:	9b00      	ldr	r3, [sp, #0]
10000e14:	8073      	strh	r3, [r6, #2]
10000e16:	2300      	movs	r3, #0
10000e18:	e8c1 3f8f 	stlb	r3, [r1]
10000e1c:	f382 8810 	msr	PRIMASK, r2
10000e20:	e6d4      	b.n	10000bcc <alarm_pool_irq_handler+0x44>
10000e22:	bf40      	sev
10000e24:	b005      	add	sp, #20
10000e26:	ecbd 8b02 	vpop	{d8}
10000e2a:	e8bd 8ff0 	ldmia.w	sp!, {r4, r5, r6, r7, r8, r9, sl, fp, pc}
10000e2e:	4628      	mov	r0, r5
10000e30:	e9cd 2302 	strd	r2, r3, [sp, #8]
10000e34:	f000 faa2 	bl	1000137c <timer_time_us_64>
10000e38:	9a02      	ldr	r2, [sp, #8]
10000e3a:	9b03      	ldr	r3, [sp, #12]
10000e3c:	eb10 0e02 	adds.w	lr, r0, r2
10000e40:	eb43 0a01 	adc.w	sl, r3, r1
10000e44:	e726      	b.n	10000c94 <alarm_pool_irq_handler+0x10c>
10000e46:	4608      	mov	r0, r1
10000e48:	690b      	ldr	r3, [r1, #16]
10000e4a:	9102      	str	r1, [sp, #8]
10000e4c:	4798      	blx	r3
10000e4e:	2800      	cmp	r0, #0
10000e50:	d0c9      	beq.n	10000de6 <alarm_pool_irq_handler+0x25e>
10000e52:	9902      	ldr	r1, [sp, #8]
10000e54:	e9d1 2300 	ldrd	r2, r3, [r1]
10000e58:	e711      	b.n	10000c7e <alarm_pool_irq_handler+0xf6>
10000e5a:	bf00      	nop
10000e5c:	f3af 8000 	nop.w
10000e60:	ffffffff 	.word	0xffffffff
10000e64:	ffffffff 	.word	0xffffffff
10000e68:	400b8000 	.word	0x400b8000
10000e6c:	20001e14 	.word	0x20001e14
10000e70:	400b0000 	.word	0x400b0000
10000e74:	10000b89 	.word	0x10000b89

10000e78 <runtime_init_default_alarm_pool>:
10000e78:	e92d 4ff8 	stmdb	sp!, {r3, r4, r5, r6, r7, r8, r9, sl, fp, lr}
10000e7c:	4c36      	ldr	r4, [pc, #216]	@ (10000f58 <runtime_init_default_alarm_pool+0xe0>)
10000e7e:	6925      	ldr	r5, [r4, #16]
10000e80:	b12d      	cbz	r5, 10000e8e <runtime_init_default_alarm_pool+0x16>
10000e82:	e8bd 4ff8 	ldmia.w	sp!, {r3, r4, r5, r6, r7, r8, r9, sl, fp, lr}
10000e86:	210a      	movs	r1, #10
10000e88:	4834      	ldr	r0, [pc, #208]	@ (10000f5c <runtime_init_default_alarm_pool+0xe4>)
10000e8a:	f7ff be0d 	b.w	10000aa8 <lock_init>
10000e8e:	f8df 80e4 	ldr.w	r8, [pc, #228]	@ 10000f74 <runtime_init_default_alarm_pool+0xfc>
10000e92:	2103      	movs	r1, #3
10000e94:	4640      	mov	r0, r8
10000e96:	f000 fa5f 	bl	10001358 <timer_hardware_alarm_claim>
10000e9a:	2603      	movs	r6, #3
10000e9c:	f8c4 800c 	str.w	r8, [r4, #12]
10000ea0:	f7ff fbda 	bl	10000658 <next_striped_spin_lock_num>
10000ea4:	f04f 4c50 	mov.w	ip, #3489660928	@ 0xd0000000
10000ea8:	4b2d      	ldr	r3, [pc, #180]	@ (10000f60 <runtime_init_default_alarm_pool+0xe8>)
10000eaa:	7026      	strb	r6, [r4, #0]
10000eac:	4403      	add	r3, r0
10000eae:	6123      	str	r3, [r4, #16]
10000eb0:	f8dc 3000 	ldr.w	r3, [ip]
10000eb4:	210f      	movs	r1, #15
10000eb6:	7063      	strb	r3, [r4, #1]
10000eb8:	6963      	ldr	r3, [r4, #20]
10000eba:	8061      	strh	r1, [r4, #2]
10000ebc:	831d      	strh	r5, [r3, #24]
10000ebe:	f04f 0504 	mov.w	r5, #4
10000ec2:	f8a3 5078 	strh.w	r5, [r3, #120]	@ 0x78
10000ec6:	f04f 0505 	mov.w	r5, #5
10000eca:	f8a3 5090 	strh.w	r5, [r3, #144]	@ 0x90
10000ece:	f04f 0506 	mov.w	r5, #6
10000ed2:	f8a3 50a8 	strh.w	r5, [r3, #168]	@ 0xa8
10000ed6:	f04f 0507 	mov.w	r5, #7
10000eda:	210e      	movs	r1, #14
10000edc:	f64f 72ff 	movw	r2, #65535	@ 0xffff
10000ee0:	2708      	movs	r7, #8
10000ee2:	f04f 0e0a 	mov.w	lr, #10
10000ee6:	f8a3 50c0 	strh.w	r5, [r3, #192]	@ 0xc0
10000eea:	f04f 0901 	mov.w	r9, #1
10000eee:	f04f 0c0c 	mov.w	ip, #12
10000ef2:	f04f 0b02 	mov.w	fp, #2
10000ef6:	f04f 0a09 	mov.w	sl, #9
10000efa:	200d      	movs	r0, #13
10000efc:	f04f 050b 	mov.w	r5, #11
10000f00:	f8a3 1168 	strh.w	r1, [r3, #360]	@ 0x168
10000f04:	4917      	ldr	r1, [pc, #92]	@ (10000f64 <runtime_init_default_alarm_pool+0xec>)
10000f06:	80a2      	strh	r2, [r4, #4]
10000f08:	f8a3 e108 	strh.w	lr, [r3, #264]	@ 0x108
10000f0c:	60a1      	str	r1, [r4, #8]
10000f0e:	f8a3 b048 	strh.w	fp, [r3, #72]	@ 0x48
10000f12:	f8a3 a0f0 	strh.w	sl, [r3, #240]	@ 0xf0
10000f16:	f8a3 5120 	strh.w	r5, [r3, #288]	@ 0x120
10000f1a:	f8a3 c138 	strh.w	ip, [r3, #312]	@ 0x138
10000f1e:	f8a3 0150 	strh.w	r0, [r3, #336]	@ 0x150
10000f22:	f8a3 9030 	strh.w	r9, [r3, #48]	@ 0x30
10000f26:	f8a3 6060 	strh.w	r6, [r3, #96]	@ 0x60
10000f2a:	f8a3 70d8 	strh.w	r7, [r3, #216]	@ 0xd8
10000f2e:	801a      	strh	r2, [r3, #0]
10000f30:	4b0d      	ldr	r3, [pc, #52]	@ (10000f68 <runtime_init_default_alarm_pool+0xf0>)
10000f32:	4630      	mov	r0, r6
10000f34:	f8c8 7020 	str.w	r7, [r8, #32]
10000f38:	490c      	ldr	r1, [pc, #48]	@ (10000f6c <runtime_init_default_alarm_pool+0xf4>)
10000f3a:	60dc      	str	r4, [r3, #12]
10000f3c:	f7ff fc1e 	bl	1000077c <irq_set_exclusive_handler>
10000f40:	4649      	mov	r1, r9
10000f42:	4630      	mov	r0, r6
10000f44:	f7ff fbd8 	bl	100006f8 <irq_set_enabled>
10000f48:	4b09      	ldr	r3, [pc, #36]	@ (10000f70 <runtime_init_default_alarm_pool+0xf8>)
10000f4a:	210a      	movs	r1, #10
10000f4c:	641f      	str	r7, [r3, #64]	@ 0x40
10000f4e:	4803      	ldr	r0, [pc, #12]	@ (10000f5c <runtime_init_default_alarm_pool+0xe4>)
10000f50:	e8bd 4ff8 	ldmia.w	sp!, {r3, r4, r5, r6, r7, r8, r9, sl, fp, lr}
10000f54:	f7ff bda8 	b.w	10000aa8 <lock_init>
10000f58:	200011cc 	.word	0x200011cc
10000f5c:	20001e3c 	.word	0x20001e3c
10000f60:	2000155c 	.word	0x2000155c
10000f64:	0010ffff 	.word	0x0010ffff
10000f68:	20001e14 	.word	0x20001e14
10000f6c:	10000b89 	.word	0x10000b89
10000f70:	400b2000 	.word	0x400b2000
10000f74:	400b0000 	.word	0x400b0000

10000f78 <alarm_pool_get_default>:
10000f78:	4800      	ldr	r0, [pc, #0]	@ (10000f7c <alarm_pool_get_default+0x4>)
10000f7a:	4770      	bx	lr
10000f7c:	200011cc 	.word	0x200011cc

10000f80 <alarm_pool_add_alarm_at>:
10000f80:	b5f8      	push	{r3, r4, r5, r6, r7, lr}
10000f82:	f89d 5020 	ldrb.w	r5, [sp, #32]
10000f86:	4604      	mov	r4, r0
10000f88:	4617      	mov	r7, r2
10000f8a:	461e      	mov	r6, r3
10000f8c:	b935      	cbnz	r5, 10000f9c <alarm_pool_add_alarm_at+0x1c>
10000f8e:	f000 f9fd 	bl	1000138c <time_us_64>
10000f92:	4287      	cmp	r7, r0
10000f94:	eb66 0101 	sbc.w	r1, r6, r1
10000f98:	2900      	cmp	r1, #0
10000f9a:	db5c      	blt.n	10001056 <alarm_pool_add_alarm_at+0xd6>
10000f9c:	6921      	ldr	r1, [r4, #16]
10000f9e:	f3ef 8310 	mrs	r3, PRIMASK
10000fa2:	b672      	cpsid	i
10000fa4:	e8d1 0fcf 	ldaexb	r0, [r1]
10000fa8:	2201      	movs	r2, #1
10000faa:	2800      	cmp	r0, #0
10000fac:	d1fa      	bne.n	10000fa4 <alarm_pool_add_alarm_at+0x24>
10000fae:	e8c1 2f40 	strexb	r0, r2, [r1]
10000fb2:	2800      	cmp	r0, #0
10000fb4:	d1f6      	bne.n	10000fa4 <alarm_pool_add_alarm_at+0x24>
10000fb6:	f3bf 8f5f 	dmb	sy
10000fba:	f9b4 2002 	ldrsh.w	r2, [r4, #2]
10000fbe:	6965      	ldr	r5, [r4, #20]
10000fc0:	eb02 0142 	add.w	r1, r2, r2, lsl #1
10000fc4:	2a00      	cmp	r2, #0
10000fc6:	ea4f 0cc1 	mov.w	ip, r1, lsl #3
10000fca:	6920      	ldr	r0, [r4, #16]
10000fcc:	eb05 01c1 	add.w	r1, r5, r1, lsl #3
10000fd0:	db39      	blt.n	10001046 <alarm_pool_add_alarm_at+0xc6>
10000fd2:	f835 e00c 	ldrh.w	lr, [r5, ip]
10000fd6:	f8a4 e002 	strh.w	lr, [r4, #2]
10000fda:	f04f 0e00 	mov.w	lr, #0
10000fde:	e8c0 ef8f 	stlb	lr, [r0]
10000fe2:	f383 8810 	msr	PRIMASK, r3
10000fe6:	8848      	ldrh	r0, [r1, #2]
10000fe8:	9b06      	ldr	r3, [sp, #24]
10000fea:	3001      	adds	r0, #1
10000fec:	f3c0 000e 	ubfx	r0, r0, #0, #15
10000ff0:	2801      	cmp	r0, #1
10000ff2:	bf38      	it	cc
10000ff4:	2001      	movcc	r0, #1
10000ff6:	610b      	str	r3, [r1, #16]
10000ff8:	9b07      	ldr	r3, [sp, #28]
10000ffa:	8048      	strh	r0, [r1, #2]
10000ffc:	614b      	str	r3, [r1, #20]
10000ffe:	e9c1 7602 	strd	r7, r6, [r1, #8]
10001002:	ea40 4002 	orr.w	r0, r0, r2, lsl #16
10001006:	6923      	ldr	r3, [r4, #16]
10001008:	f3ef 8110 	mrs	r1, PRIMASK
1000100c:	b672      	cpsid	i
1000100e:	e8d3 7fcf 	ldaexb	r7, [r3]
10001012:	2601      	movs	r6, #1
10001014:	2f00      	cmp	r7, #0
10001016:	d1fa      	bne.n	1000100e <alarm_pool_add_alarm_at+0x8e>
10001018:	e8c3 6f47 	strexb	r7, r6, [r3]
1000101c:	2f00      	cmp	r7, #0
1000101e:	d1f6      	bne.n	1000100e <alarm_pool_add_alarm_at+0x8e>
10001020:	f3bf 8f5f 	dmb	sy
10001024:	88a3      	ldrh	r3, [r4, #4]
10001026:	f825 300c 	strh.w	r3, [r5, ip]
1000102a:	80a2      	strh	r2, [r4, #4]
1000102c:	6923      	ldr	r3, [r4, #16]
1000102e:	e8c3 ef8f 	stlb	lr, [r3]
10001032:	f381 8810 	msr	PRIMASK, r1
10001036:	2201      	movs	r2, #1
10001038:	68e3      	ldr	r3, [r4, #12]
1000103a:	7821      	ldrb	r1, [r4, #0]
1000103c:	f503 5301 	add.w	r3, r3, #8256	@ 0x2040
10001040:	408a      	lsls	r2, r1
10001042:	605a      	str	r2, [r3, #4]
10001044:	bdf8      	pop	{r3, r4, r5, r6, r7, pc}
10001046:	2200      	movs	r2, #0
10001048:	e8c0 2f8f 	stlb	r2, [r0]
1000104c:	f383 8810 	msr	PRIMASK, r3
10001050:	f04f 30ff 	mov.w	r0, #4294967295	@ 0xffffffff
10001054:	bdf8      	pop	{r3, r4, r5, r6, r7, pc}
10001056:	4628      	mov	r0, r5
10001058:	bdf8      	pop	{r3, r4, r5, r6, r7, pc}
1000105a:	bf00      	nop

1000105c <alarm_pool_add_alarm_at_force_in_context>:
1000105c:	4601      	mov	r1, r0
1000105e:	b5f0      	push	{r4, r5, r6, r7, lr}
10001060:	6900      	ldr	r0, [r0, #16]
10001062:	f3ef 8710 	mrs	r7, PRIMASK
10001066:	b672      	cpsid	i
10001068:	e8d0 5fcf 	ldaexb	r5, [r0]
1000106c:	2401      	movs	r4, #1
1000106e:	2d00      	cmp	r5, #0
10001070:	d1fa      	bne.n	10001068 <alarm_pool_add_alarm_at_force_in_context+0xc>
10001072:	e8c0 4f45 	strexb	r5, r4, [r0]
10001076:	2d00      	cmp	r5, #0
10001078:	d1f6      	bne.n	10001068 <alarm_pool_add_alarm_at_force_in_context+0xc>
1000107a:	f3bf 8f5f 	dmb	sy
1000107e:	f9b1 e002 	ldrsh.w	lr, [r1, #2]
10001082:	694c      	ldr	r4, [r1, #20]
10001084:	eb0e 0c4e 	add.w	ip, lr, lr, lsl #1
10001088:	f1be 0f00 	cmp.w	lr, #0
1000108c:	ea4f 05cc 	mov.w	r5, ip, lsl #3
10001090:	6908      	ldr	r0, [r1, #16]
10001092:	eb04 0ccc 	add.w	ip, r4, ip, lsl #3
10001096:	db3c      	blt.n	10001112 <alarm_pool_add_alarm_at_force_in_context+0xb6>
10001098:	5b66      	ldrh	r6, [r4, r5]
1000109a:	804e      	strh	r6, [r1, #2]
1000109c:	2600      	movs	r6, #0
1000109e:	e8c0 6f8f 	stlb	r6, [r0]
100010a2:	f387 8810 	msr	PRIMASK, r7
100010a6:	f8bc 0002 	ldrh.w	r0, [ip, #2]
100010aa:	e9cc 2302 	strd	r2, r3, [ip, #8]
100010ae:	3001      	adds	r0, #1
100010b0:	f3c0 000e 	ubfx	r0, r0, #0, #15
100010b4:	2801      	cmp	r0, #1
100010b6:	bf38      	it	cc
100010b8:	2001      	movcc	r0, #1
100010ba:	9b05      	ldr	r3, [sp, #20]
100010bc:	f8ac 0002 	strh.w	r0, [ip, #2]
100010c0:	f8cc 3010 	str.w	r3, [ip, #16]
100010c4:	9b06      	ldr	r3, [sp, #24]
100010c6:	ea40 400e 	orr.w	r0, r0, lr, lsl #16
100010ca:	f8cc 3014 	str.w	r3, [ip, #20]
100010ce:	690b      	ldr	r3, [r1, #16]
100010d0:	f3ef 8210 	mrs	r2, PRIMASK
100010d4:	b672      	cpsid	i
100010d6:	e8d3 cfcf 	ldaexb	ip, [r3]
100010da:	2701      	movs	r7, #1
100010dc:	f1bc 0f00 	cmp.w	ip, #0
100010e0:	d1f9      	bne.n	100010d6 <alarm_pool_add_alarm_at_force_in_context+0x7a>
100010e2:	e8c3 7f4c 	strexb	ip, r7, [r3]
100010e6:	f1bc 0f00 	cmp.w	ip, #0
100010ea:	d1f4      	bne.n	100010d6 <alarm_pool_add_alarm_at_force_in_context+0x7a>
100010ec:	f3bf 8f5f 	dmb	sy
100010f0:	888b      	ldrh	r3, [r1, #4]
100010f2:	5363      	strh	r3, [r4, r5]
100010f4:	f8a1 e004 	strh.w	lr, [r1, #4]
100010f8:	690b      	ldr	r3, [r1, #16]
100010fa:	e8c3 6f8f 	stlb	r6, [r3]
100010fe:	f382 8810 	msr	PRIMASK, r2
10001102:	2201      	movs	r2, #1
10001104:	68cb      	ldr	r3, [r1, #12]
10001106:	7809      	ldrb	r1, [r1, #0]
10001108:	f503 5301 	add.w	r3, r3, #8256	@ 0x2040
1000110c:	408a      	lsls	r2, r1
1000110e:	605a      	str	r2, [r3, #4]
10001110:	bdf0      	pop	{r4, r5, r6, r7, pc}
10001112:	2300      	movs	r3, #0
10001114:	e8c0 3f8f 	stlb	r3, [r0]
10001118:	f387 8810 	msr	PRIMASK, r7
1000111c:	f04f 30ff 	mov.w	r0, #4294967295	@ 0xffffffff
10001120:	bdf0      	pop	{r4, r5, r6, r7, pc}
10001122:	bf00      	nop

10001124 <alarm_pool_cancel_alarm>:
10001124:	4603      	mov	r3, r0
10001126:	8940      	ldrh	r0, [r0, #10]
10001128:	ebb0 4f21 	cmp.w	r0, r1, asr #16
1000112c:	dd37      	ble.n	1000119e <alarm_pool_cancel_alarm+0x7a>
1000112e:	6958      	ldr	r0, [r3, #20]
10001130:	140a      	asrs	r2, r1, #16
10001132:	eb02 0242 	add.w	r2, r2, r2, lsl #1
10001136:	b510      	push	{r4, lr}
10001138:	eb00 00c2 	add.w	r0, r0, r2, lsl #3
1000113c:	691c      	ldr	r4, [r3, #16]
1000113e:	f3ef 8c10 	mrs	ip, PRIMASK
10001142:	b672      	cpsid	i
10001144:	e8d4 efcf 	ldaexb	lr, [r4]
10001148:	2201      	movs	r2, #1
1000114a:	f1be 0f00 	cmp.w	lr, #0
1000114e:	d1f9      	bne.n	10001144 <alarm_pool_cancel_alarm+0x20>
10001150:	e8c4 2f4e 	strexb	lr, r2, [r4]
10001154:	f1be 0f00 	cmp.w	lr, #0
10001158:	d1f4      	bne.n	10001144 <alarm_pool_cancel_alarm+0x20>
1000115a:	f3bf 8f5f 	dmb	sy
1000115e:	8842      	ldrh	r2, [r0, #2]
10001160:	b289      	uxth	r1, r1
10001162:	b292      	uxth	r2, r2
10001164:	428a      	cmp	r2, r1
10001166:	d007      	beq.n	10001178 <alarm_pool_cancel_alarm+0x54>
10001168:	2200      	movs	r2, #0
1000116a:	691b      	ldr	r3, [r3, #16]
1000116c:	e8c3 2f8f 	stlb	r2, [r3]
10001170:	f38c 8810 	msr	PRIMASK, ip
10001174:	2000      	movs	r0, #0
10001176:	bd10      	pop	{r4, pc}
10001178:	f442 4200 	orr.w	r2, r2, #32768	@ 0x8000
1000117c:	8042      	strh	r2, [r0, #2]
1000117e:	2101      	movs	r1, #1
10001180:	2200      	movs	r2, #0
10001182:	6918      	ldr	r0, [r3, #16]
10001184:	7199      	strb	r1, [r3, #6]
10001186:	e8c0 2f8f 	stlb	r2, [r0]
1000118a:	f38c 8810 	msr	PRIMASK, ip
1000118e:	781c      	ldrb	r4, [r3, #0]
10001190:	68da      	ldr	r2, [r3, #12]
10001192:	4608      	mov	r0, r1
10001194:	f502 5301 	add.w	r3, r2, #8256	@ 0x2040
10001198:	40a1      	lsls	r1, r4
1000119a:	6059      	str	r1, [r3, #4]
1000119c:	bd10      	pop	{r4, pc}
1000119e:	2000      	movs	r0, #0
100011a0:	4770      	bx	lr
100011a2:	bf00      	nop

100011a4 <alarm_pool_core_num>:
100011a4:	7840      	ldrb	r0, [r0, #1]
100011a6:	4770      	bx	lr

100011a8 <sleep_ms>:
100011a8:	e92d 41f0 	stmdb	sp!, {r4, r5, r6, r7, r8, lr}
100011ac:	b082      	sub	sp, #8
100011ae:	4606      	mov	r6, r0
100011b0:	f000 f8ec 	bl	1000138c <time_us_64>
100011b4:	f44f 737a 	mov.w	r3, #1000	@ 0x3e8
100011b8:	4604      	mov	r4, r0
100011ba:	f04f 30ff 	mov.w	r0, #4294967295	@ 0xffffffff
100011be:	f06f 4200 	mvn.w	r2, #2147483648	@ 0x80000000
100011c2:	fbe6 4103 	umlal	r4, r1, r6, r3
100011c6:	42a0      	cmp	r0, r4
100011c8:	eb72 0301 	sbcs.w	r3, r2, r1
100011cc:	bf3a      	itte	cc
100011ce:	4604      	movcc	r4, r0
100011d0:	4615      	movcc	r5, r2
100011d2:	460d      	movcs	r5, r1
100011d4:	1fa6      	subs	r6, r4, #6
100011d6:	f145 37ff 	adc.w	r7, r5, #4294967295	@ 0xffffffff
100011da:	42b4      	cmp	r4, r6
100011dc:	eb75 0307 	sbcs.w	r3, r5, r7
100011e0:	bf3c      	itt	cc
100011e2:	2600      	movcc	r6, #0
100011e4:	4637      	movcc	r7, r6
100011e6:	f000 f8d1 	bl	1000138c <time_us_64>
100011ea:	1a30      	subs	r0, r6, r0
100011ec:	eb67 0101 	sbc.w	r1, r7, r1
100011f0:	2801      	cmp	r0, #1
100011f2:	f171 0100 	sbcs.w	r1, r1, #0
100011f6:	da06      	bge.n	10001206 <sleep_ms+0x5e>
100011f8:	4620      	mov	r0, r4
100011fa:	4629      	mov	r1, r5
100011fc:	b002      	add	sp, #8
100011fe:	e8bd 41f0 	ldmia.w	sp!, {r4, r5, r6, r7, r8, lr}
10001202:	f000 b8fb 	b.w	100013fc <busy_wait_until>
10001206:	f000 f8c1 	bl	1000138c <time_us_64>
1000120a:	4286      	cmp	r6, r0
1000120c:	eb67 0101 	sbc.w	r1, r7, r1
10001210:	2900      	cmp	r1, #0
10001212:	db0a      	blt.n	1000122a <sleep_ms+0x82>
10001214:	2100      	movs	r1, #0
10001216:	4b17      	ldr	r3, [pc, #92]	@ (10001274 <sleep_ms+0xcc>)
10001218:	4632      	mov	r2, r6
1000121a:	9300      	str	r3, [sp, #0]
1000121c:	4816      	ldr	r0, [pc, #88]	@ (10001278 <sleep_ms+0xd0>)
1000121e:	463b      	mov	r3, r7
10001220:	9101      	str	r1, [sp, #4]
10001222:	f7ff ff1b 	bl	1000105c <alarm_pool_add_alarm_at_force_in_context>
10001226:	3001      	adds	r0, #1
10001228:	d0e6      	beq.n	100011f8 <sleep_ms+0x50>
1000122a:	f04f 0c00 	mov.w	ip, #0
1000122e:	4a13      	ldr	r2, [pc, #76]	@ (1000127c <sleep_ms+0xd4>)
10001230:	4913      	ldr	r1, [pc, #76]	@ (10001280 <sleep_ms+0xd8>)
10001232:	6a53      	ldr	r3, [r2, #36]	@ 0x24
10001234:	429f      	cmp	r7, r3
10001236:	d804      	bhi.n	10001242 <sleep_ms+0x9a>
10001238:	6a90      	ldr	r0, [r2, #40]	@ 0x28
1000123a:	42b0      	cmp	r0, r6
1000123c:	d2dc      	bcs.n	100011f8 <sleep_ms+0x50>
1000123e:	429f      	cmp	r7, r3
10001240:	d1da      	bne.n	100011f8 <sleep_ms+0x50>
10001242:	680b      	ldr	r3, [r1, #0]
10001244:	f3ef 8010 	mrs	r0, PRIMASK
10001248:	b672      	cpsid	i
1000124a:	e8d3 8fcf 	ldaexb	r8, [r3]
1000124e:	f05f 0e01 	movs.w	lr, #1
10001252:	f1b8 0f00 	cmp.w	r8, #0
10001256:	d1f8      	bne.n	1000124a <sleep_ms+0xa2>
10001258:	e8c3 ef48 	strexb	r8, lr, [r3]
1000125c:	f1b8 0f00 	cmp.w	r8, #0
10001260:	d1f3      	bne.n	1000124a <sleep_ms+0xa2>
10001262:	f3bf 8f5f 	dmb	sy
10001266:	680b      	ldr	r3, [r1, #0]
10001268:	e8c3 cf8f 	stlb	ip, [r3]
1000126c:	f380 8810 	msr	PRIMASK, r0
10001270:	bf20      	wfe
10001272:	e7de      	b.n	10001232 <sleep_ms+0x8a>
10001274:	10000b49 	.word	0x10000b49
10001278:	200011cc 	.word	0x200011cc
1000127c:	400b0000 	.word	0x400b0000
10001280:	20001e3c 	.word	0x20001e3c

10001284 <best_effort_wfe_or_timeout>:
10001284:	e92d 43f0 	stmdb	sp!, {r4, r5, r6, r7, r8, r9, lr}
10001288:	4606      	mov	r6, r0
1000128a:	460d      	mov	r5, r1
1000128c:	b083      	sub	sp, #12
1000128e:	f3ef 8405 	mrs	r4, IPSR
10001292:	b2e4      	uxtb	r4, r4
10001294:	b13c      	cbz	r4, 100012a6 <best_effort_wfe_or_timeout+0x22>
10001296:	4b2d      	ldr	r3, [pc, #180]	@ (1000134c <best_effort_wfe_or_timeout+0xc8>)
10001298:	6a5a      	ldr	r2, [r3, #36]	@ 0x24
1000129a:	42aa      	cmp	r2, r5
1000129c:	d21c      	bcs.n	100012d8 <best_effort_wfe_or_timeout+0x54>
1000129e:	2000      	movs	r0, #0
100012a0:	b003      	add	sp, #12
100012a2:	e8bd 83f0 	ldmia.w	sp!, {r4, r5, r6, r7, r8, r9, pc}
100012a6:	4f2a      	ldr	r7, [pc, #168]	@ (10001350 <best_effort_wfe_or_timeout+0xcc>)
100012a8:	f8d7 900c 	ldr.w	r9, [r7, #12]
100012ac:	f897 8000 	ldrb.w	r8, [r7]
100012b0:	4648      	mov	r0, r9
100012b2:	f000 f863 	bl	1000137c <timer_time_us_64>
100012b6:	f108 0804 	add.w	r8, r8, #4
100012ba:	f859 3028 	ldr.w	r3, [r9, r8, lsl #2]
100012be:	1a1b      	subs	r3, r3, r0
100012c0:	1a30      	subs	r0, r6, r0
100012c2:	eb65 0101 	sbc.w	r1, r5, r1
100012c6:	4298      	cmp	r0, r3
100012c8:	f171 0100 	sbcs.w	r1, r1, #0
100012cc:	db10      	blt.n	100012f0 <best_effort_wfe_or_timeout+0x6c>
100012ce:	bf20      	wfe
100012d0:	4b1e      	ldr	r3, [pc, #120]	@ (1000134c <best_effort_wfe_or_timeout+0xc8>)
100012d2:	6a5a      	ldr	r2, [r3, #36]	@ 0x24
100012d4:	42aa      	cmp	r2, r5
100012d6:	d3e2      	bcc.n	1000129e <best_effort_wfe_or_timeout+0x1a>
100012d8:	bf14      	ite	ne
100012da:	2401      	movne	r4, #1
100012dc:	2400      	moveq	r4, #0
100012de:	6a9b      	ldr	r3, [r3, #40]	@ 0x28
100012e0:	42b3      	cmp	r3, r6
100012e2:	bf34      	ite	cc
100012e4:	4620      	movcc	r0, r4
100012e6:	f044 0001 	orrcs.w	r0, r4, #1
100012ea:	b003      	add	sp, #12
100012ec:	e8bd 83f0 	ldmia.w	sp!, {r4, r5, r6, r7, r8, r9, pc}
100012f0:	f000 f84c 	bl	1000138c <time_us_64>
100012f4:	4286      	cmp	r6, r0
100012f6:	eb65 0101 	sbc.w	r1, r5, r1
100012fa:	2900      	cmp	r1, #0
100012fc:	db14      	blt.n	10001328 <best_effort_wfe_or_timeout+0xa4>
100012fe:	4b15      	ldr	r3, [pc, #84]	@ (10001354 <best_effort_wfe_or_timeout+0xd0>)
10001300:	4638      	mov	r0, r7
10001302:	e9cd 3400 	strd	r3, r4, [sp]
10001306:	4632      	mov	r2, r6
10001308:	462b      	mov	r3, r5
1000130a:	f7ff fea7 	bl	1000105c <alarm_pool_add_alarm_at_force_in_context>
1000130e:	1e01      	subs	r1, r0, #0
10001310:	dd0a      	ble.n	10001328 <best_effort_wfe_or_timeout+0xa4>
10001312:	4b0e      	ldr	r3, [pc, #56]	@ (1000134c <best_effort_wfe_or_timeout+0xc8>)
10001314:	6a5a      	ldr	r2, [r3, #36]	@ 0x24
10001316:	42aa      	cmp	r2, r5
10001318:	d316      	bcc.n	10001348 <best_effort_wfe_or_timeout+0xc4>
1000131a:	6a9b      	ldr	r3, [r3, #40]	@ 0x28
1000131c:	42b3      	cmp	r3, r6
1000131e:	d311      	bcc.n	10001344 <best_effort_wfe_or_timeout+0xc0>
10001320:	480b      	ldr	r0, [pc, #44]	@ (10001350 <best_effort_wfe_or_timeout+0xcc>)
10001322:	f7ff feff 	bl	10001124 <alarm_pool_cancel_alarm>
10001326:	e7b6      	b.n	10001296 <best_effort_wfe_or_timeout+0x12>
10001328:	4b08      	ldr	r3, [pc, #32]	@ (1000134c <best_effort_wfe_or_timeout+0xc8>)
1000132a:	6a5c      	ldr	r4, [r3, #36]	@ 0x24
1000132c:	42ac      	cmp	r4, r5
1000132e:	d3b6      	bcc.n	1000129e <best_effort_wfe_or_timeout+0x1a>
10001330:	1b64      	subs	r4, r4, r5
10001332:	bf18      	it	ne
10001334:	2401      	movne	r4, #1
10001336:	6a9b      	ldr	r3, [r3, #40]	@ 0x28
10001338:	42b3      	cmp	r3, r6
1000133a:	bf34      	ite	cc
1000133c:	4620      	movcc	r0, r4
1000133e:	f044 0001 	orrcs.w	r0, r4, #1
10001342:	e7ad      	b.n	100012a0 <best_effort_wfe_or_timeout+0x1c>
10001344:	42aa      	cmp	r2, r5
10001346:	d1eb      	bne.n	10001320 <best_effort_wfe_or_timeout+0x9c>
10001348:	bf20      	wfe
1000134a:	e7e9      	b.n	10001320 <best_effort_wfe_or_timeout+0x9c>
1000134c:	400b0000 	.word	0x400b0000
10001350:	200011cc 	.word	0x200011cc
10001354:	10000b49 	.word	0x10000b49

10001358 <timer_hardware_alarm_claim>:
10001358:	b410      	push	{r4}
1000135a:	4b05      	ldr	r3, [pc, #20]	@ (10001370 <timer_hardware_alarm_claim+0x18>)
1000135c:	4c05      	ldr	r4, [pc, #20]	@ (10001374 <timer_hardware_alarm_claim+0x1c>)
1000135e:	4a06      	ldr	r2, [pc, #24]	@ (10001378 <timer_hardware_alarm_claim+0x20>)
10001360:	42a0      	cmp	r0, r4
10001362:	bf14      	ite	ne
10001364:	4618      	movne	r0, r3
10001366:	1c58      	addeq	r0, r3, #1
10001368:	f85d 4b04 	ldr.w	r4, [sp], #4
1000136c:	f7ff b908 	b.w	10000580 <hw_claim_or_assert>
10001370:	20001988 	.word	0x20001988
10001374:	400b8000 	.word	0x400b8000
10001378:	10006658 	.word	0x10006658

1000137c <timer_time_us_64>:
1000137c:	4603      	mov	r3, r0
1000137e:	6a41      	ldr	r1, [r0, #36]	@ 0x24
10001380:	460a      	mov	r2, r1
10001382:	6a98      	ldr	r0, [r3, #40]	@ 0x28
10001384:	6a59      	ldr	r1, [r3, #36]	@ 0x24
10001386:	428a      	cmp	r2, r1
10001388:	d1fa      	bne.n	10001380 <timer_time_us_64+0x4>
1000138a:	4770      	bx	lr

1000138c <time_us_64>:
1000138c:	4b03      	ldr	r3, [pc, #12]	@ (1000139c <time_us_64+0x10>)
1000138e:	6a59      	ldr	r1, [r3, #36]	@ 0x24
10001390:	460a      	mov	r2, r1
10001392:	6a98      	ldr	r0, [r3, #40]	@ 0x28
10001394:	6a59      	ldr	r1, [r3, #36]	@ 0x24
10001396:	4291      	cmp	r1, r2
10001398:	d1fa      	bne.n	10001390 <time_us_64+0x4>
1000139a:	4770      	bx	lr
1000139c:	400b0000 	.word	0x400b0000

100013a0 <busy_wait_us>:
100013a0:	b430      	push	{r4, r5}
100013a2:	4a15      	ldr	r2, [pc, #84]	@ (100013f8 <busy_wait_us+0x58>)
100013a4:	6a53      	ldr	r3, [r2, #36]	@ 0x24
100013a6:	469c      	mov	ip, r3
100013a8:	6a94      	ldr	r4, [r2, #40]	@ 0x28
100013aa:	6a53      	ldr	r3, [r2, #36]	@ 0x24
100013ac:	4563      	cmp	r3, ip
100013ae:	d1fa      	bne.n	100013a6 <busy_wait_us+0x6>
100013b0:	1902      	adds	r2, r0, r4
100013b2:	4159      	adcs	r1, r3
100013b4:	f04f 0500 	mov.w	r5, #0
100013b8:	bf28      	it	cs
100013ba:	2501      	movcs	r5, #1
100013bc:	4b0e      	ldr	r3, [pc, #56]	@ (100013f8 <busy_wait_us+0x58>)
100013be:	6a5b      	ldr	r3, [r3, #36]	@ 0x24
100013c0:	b1b5      	cbz	r5, 100013f0 <busy_wait_us+0x50>
100013c2:	1c5a      	adds	r2, r3, #1
100013c4:	bf08      	it	eq
100013c6:	461a      	moveq	r2, r3
100013c8:	d008      	beq.n	100013dc <busy_wait_us+0x3c>
100013ca:	f04f 31ff 	mov.w	r1, #4294967295	@ 0xffffffff
100013ce:	460a      	mov	r2, r1
100013d0:	4809      	ldr	r0, [pc, #36]	@ (100013f8 <busy_wait_us+0x58>)
100013d2:	6a43      	ldr	r3, [r0, #36]	@ 0x24
100013d4:	428b      	cmp	r3, r1
100013d6:	d3fc      	bcc.n	100013d2 <busy_wait_us+0x32>
100013d8:	428b      	cmp	r3, r1
100013da:	d107      	bne.n	100013ec <busy_wait_us+0x4c>
100013dc:	4906      	ldr	r1, [pc, #24]	@ (100013f8 <busy_wait_us+0x58>)
100013de:	e002      	b.n	100013e6 <busy_wait_us+0x46>
100013e0:	6a48      	ldr	r0, [r1, #36]	@ 0x24
100013e2:	4298      	cmp	r0, r3
100013e4:	d102      	bne.n	100013ec <busy_wait_us+0x4c>
100013e6:	6a88      	ldr	r0, [r1, #40]	@ 0x28
100013e8:	4290      	cmp	r0, r2
100013ea:	d3f9      	bcc.n	100013e0 <busy_wait_us+0x40>
100013ec:	bc30      	pop	{r4, r5}
100013ee:	4770      	bx	lr
100013f0:	4299      	cmp	r1, r3
100013f2:	d8ed      	bhi.n	100013d0 <busy_wait_us+0x30>
100013f4:	e7f0      	b.n	100013d8 <busy_wait_us+0x38>
100013f6:	bf00      	nop
100013f8:	400b0000 	.word	0x400b0000

100013fc <busy_wait_until>:
100013fc:	4a07      	ldr	r2, [pc, #28]	@ (1000141c <busy_wait_until+0x20>)
100013fe:	6a53      	ldr	r3, [r2, #36]	@ 0x24
10001400:	4299      	cmp	r1, r3
10001402:	d8fc      	bhi.n	100013fe <busy_wait_until+0x2>
10001404:	4299      	cmp	r1, r3
10001406:	d107      	bne.n	10001418 <busy_wait_until+0x1c>
10001408:	4b04      	ldr	r3, [pc, #16]	@ (1000141c <busy_wait_until+0x20>)
1000140a:	e002      	b.n	10001412 <busy_wait_until+0x16>
1000140c:	6a5a      	ldr	r2, [r3, #36]	@ 0x24
1000140e:	4291      	cmp	r1, r2
10001410:	d102      	bne.n	10001418 <busy_wait_until+0x1c>
10001412:	6a9a      	ldr	r2, [r3, #40]	@ 0x28
10001414:	4290      	cmp	r0, r2
10001416:	d8f9      	bhi.n	1000140c <busy_wait_until+0x10>
10001418:	4770      	bx	lr
1000141a:	bf00      	nop
1000141c:	400b0000 	.word	0x400b0000

10001420 <uart_init>:
10001420:	b5f8      	push	{r3, r4, r5, r6, r7, lr}
10001422:	4605      	mov	r5, r0
10001424:	2006      	movs	r0, #6
10001426:	460e      	mov	r6, r1
10001428:	f000 f8e4 	bl	100015f4 <clock_get_hz>
1000142c:	2800      	cmp	r0, #0
1000142e:	d042      	beq.n	100014b6 <uart_init+0x96>
10001430:	4a35      	ldr	r2, [pc, #212]	@ (10001508 <uart_init+0xe8>)
10001432:	4836      	ldr	r0, [pc, #216]	@ (1000150c <uart_init+0xec>)
10001434:	4295      	cmp	r5, r2
10001436:	bf14      	ite	ne
10001438:	f04f 6280 	movne.w	r2, #67108864	@ 0x4000000
1000143c:	f04f 6200 	moveq.w	r2, #134217728	@ 0x8000000
10001440:	4b33      	ldr	r3, [pc, #204]	@ (10001510 <uart_init+0xf0>)
10001442:	4934      	ldr	r1, [pc, #208]	@ (10001514 <uart_init+0xf4>)
10001444:	6002      	str	r2, [r0, #0]
10001446:	601a      	str	r2, [r3, #0]
10001448:	688c      	ldr	r4, [r1, #8]
1000144a:	ea32 0404 	bics.w	r4, r2, r4
1000144e:	d1fb      	bne.n	10001448 <uart_init+0x28>
10001450:	4b2d      	ldr	r3, [pc, #180]	@ (10001508 <uart_init+0xe8>)
10001452:	f44f 7180 	mov.w	r1, #256	@ 0x100
10001456:	1aeb      	subs	r3, r5, r3
10001458:	fab3 f383 	clz	r3, r3
1000145c:	4a2e      	ldr	r2, [pc, #184]	@ (10001518 <uart_init+0xf8>)
1000145e:	095b      	lsrs	r3, r3, #5
10001460:	2006      	movs	r0, #6
10001462:	f822 1013 	strh.w	r1, [r2, r3, lsl #1]
10001466:	f000 f8c5 	bl	100015f4 <clock_get_hz>
1000146a:	00c3      	lsls	r3, r0, #3
1000146c:	fbb3 f3f6 	udiv	r3, r3, r6
10001470:	3301      	adds	r3, #1
10001472:	09da      	lsrs	r2, r3, #7
10001474:	d120      	bne.n	100014b8 <uart_init+0x98>
10001476:	2640      	movs	r6, #64	@ 0x40
10001478:	2101      	movs	r1, #1
1000147a:	6269      	str	r1, [r5, #36]	@ 0x24
1000147c:	62aa      	str	r2, [r5, #40]	@ 0x28
1000147e:	6b2f      	ldr	r7, [r5, #48]	@ 0x30
10001480:	07fb      	lsls	r3, r7, #31
10001482:	d422      	bmi.n	100014ca <uart_init+0xaa>
10001484:	462b      	mov	r3, r5
10001486:	2200      	movs	r2, #0
10001488:	f853 1f2c 	ldr.w	r1, [r3, #44]!
1000148c:	2006      	movs	r0, #6
1000148e:	f503 5480 	add.w	r4, r3, #4096	@ 0x1000
10001492:	6022      	str	r2, [r4, #0]
10001494:	632f      	str	r7, [r5, #48]	@ 0x30
10001496:	f000 f8ad 	bl	100015f4 <clock_get_hz>
1000149a:	f240 3101 	movw	r1, #769	@ 0x301
1000149e:	2203      	movs	r2, #3
100014a0:	0080      	lsls	r0, r0, #2
100014a2:	fbb0 f0f6 	udiv	r0, r0, r6
100014a6:	6aeb      	ldr	r3, [r5, #44]	@ 0x2c
100014a8:	f083 0370 	eor.w	r3, r3, #112	@ 0x70
100014ac:	f003 037e 	and.w	r3, r3, #126	@ 0x7e
100014b0:	6023      	str	r3, [r4, #0]
100014b2:	6329      	str	r1, [r5, #48]	@ 0x30
100014b4:	64aa      	str	r2, [r5, #72]	@ 0x48
100014b6:	bdf8      	pop	{r3, r4, r5, r6, r7, pc}
100014b8:	f64f 71fe 	movw	r1, #65534	@ 0xfffe
100014bc:	428a      	cmp	r2, r1
100014be:	d91b      	bls.n	100014f8 <uart_init+0xd8>
100014c0:	4622      	mov	r2, r4
100014c2:	f64f 71ff 	movw	r1, #65535	@ 0xffff
100014c6:	4e15      	ldr	r6, [pc, #84]	@ (1000151c <uart_init+0xfc>)
100014c8:	e7d7      	b.n	1000147a <uart_init+0x5a>
100014ca:	f240 3201 	movw	r2, #769	@ 0x301
100014ce:	f505 5340 	add.w	r3, r5, #12288	@ 0x3000
100014d2:	631a      	str	r2, [r3, #48]	@ 0x30
100014d4:	6a6b      	ldr	r3, [r5, #36]	@ 0x24
100014d6:	6aac      	ldr	r4, [r5, #40]	@ 0x28
100014d8:	2006      	movs	r0, #6
100014da:	eb04 1483 	add.w	r4, r4, r3, lsl #6
100014de:	f000 f889 	bl	100015f4 <clock_get_hz>
100014e2:	4b0f      	ldr	r3, [pc, #60]	@ (10001520 <uart_init+0x100>)
100014e4:	02a4      	lsls	r4, r4, #10
100014e6:	fba3 2300 	umull	r2, r3, r3, r0
100014ea:	0adb      	lsrs	r3, r3, #11
100014ec:	2100      	movs	r1, #0
100014ee:	fbb4 f0f3 	udiv	r0, r4, r3
100014f2:	f7ff ff55 	bl	100013a0 <busy_wait_us>
100014f6:	e7c5      	b.n	10001484 <uart_init+0x64>
100014f8:	f3c3 0345 	ubfx	r3, r3, #1, #6
100014fc:	4611      	mov	r1, r2
100014fe:	eb03 1682 	add.w	r6, r3, r2, lsl #6
10001502:	461a      	mov	r2, r3
10001504:	e7b9      	b.n	1000147a <uart_init+0x5a>
10001506:	bf00      	nop
10001508:	40078000 	.word	0x40078000
1000150c:	40022000 	.word	0x40022000
10001510:	40023000 	.word	0x40023000
10001514:	40020000 	.word	0x40020000
10001518:	20001e48 	.word	0x20001e48
1000151c:	003fffc0 	.word	0x003fffc0
10001520:	8f2b7b75 	.word	0x8f2b7b75

10001524 <clock_configure_undivided>:
10001524:	eb00 0c40 	add.w	ip, r0, r0, lsl #1
10001528:	ea4f 0c8c 	mov.w	ip, ip, lsl #2
1000152c:	f10c 4c80 	add.w	ip, ip, #1073741824	@ 0x40000000
10001530:	f50c 3c80 	add.w	ip, ip, #65536	@ 0x10000
10001534:	b5f0      	push	{r4, r5, r6, r7, lr}
10001536:	4616      	mov	r6, r2
10001538:	f8dc 2004 	ldr.w	r2, [ip, #4]
1000153c:	1f05      	subs	r5, r0, #4
1000153e:	f5b2 3f80 	cmp.w	r2, #65536	@ 0x10000
10001542:	bf38      	it	cc
10001544:	f44f 3280 	movcc.w	r2, #65536	@ 0x10000
10001548:	b2ed      	uxtb	r5, r5
1000154a:	bf38      	it	cc
1000154c:	f8cc 2004 	strcc.w	r2, [ip, #4]
10001550:	2d01      	cmp	r5, #1
10001552:	d92a      	bls.n	100015aa <clock_configure_undivided+0x86>
10001554:	f44f 6700 	mov.w	r7, #2048	@ 0x800
10001558:	4c25      	ldr	r4, [pc, #148]	@ (100015f0 <clock_configure_undivided+0xcc>)
1000155a:	f50c 5240 	add.w	r2, ip, #12288	@ 0x3000
1000155e:	6017      	str	r7, [r2, #0]
10001560:	f854 2020 	ldr.w	r2, [r4, r0, lsl #2]
10001564:	b9b2      	cbnz	r2, 10001594 <clock_configure_undivided+0x70>
10001566:	f8dc 2000 	ldr.w	r2, [ip]
1000156a:	2d01      	cmp	r5, #1
1000156c:	ea82 1246 	eor.w	r2, r2, r6, lsl #5
10001570:	f002 02e0 	and.w	r2, r2, #224	@ 0xe0
10001574:	f50c 5680 	add.w	r6, ip, #4096	@ 0x1000
10001578:	6032      	str	r2, [r6, #0]
1000157a:	d92a      	bls.n	100015d2 <clock_configure_undivided+0xae>
1000157c:	f44f 6100 	mov.w	r1, #2048	@ 0x800
10001580:	f844 3020 	str.w	r3, [r4, r0, lsl #2]
10001584:	f44f 3380 	mov.w	r3, #65536	@ 0x10000
10001588:	f50c 5200 	add.w	r2, ip, #8192	@ 0x2000
1000158c:	6011      	str	r1, [r2, #0]
1000158e:	f8cc 3004 	str.w	r3, [ip, #4]
10001592:	bdf0      	pop	{r4, r5, r6, r7, pc}
10001594:	6967      	ldr	r7, [r4, #20]
10001596:	fbb7 fef2 	udiv	lr, r7, r2
1000159a:	f10e 0e01 	add.w	lr, lr, #1
1000159e:	eb0e 0e4e 	add.w	lr, lr, lr, lsl #1
100015a2:	f1be 0e03 	subs.w	lr, lr, #3
100015a6:	d2fc      	bcs.n	100015a2 <clock_configure_undivided+0x7e>
100015a8:	e7dd      	b.n	10001566 <clock_configure_undivided+0x42>
100015aa:	2901      	cmp	r1, #1
100015ac:	d1d2      	bne.n	10001554 <clock_configure_undivided+0x30>
100015ae:	2403      	movs	r4, #3
100015b0:	f50c 5240 	add.w	r2, ip, #12288	@ 0x3000
100015b4:	6014      	str	r4, [r2, #0]
100015b6:	f8dc 2008 	ldr.w	r2, [ip, #8]
100015ba:	07d2      	lsls	r2, r2, #31
100015bc:	d5fb      	bpl.n	100015b6 <clock_configure_undivided+0x92>
100015be:	f8dc 2000 	ldr.w	r2, [ip]
100015c2:	4c0b      	ldr	r4, [pc, #44]	@ (100015f0 <clock_configure_undivided+0xcc>)
100015c4:	ea82 1246 	eor.w	r2, r2, r6, lsl #5
100015c8:	f002 02e0 	and.w	r2, r2, #224	@ 0xe0
100015cc:	f50c 5680 	add.w	r6, ip, #4096	@ 0x1000
100015d0:	6032      	str	r2, [r6, #0]
100015d2:	2201      	movs	r2, #1
100015d4:	f8dc 5000 	ldr.w	r5, [ip]
100015d8:	404d      	eors	r5, r1
100015da:	f005 0503 	and.w	r5, r5, #3
100015de:	6035      	str	r5, [r6, #0]
100015e0:	fa02 f101 	lsl.w	r1, r2, r1
100015e4:	f8dc 2008 	ldr.w	r2, [ip, #8]
100015e8:	420a      	tst	r2, r1
100015ea:	d0fb      	beq.n	100015e4 <clock_configure_undivided+0xc0>
100015ec:	e7c6      	b.n	1000157c <clock_configure_undivided+0x58>
100015ee:	bf00      	nop
100015f0:	2000198c 	.word	0x2000198c

100015f4 <clock_get_hz>:
100015f4:	4b01      	ldr	r3, [pc, #4]	@ (100015fc <clock_get_hz+0x8>)
100015f6:	f853 0020 	ldr.w	r0, [r3, r0, lsl #2]
100015fa:	4770      	bx	lr
100015fc:	2000198c 	.word	0x2000198c

10001600 <pll_init>:
10001600:	b470      	push	{r4, r5, r6}
10001602:	9d03      	ldr	r5, [sp, #12]
10001604:	6804      	ldr	r4, [r0, #0]
10001606:	032d      	lsls	r5, r5, #12
10001608:	ea45 4503 	orr.w	r5, r5, r3, lsl #16
1000160c:	4b1b      	ldr	r3, [pc, #108]	@ (1000167c <pll_init+0x7c>)
1000160e:	2c00      	cmp	r4, #0
10001610:	fbb3 f3f1 	udiv	r3, r3, r1
10001614:	fbb2 f6f3 	udiv	r6, r2, r3
10001618:	db1f      	blt.n	1000165a <pll_init+0x5a>
1000161a:	4a19      	ldr	r2, [pc, #100]	@ (10001680 <pll_init+0x80>)
1000161c:	4b19      	ldr	r3, [pc, #100]	@ (10001684 <pll_init+0x84>)
1000161e:	4290      	cmp	r0, r2
10001620:	bf14      	ite	ne
10001622:	f44f 4280 	movne.w	r2, #16384	@ 0x4000
10001626:	f44f 4200 	moveq.w	r2, #32768	@ 0x8000
1000162a:	4c17      	ldr	r4, [pc, #92]	@ (10001688 <pll_init+0x88>)
1000162c:	601a      	str	r2, [r3, #0]
1000162e:	f503 5380 	add.w	r3, r3, #4096	@ 0x1000
10001632:	601a      	str	r2, [r3, #0]
10001634:	68a3      	ldr	r3, [r4, #8]
10001636:	ea32 0303 	bics.w	r3, r2, r3
1000163a:	d1fb      	bne.n	10001634 <pll_init+0x34>
1000163c:	2221      	movs	r2, #33	@ 0x21
1000163e:	f500 5340 	add.w	r3, r0, #12288	@ 0x3000
10001642:	3304      	adds	r3, #4
10001644:	6001      	str	r1, [r0, #0]
10001646:	6086      	str	r6, [r0, #8]
10001648:	601a      	str	r2, [r3, #0]
1000164a:	6802      	ldr	r2, [r0, #0]
1000164c:	2a00      	cmp	r2, #0
1000164e:	dafc      	bge.n	1000164a <pll_init+0x4a>
10001650:	2208      	movs	r2, #8
10001652:	60c5      	str	r5, [r0, #12]
10001654:	601a      	str	r2, [r3, #0]
10001656:	bc70      	pop	{r4, r5, r6}
10001658:	4770      	bx	lr
1000165a:	6803      	ldr	r3, [r0, #0]
1000165c:	f003 033f 	and.w	r3, r3, #63	@ 0x3f
10001660:	428b      	cmp	r3, r1
10001662:	d1da      	bne.n	1000161a <pll_init+0x1a>
10001664:	6883      	ldr	r3, [r0, #8]
10001666:	f3c3 030b 	ubfx	r3, r3, #0, #12
1000166a:	42b3      	cmp	r3, r6
1000166c:	d1d5      	bne.n	1000161a <pll_init+0x1a>
1000166e:	68c3      	ldr	r3, [r0, #12]
10001670:	f403 23ee 	and.w	r3, r3, #487424	@ 0x77000
10001674:	42ab      	cmp	r3, r5
10001676:	d1d0      	bne.n	1000161a <pll_init+0x1a>
10001678:	e7ed      	b.n	10001656 <pll_init+0x56>
1000167a:	bf00      	nop
1000167c:	00b71b00 	.word	0x00b71b00
10001680:	40058000 	.word	0x40058000
10001684:	40022000 	.word	0x40022000
10001688:	40020000 	.word	0x40020000

1000168c <watchdog_reboot>:
1000168c:	b430      	push	{r4, r5}
1000168e:	f04f 4480 	mov.w	r4, #1073741824	@ 0x40000000
10001692:	4b1c      	ldr	r3, [pc, #112]	@ (10001704 <watchdog_reboot+0x78>)
10001694:	601c      	str	r4, [r3, #0]
10001696:	b1e0      	cbz	r0, 100016d2 <watchdog_reboot+0x46>
10001698:	4c1b      	ldr	r4, [pc, #108]	@ (10001708 <watchdog_reboot+0x7c>)
1000169a:	f5a3 5340 	sub.w	r3, r3, #12288	@ 0x3000
1000169e:	61dc      	str	r4, [r3, #28]
100016a0:	4c1a      	ldr	r4, [pc, #104]	@ (1000170c <watchdog_reboot+0x80>)
100016a2:	f040 0001 	orr.w	r0, r0, #1
100016a6:	4044      	eors	r4, r0
100016a8:	621c      	str	r4, [r3, #32]
100016aa:	6259      	str	r1, [r3, #36]	@ 0x24
100016ac:	6298      	str	r0, [r3, #40]	@ 0x28
100016ae:	f04f 4580 	mov.w	r5, #1073741824	@ 0x40000000
100016b2:	f04f 61e0 	mov.w	r1, #117440512	@ 0x7000000
100016b6:	4b13      	ldr	r3, [pc, #76]	@ (10001704 <watchdog_reboot+0x78>)
100016b8:	4815      	ldr	r0, [pc, #84]	@ (10001710 <watchdog_reboot+0x84>)
100016ba:	4c16      	ldr	r4, [pc, #88]	@ (10001714 <watchdog_reboot+0x88>)
100016bc:	601d      	str	r5, [r3, #0]
100016be:	6084      	str	r4, [r0, #8]
100016c0:	6019      	str	r1, [r3, #0]
100016c2:	b94a      	cbnz	r2, 100016d8 <watchdog_reboot+0x4c>
100016c4:	bc30      	pop	{r4, r5}
100016c6:	f04f 4200 	mov.w	r2, #2147483648	@ 0x80000000
100016ca:	f5a3 5380 	sub.w	r3, r3, #4096	@ 0x1000
100016ce:	601a      	str	r2, [r3, #0]
100016d0:	4770      	bx	lr
100016d2:	4b11      	ldr	r3, [pc, #68]	@ (10001718 <watchdog_reboot+0x8c>)
100016d4:	61d8      	str	r0, [r3, #28]
100016d6:	e7ea      	b.n	100016ae <watchdog_reboot+0x22>
100016d8:	f44f 737a 	mov.w	r3, #1000	@ 0x3e8
100016dc:	fb03 f202 	mul.w	r2, r3, r2
100016e0:	f1b2 7f80 	cmp.w	r2, #16777216	@ 0x1000000
100016e4:	bf2a      	itet	cs
100016e6:	f06f 437f 	mvncs.w	r3, #4278190080	@ 0xff000000
100016ea:	4613      	movcc	r3, r2
100016ec:	461a      	movcs	r2, r3
100016ee:	f04f 4180 	mov.w	r1, #1073741824	@ 0x40000000
100016f2:	4c0a      	ldr	r4, [pc, #40]	@ (1000171c <watchdog_reboot+0x90>)
100016f4:	4808      	ldr	r0, [pc, #32]	@ (10001718 <watchdog_reboot+0x8c>)
100016f6:	6023      	str	r3, [r4, #0]
100016f8:	4b09      	ldr	r3, [pc, #36]	@ (10001720 <watchdog_reboot+0x94>)
100016fa:	6042      	str	r2, [r0, #4]
100016fc:	bc30      	pop	{r4, r5}
100016fe:	6019      	str	r1, [r3, #0]
10001700:	4770      	bx	lr
10001702:	bf00      	nop
10001704:	400db000 	.word	0x400db000
10001708:	b007c0d3 	.word	0xb007c0d3
1000170c:	4ff83f2d 	.word	0x4ff83f2d
10001710:	4001a000 	.word	0x4001a000
10001714:	01fffff3 	.word	0x01fffff3
10001718:	400d8000 	.word	0x400d8000
1000171c:	20001dec 	.word	0x20001dec
10001720:	400da000 	.word	0x400da000

10001724 <tick_start>:
10001724:	2301      	movs	r3, #1
10001726:	eb00 0040 	add.w	r0, r0, r0, lsl #1
1000172a:	0080      	lsls	r0, r0, #2
1000172c:	f100 4080 	add.w	r0, r0, #1073741824	@ 0x40000000
10001730:	f500 1084 	add.w	r0, r0, #1081344	@ 0x108000
10001734:	6041      	str	r1, [r0, #4]
10001736:	6003      	str	r3, [r0, #0]
10001738:	4770      	bx	lr
1000173a:	bf00      	nop

1000173c <rom_reboot.constprop.0.isra.0>:
1000173c:	2300      	movs	r3, #0
1000173e:	b570      	push	{r4, r5, r6, lr}
10001740:	8adb      	ldrh	r3, [r3, #22]
10001742:	4604      	mov	r4, r0
10001744:	460d      	mov	r5, r1
10001746:	2200      	movs	r2, #0
10001748:	e842 f200 	tt	r2, r2
1000174c:	0252      	lsls	r2, r2, #9
1000174e:	bf54      	ite	pl
10001750:	2110      	movpl	r1, #16
10001752:	2104      	movmi	r1, #4
10001754:	f244 2052 	movw	r0, #16978	@ 0x4252
10001758:	4798      	blx	r3
1000175a:	4686      	mov	lr, r0
1000175c:	462b      	mov	r3, r5
1000175e:	4622      	mov	r2, r4
10001760:	46f4      	mov	ip, lr
10001762:	e8bd 4070 	ldmia.w	sp!, {r4, r5, r6, lr}
10001766:	210a      	movs	r1, #10
10001768:	f44f 7081 	mov.w	r0, #258	@ 0x102
1000176c:	4760      	bx	ip
1000176e:	bf00      	nop

10001770 <rom_func_lookup>:
10001770:	2300      	movs	r3, #0
10001772:	8adb      	ldrh	r3, [r3, #22]
10001774:	2200      	movs	r2, #0
10001776:	e842 f200 	tt	r2, r2
1000177a:	0252      	lsls	r2, r2, #9
1000177c:	d401      	bmi.n	10001782 <rom_func_lookup+0x12>
1000177e:	2110      	movs	r1, #16
10001780:	4718      	bx	r3
10001782:	2104      	movs	r1, #4
10001784:	4718      	bx	r3
10001786:	bf00      	nop

10001788 <rom_reset_usb_boot_extra>:
10001788:	b508      	push	{r3, lr}
1000178a:	4603      	mov	r3, r0
1000178c:	4608      	mov	r0, r1
1000178e:	1e19      	subs	r1, r3, #0
10001790:	db02      	blt.n	10001798 <rom_reset_usb_boot_extra+0x10>
10001792:	b11a      	cbz	r2, 1000179c <rom_reset_usb_boot_extra+0x14>
10001794:	f040 0030 	orr.w	r0, r0, #48	@ 0x30
10001798:	f7ff ffd0 	bl	1000173c <rom_reboot.constprop.0.isra.0>
1000179c:	f040 0020 	orr.w	r0, r0, #32
100017a0:	e7fa      	b.n	10001798 <rom_reset_usb_boot_extra+0x10>
100017a2:	bf00      	nop

100017a4 <runtime_init_bootrom_locking_enable>:
100017a4:	4a03      	ldr	r2, [pc, #12]	@ (100017b4 <runtime_init_bootrom_locking_enable+0x10>)
100017a6:	f8d2 3828 	ldr.w	r3, [r2, #2088]	@ 0x828
100017aa:	2b00      	cmp	r3, #0
100017ac:	d0fb      	beq.n	100017a6 <runtime_init_bootrom_locking_enable+0x2>
100017ae:	f3bf 8f5f 	dmb	sy
100017b2:	4770      	bx	lr
100017b4:	400e0000 	.word	0x400e0000

100017b8 <runtime_init_boot_locks_reset>:
100017b8:	2100      	movs	r1, #0
100017ba:	4b04      	ldr	r3, [pc, #16]	@ (100017cc <runtime_init_boot_locks_reset+0x14>)
100017bc:	4a04      	ldr	r2, [pc, #16]	@ (100017d0 <runtime_init_boot_locks_reset+0x18>)
100017be:	f3bf 8f5f 	dmb	sy
100017c2:	f843 1b04 	str.w	r1, [r3], #4
100017c6:	4293      	cmp	r3, r2
100017c8:	d1f9      	bne.n	100017be <runtime_init_boot_locks_reset+0x6>
100017ca:	4770      	bx	lr
100017cc:	400e080c 	.word	0x400e080c
100017d0:	400e082c 	.word	0x400e082c

100017d4 <xosc_init>:
100017d4:	b410      	push	{r4}
100017d6:	f44f 708d 	mov.w	r0, #282	@ 0x11a
100017da:	f44f 642a 	mov.w	r4, #2720	@ 0xaa0
100017de:	4a06      	ldr	r2, [pc, #24]	@ (100017f8 <xosc_init+0x24>)
100017e0:	4b06      	ldr	r3, [pc, #24]	@ (100017fc <xosc_init+0x28>)
100017e2:	4907      	ldr	r1, [pc, #28]	@ (10001800 <xosc_init+0x2c>)
100017e4:	6014      	str	r4, [r2, #0]
100017e6:	60d0      	str	r0, [r2, #12]
100017e8:	6019      	str	r1, [r3, #0]
100017ea:	6853      	ldr	r3, [r2, #4]
100017ec:	2b00      	cmp	r3, #0
100017ee:	dafc      	bge.n	100017ea <xosc_init+0x16>
100017f0:	f85d 4b04 	ldr.w	r4, [sp], #4
100017f4:	4770      	bx	lr
100017f6:	bf00      	nop
100017f8:	40048000 	.word	0x40048000
100017fc:	4004a000 	.word	0x4004a000
10001800:	00fab000 	.word	0x00fab000

10001804 <first_per_core_initializer>:
10001804:	4770      	bx	lr
10001806:	bf00      	nop

10001808 <hard_assertion_failure>:
10001808:	b508      	push	{r3, lr}
1000180a:	4801      	ldr	r0, [pc, #4]	@ (10001810 <hard_assertion_failure+0x8>)
1000180c:	f7fe fe84 	bl	10000518 <panic>
10001810:	1000667c 	.word	0x1000667c

10001814 <runtime_run_initializers>:
10001814:	b538      	push	{r3, r4, r5, lr}
10001816:	4c05      	ldr	r4, [pc, #20]	@ (1000182c <runtime_run_initializers+0x18>)
10001818:	4d05      	ldr	r5, [pc, #20]	@ (10001830 <runtime_run_initializers+0x1c>)
1000181a:	42ac      	cmp	r4, r5
1000181c:	d204      	bcs.n	10001828 <runtime_run_initializers+0x14>
1000181e:	f854 3b04 	ldr.w	r3, [r4], #4
10001822:	4798      	blx	r3
10001824:	42ac      	cmp	r4, r5
10001826:	d3fa      	bcc.n	1000181e <runtime_run_initializers+0xa>
10001828:	bd38      	pop	{r3, r4, r5, pc}
1000182a:	bf00      	nop
1000182c:	10006528 	.word	0x10006528
10001830:	10006568 	.word	0x10006568

10001834 <runtime_init_early_resets>:
10001834:	b410      	push	{r4}
10001836:	4807      	ldr	r0, [pc, #28]	@ (10001854 <runtime_init_early_resets+0x20>)
10001838:	4c07      	ldr	r4, [pc, #28]	@ (10001858 <runtime_init_early_resets+0x24>)
1000183a:	4b08      	ldr	r3, [pc, #32]	@ (1000185c <runtime_init_early_resets+0x28>)
1000183c:	4a08      	ldr	r2, [pc, #32]	@ (10001860 <runtime_init_early_resets+0x2c>)
1000183e:	4909      	ldr	r1, [pc, #36]	@ (10001864 <runtime_init_early_resets+0x30>)
10001840:	6004      	str	r4, [r0, #0]
10001842:	601a      	str	r2, [r3, #0]
10001844:	688b      	ldr	r3, [r1, #8]
10001846:	ea32 0303 	bics.w	r3, r2, r3
1000184a:	d1fb      	bne.n	10001844 <runtime_init_early_resets+0x10>
1000184c:	f85d 4b04 	ldr.w	r4, [sp], #4
10001850:	4770      	bx	lr
10001852:	bf00      	nop
10001854:	40022000 	.word	0x40022000
10001858:	efef3b7f 	.word	0xefef3b7f
1000185c:	40023000 	.word	0x40023000
10001860:	03f3fff6 	.word	0x03f3fff6
10001864:	40020000 	.word	0x40020000

10001868 <runtime_init_usb_power_down>:
10001868:	4b04      	ldr	r3, [pc, #16]	@ (1000187c <runtime_init_usb_power_down+0x14>)
1000186a:	6cdb      	ldr	r3, [r3, #76]	@ 0x4c
1000186c:	f5b3 4f00 	cmp.w	r3, #32768	@ 0x8000
10001870:	d103      	bne.n	1000187a <runtime_init_usb_power_down+0x12>
10001872:	f44f 2280 	mov.w	r2, #262144	@ 0x40000
10001876:	4b02      	ldr	r3, [pc, #8]	@ (10001880 <runtime_init_usb_power_down+0x18>)
10001878:	64da      	str	r2, [r3, #76]	@ 0x4c
1000187a:	4770      	bx	lr
1000187c:	50110000 	.word	0x50110000
10001880:	50112000 	.word	0x50112000

10001884 <runtime_init_per_core_enable_coprocessors>:
10001884:	f04f 22e0 	mov.w	r2, #3758153728	@ 0xe000e000
10001888:	4b04      	ldr	r3, [pc, #16]	@ (1000189c <runtime_init_per_core_enable_coprocessors+0x18>)
1000188a:	f8d2 1d88 	ldr.w	r1, [r2, #3464]	@ 0xd88
1000188e:	430b      	orrs	r3, r1
10001890:	f8c2 3d88 	str.w	r3, [r2, #3464]	@ 0xd88
10001894:	ee10 0430 			dcp_rcmp r0
10001898:	4770      	bx	lr
1000189a:	bf00      	nop
1000189c:	00300303 	.word	0x00300303

100018a0 <runtime_init_post_clock_resets>:
100018a0:	f06f 4160 	mvn.w	r1, #3758096384	@ 0xe0000000
100018a4:	4b04      	ldr	r3, [pc, #16]	@ (100018b8 <runtime_init_post_clock_resets+0x18>)
100018a6:	4a05      	ldr	r2, [pc, #20]	@ (100018bc <runtime_init_post_clock_resets+0x1c>)
100018a8:	6019      	str	r1, [r3, #0]
100018aa:	6893      	ldr	r3, [r2, #8]
100018ac:	43db      	mvns	r3, r3
100018ae:	f033 4360 	bics.w	r3, r3, #3758096384	@ 0xe0000000
100018b2:	d1fa      	bne.n	100018aa <runtime_init_post_clock_resets+0xa>
100018b4:	4770      	bx	lr
100018b6:	bf00      	nop
100018b8:	40023000 	.word	0x40023000
100018bc:	40020000 	.word	0x40020000

100018c0 <runtime_init_bootrom_reset>:
100018c0:	b510      	push	{r4, lr}
100018c2:	f245 2053 	movw	r0, #21075	@ 0x5253
100018c6:	f7ff ff53 	bl	10001770 <rom_func_lookup>
100018ca:	e8bd 4010 	ldmia.w	sp!, {r4, lr}
100018ce:	4603      	mov	r3, r0
100018d0:	2004      	movs	r0, #4
100018d2:	4718      	bx	r3

100018d4 <runtime_init_per_core_bootrom_reset>:
100018d4:	b510      	push	{r4, lr}
100018d6:	f245 2053 	movw	r0, #21075	@ 0x5253
100018da:	f7ff ff49 	bl	10001770 <rom_func_lookup>
100018de:	e8bd 4010 	ldmia.w	sp!, {r4, lr}
100018e2:	4603      	mov	r3, r0
100018e4:	2001      	movs	r0, #1
100018e6:	4718      	bx	r3

100018e8 <runtime_init_spin_locks_reset>:
100018e8:	f7fe beda 	b.w	100006a0 <spin_locks_reset>

100018ec <runtime_init_install_ram_vector_table>:
100018ec:	4914      	ldr	r1, [pc, #80]	@ (10001940 <runtime_init_install_ram_vector_table+0x54>)
100018ee:	4b15      	ldr	r3, [pc, #84]	@ (10001944 <runtime_init_install_ram_vector_table+0x58>)
100018f0:	b570      	push	{r4, r5, r6, lr}
100018f2:	1a5c      	subs	r4, r3, r1
100018f4:	10a6      	asrs	r6, r4, #2
100018f6:	2e44      	cmp	r6, #68	@ 0x44
100018f8:	4632      	mov	r2, r6
100018fa:	bf28      	it	cs
100018fc:	2244      	movcs	r2, #68	@ 0x44
100018fe:	4d12      	ldr	r5, [pc, #72]	@ (10001948 <runtime_init_install_ram_vector_table+0x5c>)
10001900:	0092      	lsls	r2, r2, #2
10001902:	4628      	mov	r0, r5
10001904:	f004 fd40 	bl	10006388 <memcpy>
10001908:	f5b4 7f86 	cmp.w	r4, #268	@ 0x10c
1000190c:	d813      	bhi.n	10001936 <runtime_init_install_ram_vector_table+0x4a>
1000190e:	4a0f      	ldr	r2, [pc, #60]	@ (1000194c <runtime_init_install_ram_vector_table+0x60>)
10001910:	f1c6 0044 	rsb	r0, r6, #68	@ 0x44
10001914:	d012      	beq.n	1000193c <runtime_init_install_ram_vector_table+0x50>
10001916:	192b      	adds	r3, r5, r4
10001918:	0841      	lsrs	r1, r0, #1
1000191a:	eb03 01c1 	add.w	r1, r3, r1, lsl #3
1000191e:	e9c3 2200 	strd	r2, r2, [r3]
10001922:	3308      	adds	r3, #8
10001924:	428b      	cmp	r3, r1
10001926:	d1fa      	bne.n	1000191e <runtime_init_install_ram_vector_table+0x32>
10001928:	07c3      	lsls	r3, r0, #31
1000192a:	d504      	bpl.n	10001936 <runtime_init_install_ram_vector_table+0x4a>
1000192c:	f020 0001 	bic.w	r0, r0, #1
10001930:	4430      	add	r0, r6
10001932:	f845 2020 	str.w	r2, [r5, r0, lsl #2]
10001936:	4b06      	ldr	r3, [pc, #24]	@ (10001950 <runtime_init_install_ram_vector_table+0x64>)
10001938:	609d      	str	r5, [r3, #8]
1000193a:	bd70      	pop	{r4, r5, r6, pc}
1000193c:	2043      	movs	r0, #67	@ 0x43
1000193e:	e7f8      	b.n	10001932 <runtime_init_install_ram_vector_table+0x46>
10001940:	10000000 	.word	0x10000000
10001944:	10000110 	.word	0x10000110
10001948:	20000000 	.word	0x20000000
1000194c:	10000111 	.word	0x10000111
10001950:	e000ed00 	.word	0xe000ed00

10001954 <runtime_init_clocks>:
10001954:	2300      	movs	r3, #0
10001956:	b570      	push	{r4, r5, r6, lr}
10001958:	4c2b      	ldr	r4, [pc, #172]	@ (10001a08 <runtime_init_clocks+0xb4>)
1000195a:	b082      	sub	sp, #8
1000195c:	f8c4 3084 	str.w	r3, [r4, #132]	@ 0x84
10001960:	f7ff ff38 	bl	100017d4 <xosc_init>
10001964:	2201      	movs	r2, #1
10001966:	4b29      	ldr	r3, [pc, #164]	@ (10001a0c <runtime_init_clocks+0xb8>)
10001968:	63da      	str	r2, [r3, #60]	@ 0x3c
1000196a:	6c63      	ldr	r3, [r4, #68]	@ 0x44
1000196c:	2b01      	cmp	r3, #1
1000196e:	d1fc      	bne.n	1000196a <runtime_init_clocks+0x16>
10001970:	2103      	movs	r1, #3
10001972:	4a26      	ldr	r2, [pc, #152]	@ (10001a0c <runtime_init_clocks+0xb8>)
10001974:	4b24      	ldr	r3, [pc, #144]	@ (10001a08 <runtime_init_clocks+0xb4>)
10001976:	6311      	str	r1, [r2, #48]	@ 0x30
10001978:	6b9c      	ldr	r4, [r3, #56]	@ 0x38
1000197a:	2c01      	cmp	r4, #1
1000197c:	d1fc      	bne.n	10001978 <runtime_init_clocks+0x24>
1000197e:	2602      	movs	r6, #2
10001980:	2505      	movs	r5, #5
10001982:	4621      	mov	r1, r4
10001984:	2305      	movs	r3, #5
10001986:	4a22      	ldr	r2, [pc, #136]	@ (10001a10 <runtime_init_clocks+0xbc>)
10001988:	4822      	ldr	r0, [pc, #136]	@ (10001a14 <runtime_init_clocks+0xc0>)
1000198a:	9600      	str	r6, [sp, #0]
1000198c:	f7ff fe38 	bl	10001600 <pll_init>
10001990:	4621      	mov	r1, r4
10001992:	462b      	mov	r3, r5
10001994:	4a20      	ldr	r2, [pc, #128]	@ (10001a18 <runtime_init_clocks+0xc4>)
10001996:	4821      	ldr	r0, [pc, #132]	@ (10001a1c <runtime_init_clocks+0xc8>)
10001998:	9500      	str	r5, [sp, #0]
1000199a:	f7ff fe31 	bl	10001600 <pll_init>
1000199e:	2200      	movs	r2, #0
100019a0:	2004      	movs	r0, #4
100019a2:	4631      	mov	r1, r6
100019a4:	4b1e      	ldr	r3, [pc, #120]	@ (10001a20 <runtime_init_clocks+0xcc>)
100019a6:	f7ff fdbd 	bl	10001524 <clock_configure_undivided>
100019aa:	4621      	mov	r1, r4
100019ac:	4628      	mov	r0, r5
100019ae:	2200      	movs	r2, #0
100019b0:	4b1c      	ldr	r3, [pc, #112]	@ (10001a24 <runtime_init_clocks+0xd0>)
100019b2:	f7ff fdb7 	bl	10001524 <clock_configure_undivided>
100019b6:	2200      	movs	r2, #0
100019b8:	2008      	movs	r0, #8
100019ba:	4611      	mov	r1, r2
100019bc:	4b1a      	ldr	r3, [pc, #104]	@ (10001a28 <runtime_init_clocks+0xd4>)
100019be:	f7ff fdb1 	bl	10001524 <clock_configure_undivided>
100019c2:	2200      	movs	r2, #0
100019c4:	2009      	movs	r0, #9
100019c6:	4611      	mov	r1, r2
100019c8:	4b17      	ldr	r3, [pc, #92]	@ (10001a28 <runtime_init_clocks+0xd4>)
100019ca:	f7ff fdab 	bl	10001524 <clock_configure_undivided>
100019ce:	2200      	movs	r2, #0
100019d0:	2006      	movs	r0, #6
100019d2:	4611      	mov	r1, r2
100019d4:	4b13      	ldr	r3, [pc, #76]	@ (10001a24 <runtime_init_clocks+0xd0>)
100019d6:	f7ff fda5 	bl	10001524 <clock_configure_undivided>
100019da:	2200      	movs	r2, #0
100019dc:	4b11      	ldr	r3, [pc, #68]	@ (10001a24 <runtime_init_clocks+0xd0>)
100019de:	2007      	movs	r0, #7
100019e0:	4611      	mov	r1, r2
100019e2:	f7ff fd9f 	bl	10001524 <clock_configure_undivided>
100019e6:	2004      	movs	r0, #4
100019e8:	f7ff fe04 	bl	100015f4 <clock_get_hz>
100019ec:	2400      	movs	r4, #0
100019ee:	4b0f      	ldr	r3, [pc, #60]	@ (10001a2c <runtime_init_clocks+0xd8>)
100019f0:	fba3 3500 	umull	r3, r5, r3, r0
100019f4:	0cad      	lsrs	r5, r5, #18
100019f6:	b2e0      	uxtb	r0, r4
100019f8:	4629      	mov	r1, r5
100019fa:	3401      	adds	r4, #1
100019fc:	f7ff fe92 	bl	10001724 <tick_start>
10001a00:	2c06      	cmp	r4, #6
10001a02:	d1f8      	bne.n	100019f6 <runtime_init_clocks+0xa2>
10001a04:	b002      	add	sp, #8
10001a06:	bd70      	pop	{r4, r5, r6, pc}
10001a08:	40010000 	.word	0x40010000
10001a0c:	40013000 	.word	0x40013000
10001a10:	59682f00 	.word	0x59682f00
10001a14:	40050000 	.word	0x40050000
10001a18:	47868c00 	.word	0x47868c00
10001a1c:	40058000 	.word	0x40058000
10001a20:	00b71b00 	.word	0x00b71b00
10001a24:	08f0d180 	.word	0x08f0d180
10001a28:	02dc6c00 	.word	0x02dc6c00
10001a2c:	431bde83 	.word	0x431bde83

10001a30 <generic_save_state>:
10001a30:	b086      	sub	sp, #24
10001a32:	b403      	push	{r0, r1}
10001a34:	fc51 0408 	dcp_pxmd r0, r1
10001a38:	e9cd 0102 	strd	r0, r1, [sp, #8]
10001a3c:	fc51 0409 	dcp_pymd r0, r1
10001a40:	e9cd 0104 	strd	r0, r1, [sp, #16]
10001a44:	ec51 040a 	dcp_refd r0, r1
10001a48:	e9cd 0106 	strd	r0, r1, [sp, #24]
10001a4c:	bc03      	pop	{r0, r1}
10001a4e:	47f0      	blx	lr

10001a50 <generic_restore_state>:
10001a50:	e8bd 5000 	ldmia.w	sp!, {ip, lr}
10001a54:	ec4e c400 	dcp_wxmd ip, lr
10001a58:	e8bd 5000 	ldmia.w	sp!, {ip, lr}
10001a5c:	ec4e c401 	dcp_wymd ip, lr
10001a60:	e8bd 5000 	ldmia.w	sp!, {ip, lr}
10001a64:	ec4e c402 	dcp_wefd ip, lr
10001a68:	bd00      	pop	{pc}
10001a6a:	0000      	movs	r0, r0
10001a6c:	b500      	push	{lr}
10001a6e:	f7ff ffdf 	bl	10001a30 <generic_save_state>
10001a72:	e002      	b.n	10001a7a <__wrap___aeabi_dadd+0x6>

10001a74 <__wrap___aeabi_dadd>:
10001a74:	fe10 f430 	dcp_pcmp APSR_nzcv
10001a78:	d4f8      	bmi.n	10001a6c <generic_restore_state+0x1c>
10001a7a:	ec41 0410 	dcp_wxup r0, r1
10001a7e:	ec43 2411 	dcp_wyup r2, r3
10001a82:	ee00 0401 			dcp_add0
10001a86:	ee10 0401 			dcp_add1
10001a8a:	ee80 0420 			dcp_nrdd
10001a8e:	ec51 0410 	dcp_rdda r0, r1
10001a92:	4770      	bx	lr
10001a94:	b500      	push	{lr}
10001a96:	f7ff ffcb 	bl	10001a30 <generic_save_state>
10001a9a:	e002      	b.n	10001aa2 <__wrap___aeabi_dsub+0x6>

10001a9c <__wrap___aeabi_dsub>:
10001a9c:	fe10 f430 	dcp_pcmp APSR_nzcv
10001aa0:	d4f8      	bmi.n	10001a94 <__wrap___aeabi_dadd+0x20>
10001aa2:	ec41 0410 	dcp_wxup r0, r1
10001aa6:	ec43 2411 	dcp_wyup r2, r3
10001aaa:	ee00 0401 			dcp_add0
10001aae:	ee10 0421 			dcp_sub1
10001ab2:	ee80 0420 			dcp_nrdd
10001ab6:	ec51 0430 	dcp_rdds r0, r1
10001aba:	4770      	bx	lr
10001abc:	b500      	push	{lr}
10001abe:	f7ff ffb7 	bl	10001a30 <generic_save_state>
10001ac2:	e002      	b.n	10001aca <__wrap___aeabi_dmul+0x6>

10001ac4 <__wrap___aeabi_dmul>:
10001ac4:	fe10 f430 	dcp_pcmp APSR_nzcv
10001ac8:	d4f8      	bmi.n	10001abc <__wrap___aeabi_dsub+0x20>
10001aca:	b510      	push	{r4, lr}
10001acc:	ec41 0410 	dcp_wxup r0, r1
10001ad0:	ec43 2411 	dcp_wyup r2, r3
10001ad4:	ec51 0404 	dcp_rxms r0, r1, #0x0
10001ad8:	ec53 2405 	dcp_ryms r2, r3, #0x0
10001adc:	fba0 4c02 	umull	r4, ip, r0, r2
10001ae0:	f05f 0e00 	movs.w	lr, #0
10001ae4:	fbe0 ce03 	umlal	ip, lr, r0, r3
10001ae8:	fbe1 ce02 	umlal	ip, lr, r1, r2
10001aec:	ec4c 4420 	dcp_wxms r4, ip
10001af0:	2400      	movs	r4, #0
10001af2:	fbe1 e403 	umlal	lr, r4, r1, r3
10001af6:	ec44 e430 	dcp_wxmo lr, r4
10001afa:	ee80 0420 			dcp_nrdd
10001afe:	ec51 0450 	dcp_rddm r0, r1
10001b02:	e8bd 4010 	ldmia.w	sp!, {r4, lr}
10001b06:	4770      	bx	lr
10001b08:	b500      	push	{lr}
10001b0a:	f7ff ff91 	bl	10001a30 <generic_save_state>
10001b0e:	e002      	b.n	10001b16 <__wrap___aeabi_ddiv+0x6>

10001b10 <__wrap___aeabi_ddiv>:
10001b10:	fe10 f430 	dcp_pcmp APSR_nzcv
10001b14:	d4f8      	bmi.n	10001b08 <__wrap___aeabi_dmul+0x44>
10001b16:	ec41 0410 	dcp_wxup r0, r1
10001b1a:	ec43 2411 	dcp_wyup r2, r3
10001b1e:	ec51 0421 	dcp_rymr r0, r1
10001b22:	fba0 1201 	umull	r1, r2, r0, r1
10001b26:	ea6f 0282 	mvn.w	r2, r2, lsl #2
10001b2a:	fb52 0010 	smmlar	r0, r2, r0, r0
10001b2e:	fb52 f212 	smmulr	r2, r2, r2
10001b32:	fb52 0010 	smmlar	r0, r2, r0, r0
10001b36:	eba0 7cd0 	sub.w	ip, r0, r0, lsr #31
10001b3a:	ec53 2404 	dcp_rxms r2, r3, #0x0
10001b3e:	fb5c f113 	smmulr	r1, ip, r3
10001b42:	ec53 2415 	dcp_ryms r2, r3, #0x1
10001b46:	fba1 2002 	umull	r2, r0, r1, r2
10001b4a:	fb01 0003 	mla	r0, r1, r3, r0
10001b4e:	ec53 2444 	dcp_rxms r2, r3, #0x4
10001b52:	eba2 0000 	sub.w	r0, r2, r0
10001b56:	fb50 f21c 	smmulr	r2, r0, ip
10001b5a:	ea4f 1311 	mov.w	r3, r1, lsr #4
10001b5e:	eb12 7001 	adds.w	r0, r2, r1, lsl #28
10001b62:	eb43 71e2 	adc.w	r1, r3, r2, asr #31
10001b66:	ea40 5051 	orr.w	r0, r0, r1, lsr #21
10001b6a:	ea20 5091 	bic.w	r0, r0, r1, lsr #22
10001b6e:	f020 0007 	bic.w	r0, r0, #7
10001b72:	ec53 2475 	dcp_ryms r2, r3, #0x7
10001b76:	fba0 3c02 	umull	r3, ip, r0, r2
10001b7a:	ec53 2475 	dcp_ryms r2, r3, #0x7
10001b7e:	fb00 cc03 	mla	ip, r0, r3, ip
10001b82:	fb01 cc02 	mla	ip, r1, r2, ip
10001b86:	ec53 2404 	dcp_rxms r2, r3, #0x0
10001b8a:	ebac 4c82 	sub.w	ip, ip, r2, lsl #18
10001b8e:	ea40 705c 	orr.w	r0, r0, ip, lsr #29
10001b92:	f1a0 0001 	sub.w	r0, r0, #1
10001b96:	ec41 0440 	dcp_wxdd r0, r1
10001b9a:	ee80 0420 			dcp_nrdd
10001b9e:	ec51 0470 	dcp_rddd r0, r1
10001ba2:	4770      	bx	lr
10001ba4:	b500      	push	{lr}
10001ba6:	f7ff ff43 	bl	10001a30 <generic_save_state>
10001baa:	e002      	b.n	10001bb2 <__wrap___aeabi_i2d+0x6>

10001bac <__wrap___aeabi_i2d>:
10001bac:	fe10 f430 	dcp_pcmp APSR_nzcv
10001bb0:	d4f8      	bmi.n	10001ba4 <__wrap___aeabi_ddiv+0x94>
10001bb2:	ec40 0470 	dcp_wxic r0, r0
10001bb6:	ee00 0401 			dcp_add0
10001bba:	ee10 0421 			dcp_sub1
10001bbe:	ee80 0420 			dcp_nrdd
10001bc2:	ec51 0430 	dcp_rdds r0, r1
10001bc6:	4770      	bx	lr
10001bc8:	b500      	push	{lr}
10001bca:	f7ff ff31 	bl	10001a30 <generic_save_state>
10001bce:	e002      	b.n	10001bd6 <__wrap___aeabi_ui2d+0x6>

10001bd0 <__wrap___aeabi_ui2d>:
10001bd0:	fe10 f430 	dcp_pcmp APSR_nzcv
10001bd4:	d4f8      	bmi.n	10001bc8 <__wrap___aeabi_i2d+0x1c>
10001bd6:	ec40 0460 	dcp_wxuc r0, r0
10001bda:	ee00 0401 			dcp_add0
10001bde:	ee10 0421 			dcp_sub1
10001be2:	ee80 0420 			dcp_nrdd
10001be6:	ec51 0430 	dcp_rdds r0, r1
10001bea:	4770      	bx	lr
10001bec:	b500      	push	{lr}
10001bee:	f7ff ff1f 	bl	10001a30 <generic_save_state>
10001bf2:	e002      	b.n	10001bfa <double2int_z_entry>

10001bf4 <__wrap___aeabi_d2iz>:
10001bf4:	fe10 f430 	dcp_pcmp APSR_nzcv
10001bf8:	d4f8      	bmi.n	10001bec <__wrap___aeabi_ui2d+0x1c>

10001bfa <double2int_z_entry>:
10001bfa:	ec41 0480 	dcp_wxdc r0, r1
10001bfe:	ee00 0401 			dcp_add0
10001c02:	ee10 0401 			dcp_add1
10001c06:	ee80 0440 			dcp_ntdc
10001c0a:	ee10 0413 			dcp_rdic r0
10001c0e:	4770      	bx	lr
10001c10:	b500      	push	{lr}
10001c12:	f7ff ff0d 	bl	10001a30 <generic_save_state>
10001c16:	e002      	b.n	10001c1e <double2uint_z_entry>

10001c18 <__wrap___aeabi_d2uiz>:
10001c18:	fe10 f430 	dcp_pcmp APSR_nzcv
10001c1c:	d4f8      	bmi.n	10001c10 <double2int_z_entry+0x16>

10001c1e <double2uint_z_entry>:
10001c1e:	ec41 0480 	dcp_wxdc r0, r1
10001c22:	ee00 0401 			dcp_add0
10001c26:	ee10 0401 			dcp_add1
10001c2a:	ee80 0440 			dcp_ntdc
10001c2e:	ee10 0433 			dcp_rduc r0
10001c32:	4770      	bx	lr
10001c34:	b500      	push	{lr}
10001c36:	f7ff fefb 	bl	10001a30 <generic_save_state>
10001c3a:	e002      	b.n	10001c42 <__wrap___aeabi_dcmpun+0x6>

10001c3c <__wrap___aeabi_dcmpun>:
10001c3c:	fe10 f430 	dcp_pcmp APSR_nzcv
10001c40:	d4f8      	bmi.n	10001c34 <double2uint_z_entry+0x16>
10001c42:	ec41 0410 	dcp_wxup r0, r1
10001c46:	ec43 2411 	dcp_wyup r2, r3
10001c4a:	ee00 0401 			dcp_add0
10001c4e:	ee10 0430 			dcp_rcmp r0
10001c52:	f3c0 7000 	ubfx	r0, r0, #28, #1
10001c56:	4770      	bx	lr
10001c58:	b500      	push	{lr}
10001c5a:	f7ff fee9 	bl	10001a30 <generic_save_state>
10001c5e:	e002      	b.n	10001c66 <__wrap___aeabi_dcmplt+0x6>

10001c60 <__wrap___aeabi_dcmplt>:
10001c60:	fe10 f430 	dcp_pcmp APSR_nzcv
10001c64:	d4f8      	bmi.n	10001c58 <__wrap___aeabi_dcmpun+0x1c>
10001c66:	ec43 2410 	dcp_wxup r2, r3
10001c6a:	ec41 0411 	dcp_wyup r0, r1
10001c6e:	ee00 0401 			dcp_add0
10001c72:	ee10 f430 			dcp_rcmp APSR_nzcv
10001c76:	bf8c      	ite	hi
10001c78:	2001      	movhi	r0, #1
10001c7a:	2000      	movls	r0, #0
10001c7c:	4770      	bx	lr
10001c7e:	bf00      	nop
10001c80:	b500      	push	{lr}
10001c82:	f7ff fed5 	bl	10001a30 <generic_save_state>
10001c86:	e002      	b.n	10001c8e <__wrap___aeabi_dcmple+0x6>

10001c88 <__wrap___aeabi_dcmple>:
10001c88:	fe10 f430 	dcp_pcmp APSR_nzcv
10001c8c:	d4f8      	bmi.n	10001c80 <__wrap___aeabi_dcmplt+0x20>
10001c8e:	ec43 2410 	dcp_wxup r2, r3
10001c92:	ec41 0411 	dcp_wyup r0, r1
10001c96:	ee00 0401 			dcp_add0
10001c9a:	ee10 f430 			dcp_rcmp APSR_nzcv
10001c9e:	bf2c      	ite	cs
10001ca0:	2001      	movcs	r0, #1
10001ca2:	2000      	movcc	r0, #0
10001ca4:	4770      	bx	lr
10001ca6:	bf00      	nop
10001ca8:	b500      	push	{lr}
10001caa:	f7ff fec1 	bl	10001a30 <generic_save_state>
10001cae:	e002      	b.n	10001cb6 <__wrap___aeabi_dcmpge+0x6>

10001cb0 <__wrap___aeabi_dcmpge>:
10001cb0:	fe10 f430 	dcp_pcmp APSR_nzcv
10001cb4:	d4f8      	bmi.n	10001ca8 <__wrap___aeabi_dcmple+0x20>
10001cb6:	ec41 0410 	dcp_wxup r0, r1
10001cba:	ec43 2411 	dcp_wyup r2, r3
10001cbe:	ee00 0401 			dcp_add0
10001cc2:	ee10 f430 			dcp_rcmp APSR_nzcv
10001cc6:	bf2c      	ite	cs
10001cc8:	2001      	movcs	r0, #1
10001cca:	2000      	movcc	r0, #0
10001ccc:	4770      	bx	lr
10001cce:	bf00      	nop
10001cd0:	b500      	push	{lr}
10001cd2:	f7ff fead 	bl	10001a30 <generic_save_state>
10001cd6:	e002      	b.n	10001cde <__wrap___aeabi_dcmpgt+0x6>

10001cd8 <__wrap___aeabi_dcmpgt>:
10001cd8:	fe10 f430 	dcp_pcmp APSR_nzcv
10001cdc:	d4f8      	bmi.n	10001cd0 <__wrap___aeabi_dcmpge+0x20>
10001cde:	ec41 0410 	dcp_wxup r0, r1
10001ce2:	ec43 2411 	dcp_wyup r2, r3
10001ce6:	ee00 0401 			dcp_add0
10001cea:	ee10 f430 			dcp_rcmp APSR_nzcv
10001cee:	bf8c      	ite	hi
10001cf0:	2001      	movhi	r0, #1
10001cf2:	2000      	movls	r0, #0
10001cf4:	4770      	bx	lr
10001cf6:	bf00      	nop

10001cf8 <_out_null>:
10001cf8:	4770      	bx	lr
10001cfa:	bf00      	nop

10001cfc <_out_rev>:
10001cfc:	e92d 4ff0 	stmdb	sp!, {r4, r5, r6, r7, r8, r9, sl, fp, lr}
10001d00:	b083      	sub	sp, #12
10001d02:	4699      	mov	r9, r3
10001d04:	e9dd ab0d 	ldrd	sl, fp, [sp, #52]	@ 0x34
10001d08:	9b0f      	ldr	r3, [sp, #60]	@ 0x3c
10001d0a:	4688      	mov	r8, r1
10001d0c:	4611      	mov	r1, r2
10001d0e:	079a      	lsls	r2, r3, #30
10001d10:	4607      	mov	r7, r0
10001d12:	d116      	bne.n	10001d42 <_out_rev+0x46>
10001d14:	45da      	cmp	sl, fp
10001d16:	d23a      	bcs.n	10001d8e <_out_rev+0x92>
10001d18:	460c      	mov	r4, r1
10001d1a:	460d      	mov	r5, r1
10001d1c:	ebab 060a 	sub.w	r6, fp, sl
10001d20:	440e      	add	r6, r1
10001d22:	4622      	mov	r2, r4
10001d24:	464b      	mov	r3, r9
10001d26:	4641      	mov	r1, r8
10001d28:	2020      	movs	r0, #32
10001d2a:	3401      	adds	r4, #1
10001d2c:	47b8      	blx	r7
10001d2e:	42b4      	cmp	r4, r6
10001d30:	d1f7      	bne.n	10001d22 <_out_rev+0x26>
10001d32:	4629      	mov	r1, r5
10001d34:	f1ba 0f00 	cmp.w	sl, #0
10001d38:	d108      	bne.n	10001d4c <_out_rev+0x50>
10001d3a:	4620      	mov	r0, r4
10001d3c:	b003      	add	sp, #12
10001d3e:	e8bd 8ff0 	ldmia.w	sp!, {r4, r5, r6, r7, r8, r9, sl, fp, pc}
10001d42:	460c      	mov	r4, r1
10001d44:	f1ba 0f00 	cmp.w	sl, #0
10001d48:	d010      	beq.n	10001d6c <_out_rev+0x70>
10001d4a:	460e      	mov	r6, r1
10001d4c:	4655      	mov	r5, sl
10001d4e:	9b0c      	ldr	r3, [sp, #48]	@ 0x30
10001d50:	442e      	add	r6, r5
10001d52:	449a      	add	sl, r3
10001d54:	9101      	str	r1, [sp, #4]
10001d56:	1b72      	subs	r2, r6, r5
10001d58:	464b      	mov	r3, r9
10001d5a:	3d01      	subs	r5, #1
10001d5c:	4641      	mov	r1, r8
10001d5e:	f81a 0d01 	ldrb.w	r0, [sl, #-1]!
10001d62:	4634      	mov	r4, r6
10001d64:	47b8      	blx	r7
10001d66:	2d00      	cmp	r5, #0
10001d68:	d1f5      	bne.n	10001d56 <_out_rev+0x5a>
10001d6a:	9901      	ldr	r1, [sp, #4]
10001d6c:	9b0f      	ldr	r3, [sp, #60]	@ 0x3c
10001d6e:	079b      	lsls	r3, r3, #30
10001d70:	d5e3      	bpl.n	10001d3a <_out_rev+0x3e>
10001d72:	1a65      	subs	r5, r4, r1
10001d74:	45ab      	cmp	fp, r5
10001d76:	d9e0      	bls.n	10001d3a <_out_rev+0x3e>
10001d78:	4622      	mov	r2, r4
10001d7a:	464b      	mov	r3, r9
10001d7c:	4641      	mov	r1, r8
10001d7e:	2020      	movs	r0, #32
10001d80:	3501      	adds	r5, #1
10001d82:	47b8      	blx	r7
10001d84:	455d      	cmp	r5, fp
10001d86:	f104 0401 	add.w	r4, r4, #1
10001d8a:	d3f5      	bcc.n	10001d78 <_out_rev+0x7c>
10001d8c:	e7d5      	b.n	10001d3a <_out_rev+0x3e>
10001d8e:	460c      	mov	r4, r1
10001d90:	f1ba 0f00 	cmp.w	sl, #0
10001d94:	d1d9      	bne.n	10001d4a <_out_rev+0x4e>
10001d96:	e7d0      	b.n	10001d3a <_out_rev+0x3e>

10001d98 <_ntoa_format>:
10001d98:	e92d 4ff0 	stmdb	sp!, {r4, r5, r6, r7, r8, r9, sl, fp, lr}
10001d9c:	9f0f      	ldr	r7, [sp, #60]	@ 0x3c
10001d9e:	f8dd 8024 	ldr.w	r8, [sp, #36]	@ 0x24
10001da2:	f017 0f02 	tst.w	r7, #2
10001da6:	9c0a      	ldr	r4, [sp, #40]	@ 0x28
10001da8:	f89d a02c 	ldrb.w	sl, [sp, #44]	@ 0x2c
10001dac:	9d0e      	ldr	r5, [sp, #56]	@ 0x38
10001dae:	e9dd 960c 	ldrd	r9, r6, [sp, #48]	@ 0x30
10001db2:	d144      	bne.n	10001e3e <_ntoa_format+0xa6>
10001db4:	bbf5      	cbnz	r5, 10001e34 <_ntoa_format+0x9c>
10001db6:	42b4      	cmp	r4, r6
10001db8:	d241      	bcs.n	10001e3e <_ntoa_format+0xa6>
10001dba:	f007 0b01 	and.w	fp, r7, #1
10001dbe:	f104 3cff 	add.w	ip, r4, #4294967295	@ 0xffffffff
10001dc2:	f04f 0e30 	mov.w	lr, #48	@ 0x30
10001dc6:	44c4      	add	ip, r8
10001dc8:	e004      	b.n	10001dd4 <_ntoa_format+0x3c>
10001dca:	3401      	adds	r4, #1
10001dcc:	42a6      	cmp	r6, r4
10001dce:	f80c ef01 	strb.w	lr, [ip, #1]!
10001dd2:	d901      	bls.n	10001dd8 <_ntoa_format+0x40>
10001dd4:	2c20      	cmp	r4, #32
10001dd6:	d1f8      	bne.n	10001dca <_ntoa_format+0x32>
10001dd8:	f1bb 0f00 	cmp.w	fp, #0
10001ddc:	f000 8088 	beq.w	10001ef0 <_ntoa_format+0x158>
10001de0:	42a5      	cmp	r5, r4
10001de2:	d92c      	bls.n	10001e3e <_ntoa_format+0xa6>
10001de4:	f104 3cff 	add.w	ip, r4, #4294967295	@ 0xffffffff
10001de8:	f04f 0e30 	mov.w	lr, #48	@ 0x30
10001dec:	44c4      	add	ip, r8
10001dee:	e004      	b.n	10001dfa <_ntoa_format+0x62>
10001df0:	3401      	adds	r4, #1
10001df2:	42ac      	cmp	r4, r5
10001df4:	f80c ef01 	strb.w	lr, [ip, #1]!
10001df8:	d021      	beq.n	10001e3e <_ntoa_format+0xa6>
10001dfa:	2c20      	cmp	r4, #32
10001dfc:	d1f8      	bne.n	10001df0 <_ntoa_format+0x58>
10001dfe:	f017 0f10 	tst.w	r7, #16
10001e02:	d00e      	beq.n	10001e22 <_ntoa_format+0x8a>
10001e04:	f417 6f80 	tst.w	r7, #1024	@ 0x400
10001e08:	d154      	bne.n	10001eb4 <_ntoa_format+0x11c>
10001e0a:	42a6      	cmp	r6, r4
10001e0c:	d063      	beq.n	10001ed6 <_ntoa_format+0x13e>
10001e0e:	42a5      	cmp	r5, r4
10001e10:	d061      	beq.n	10001ed6 <_ntoa_format+0x13e>
10001e12:	f1b9 0f10 	cmp.w	r9, #16
10001e16:	d050      	beq.n	10001eba <_ntoa_format+0x122>
10001e18:	f1b9 0f02 	cmp.w	r9, #2
10001e1c:	d056      	beq.n	10001ecc <_ntoa_format+0x134>
10001e1e:	2c20      	cmp	r4, #32
10001e20:	d129      	bne.n	10001e76 <_ntoa_format+0xde>
10001e22:	2420      	movs	r4, #32
10001e24:	e9cd 570b 	strd	r5, r7, [sp, #44]	@ 0x2c
10001e28:	e9cd 8409 	strd	r8, r4, [sp, #36]	@ 0x24
10001e2c:	e8bd 4ff0 	ldmia.w	sp!, {r4, r5, r6, r7, r8, r9, sl, fp, lr}
10001e30:	f7ff bf64 	b.w	10001cfc <_out_rev>
10001e34:	f017 0b01 	ands.w	fp, r7, #1
10001e38:	d134      	bne.n	10001ea4 <_ntoa_format+0x10c>
10001e3a:	42b4      	cmp	r4, r6
10001e3c:	d3bf      	bcc.n	10001dbe <_ntoa_format+0x26>
10001e3e:	f017 0f10 	tst.w	r7, #16
10001e42:	d01e      	beq.n	10001e82 <_ntoa_format+0xea>
10001e44:	f417 6f80 	tst.w	r7, #1024	@ 0x400
10001e48:	d1e3      	bne.n	10001e12 <_ntoa_format+0x7a>
10001e4a:	2c00      	cmp	r4, #0
10001e4c:	d1dd      	bne.n	10001e0a <_ntoa_format+0x72>
10001e4e:	f1b9 0f10 	cmp.w	r9, #16
10001e52:	d063      	beq.n	10001f1c <_ntoa_format+0x184>
10001e54:	f1b9 0f02 	cmp.w	r9, #2
10001e58:	d077      	beq.n	10001f4a <_ntoa_format+0x1b2>
10001e5a:	2430      	movs	r4, #48	@ 0x30
10001e5c:	f888 4000 	strb.w	r4, [r8]
10001e60:	2401      	movs	r4, #1
10001e62:	f1ba 0f00 	cmp.w	sl, #0
10001e66:	d111      	bne.n	10001e8c <_ntoa_format+0xf4>
10001e68:	077e      	lsls	r6, r7, #29
10001e6a:	d548      	bpl.n	10001efe <_ntoa_format+0x166>
10001e6c:	262b      	movs	r6, #43	@ 0x2b
10001e6e:	f808 6004 	strb.w	r6, [r8, r4]
10001e72:	3401      	adds	r4, #1
10001e74:	e7d6      	b.n	10001e24 <_ntoa_format+0x8c>
10001e76:	4626      	mov	r6, r4
10001e78:	3401      	adds	r4, #1
10001e7a:	f04f 0c30 	mov.w	ip, #48	@ 0x30
10001e7e:	f808 c006 	strb.w	ip, [r8, r6]
10001e82:	2c20      	cmp	r4, #32
10001e84:	d0cd      	beq.n	10001e22 <_ntoa_format+0x8a>
10001e86:	f1ba 0f00 	cmp.w	sl, #0
10001e8a:	d0ed      	beq.n	10001e68 <_ntoa_format+0xd0>
10001e8c:	262d      	movs	r6, #45	@ 0x2d
10001e8e:	f808 6004 	strb.w	r6, [r8, r4]
10001e92:	3401      	adds	r4, #1
10001e94:	e9cd 570b 	strd	r5, r7, [sp, #44]	@ 0x2c
10001e98:	e9cd 8409 	strd	r8, r4, [sp, #36]	@ 0x24
10001e9c:	e8bd 4ff0 	ldmia.w	sp!, {r4, r5, r6, r7, r8, r9, sl, fp, lr}
10001ea0:	f7ff bf2c 	b.w	10001cfc <_out_rev>
10001ea4:	f1ba 0f00 	cmp.w	sl, #0
10001ea8:	d030      	beq.n	10001f0c <_ntoa_format+0x174>
10001eaa:	42b4      	cmp	r4, r6
10001eac:	f105 35ff 	add.w	r5, r5, #4294967295	@ 0xffffffff
10001eb0:	d385      	bcc.n	10001dbe <_ntoa_format+0x26>
10001eb2:	e795      	b.n	10001de0 <_ntoa_format+0x48>
10001eb4:	f1b9 0f10 	cmp.w	r9, #16
10001eb8:	d1b3      	bne.n	10001e22 <_ntoa_format+0x8a>
10001eba:	06be      	lsls	r6, r7, #26
10001ebc:	d53b      	bpl.n	10001f36 <_ntoa_format+0x19e>
10001ebe:	2c20      	cmp	r4, #32
10001ec0:	d0af      	beq.n	10001e22 <_ntoa_format+0x8a>
10001ec2:	2658      	movs	r6, #88	@ 0x58
10001ec4:	f808 6004 	strb.w	r6, [r8, r4]
10001ec8:	3401      	adds	r4, #1
10001eca:	e7a8      	b.n	10001e1e <_ntoa_format+0x86>
10001ecc:	2c20      	cmp	r4, #32
10001ece:	d0a8      	beq.n	10001e22 <_ntoa_format+0x8a>
10001ed0:	4626      	mov	r6, r4
10001ed2:	3401      	adds	r4, #1
10001ed4:	e007      	b.n	10001ee6 <_ntoa_format+0x14e>
10001ed6:	1e66      	subs	r6, r4, #1
10001ed8:	d0b9      	beq.n	10001e4e <_ntoa_format+0xb6>
10001eda:	f1b9 0f10 	cmp.w	r9, #16
10001ede:	d036      	beq.n	10001f4e <_ntoa_format+0x1b6>
10001ee0:	f1b9 0f02 	cmp.w	r9, #2
10001ee4:	d1c9      	bne.n	10001e7a <_ntoa_format+0xe2>
10001ee6:	f04f 0c62 	mov.w	ip, #98	@ 0x62
10001eea:	f808 c006 	strb.w	ip, [r8, r6]
10001eee:	e796      	b.n	10001e1e <_ntoa_format+0x86>
10001ef0:	f017 0f10 	tst.w	r7, #16
10001ef4:	d0c5      	beq.n	10001e82 <_ntoa_format+0xea>
10001ef6:	f417 6f80 	tst.w	r7, #1024	@ 0x400
10001efa:	d086      	beq.n	10001e0a <_ntoa_format+0x72>
10001efc:	e789      	b.n	10001e12 <_ntoa_format+0x7a>
10001efe:	073e      	lsls	r6, r7, #28
10001f00:	d590      	bpl.n	10001e24 <_ntoa_format+0x8c>
10001f02:	2620      	movs	r6, #32
10001f04:	f808 6004 	strb.w	r6, [r8, r4]
10001f08:	3401      	adds	r4, #1
10001f0a:	e78b      	b.n	10001e24 <_ntoa_format+0x8c>
10001f0c:	f017 0f0c 	tst.w	r7, #12
10001f10:	d000      	beq.n	10001f14 <_ntoa_format+0x17c>
10001f12:	3d01      	subs	r5, #1
10001f14:	42b4      	cmp	r4, r6
10001f16:	f4ff af52 	bcc.w	10001dbe <_ntoa_format+0x26>
10001f1a:	e761      	b.n	10001de0 <_ntoa_format+0x48>
10001f1c:	06bc      	lsls	r4, r7, #26
10001f1e:	d412      	bmi.n	10001f46 <_ntoa_format+0x1ae>
10001f20:	2478      	movs	r4, #120	@ 0x78
10001f22:	f888 4000 	strb.w	r4, [r8]
10001f26:	2430      	movs	r4, #48	@ 0x30
10001f28:	f888 4001 	strb.w	r4, [r8, #1]
10001f2c:	2402      	movs	r4, #2
10001f2e:	f1ba 0f00 	cmp.w	sl, #0
10001f32:	d099      	beq.n	10001e68 <_ntoa_format+0xd0>
10001f34:	e7aa      	b.n	10001e8c <_ntoa_format+0xf4>
10001f36:	2c20      	cmp	r4, #32
10001f38:	f43f af73 	beq.w	10001e22 <_ntoa_format+0x8a>
10001f3c:	2678      	movs	r6, #120	@ 0x78
10001f3e:	f808 6004 	strb.w	r6, [r8, r4]
10001f42:	3401      	adds	r4, #1
10001f44:	e76b      	b.n	10001e1e <_ntoa_format+0x86>
10001f46:	2458      	movs	r4, #88	@ 0x58
10001f48:	e7eb      	b.n	10001f22 <_ntoa_format+0x18a>
10001f4a:	2462      	movs	r4, #98	@ 0x62
10001f4c:	e7e9      	b.n	10001f22 <_ntoa_format+0x18a>
10001f4e:	f017 0f20 	tst.w	r7, #32
10001f52:	f1a4 0c02 	sub.w	ip, r4, #2
10001f56:	d004      	beq.n	10001f62 <_ntoa_format+0x1ca>
10001f58:	f04f 0e58 	mov.w	lr, #88	@ 0x58
10001f5c:	f808 e00c 	strb.w	lr, [r8, ip]
10001f60:	e78b      	b.n	10001e7a <_ntoa_format+0xe2>
10001f62:	f04f 0e78 	mov.w	lr, #120	@ 0x78
10001f66:	f808 e00c 	strb.w	lr, [r8, ip]
10001f6a:	e786      	b.n	10001e7a <_ntoa_format+0xe2>

10001f6c <_out_char>:
10001f6c:	b900      	cbnz	r0, 10001f70 <_out_char+0x4>
10001f6e:	4770      	bx	lr
10001f70:	f001 bb6e 	b.w	10003650 <__wrap_putchar>

10001f74 <_out_fct>:
10001f74:	b110      	cbz	r0, 10001f7c <_out_fct+0x8>
10001f76:	e9d1 3100 	ldrd	r3, r1, [r1]
10001f7a:	4718      	bx	r3
10001f7c:	4770      	bx	lr
10001f7e:	bf00      	nop

10001f80 <_ftoa>:
10001f80:	e92d 4ff0 	stmdb	sp!, {r4, r5, r6, r7, r8, r9, sl, fp, lr}
10001f84:	b097      	sub	sp, #92	@ 0x5c
10001f86:	ed9d 7b20 	vldr	d7, [sp, #128]	@ 0x80
10001f8a:	e9dd 5b22 	ldrd	r5, fp, [sp, #136]	@ 0x88
10001f8e:	4607      	mov	r7, r0
10001f90:	4688      	mov	r8, r1
10001f92:	ec51 0b17 	vmov	r0, r1, d7
10001f96:	9c24      	ldr	r4, [sp, #144]	@ 0x90
10001f98:	4699      	mov	r9, r3
10001f9a:	920c      	str	r2, [sp, #48]	@ 0x30
10001f9c:	460b      	mov	r3, r1
10001f9e:	4602      	mov	r2, r0
10001fa0:	ed8d 7b04 	vstr	d7, [sp, #16]
10001fa4:	9407      	str	r4, [sp, #28]
10001fa6:	f7ff fe49 	bl	10001c3c <__wrap___aeabi_dcmpun>
10001faa:	2800      	cmp	r0, #0
10001fac:	f040 81f4 	bne.w	10002398 <_ftoa+0x418>
10001fb0:	e9dd 0104 	ldrd	r0, r1, [sp, #16]
10001fb4:	f04f 32ff 	mov.w	r2, #4294967295	@ 0xffffffff
10001fb8:	f46f 1380 	mvn.w	r3, #1048576	@ 0x100000
10001fbc:	f7ff fe50 	bl	10001c60 <__wrap___aeabi_dcmplt>
10001fc0:	2800      	cmp	r0, #0
10001fc2:	f040 811b 	bne.w	100021fc <_ftoa+0x27c>
10001fc6:	e9dd 0104 	ldrd	r0, r1, [sp, #16]
10001fca:	f04f 32ff 	mov.w	r2, #4294967295	@ 0xffffffff
10001fce:	4bac      	ldr	r3, [pc, #688]	@ (10002280 <_ftoa+0x300>)
10001fd0:	f7ff fe82 	bl	10001cd8 <__wrap___aeabi_dcmpgt>
10001fd4:	2800      	cmp	r0, #0
10001fd6:	f040 80ee 	bne.w	100021b6 <_ftoa+0x236>
10001fda:	e9dd 0104 	ldrd	r0, r1, [sp, #16]
10001fde:	a3a4      	add	r3, pc, #656	@ (adr r3, 10002270 <_ftoa+0x2f0>)
10001fe0:	e9d3 2300 	ldrd	r2, r3, [r3]
10001fe4:	f7ff fe78 	bl	10001cd8 <__wrap___aeabi_dcmpgt>
10001fe8:	2800      	cmp	r0, #0
10001fea:	f040 80d3 	bne.w	10002194 <_ftoa+0x214>
10001fee:	e9dd 0104 	ldrd	r0, r1, [sp, #16]
10001ff2:	a3a1      	add	r3, pc, #644	@ (adr r3, 10002278 <_ftoa+0x2f8>)
10001ff4:	e9d3 2300 	ldrd	r2, r3, [r3]
10001ff8:	f7ff fe32 	bl	10001c60 <__wrap___aeabi_dcmplt>
10001ffc:	2800      	cmp	r0, #0
10001ffe:	f040 80c9 	bne.w	10002194 <_ftoa+0x214>
10002002:	e9dd 0104 	ldrd	r0, r1, [sp, #16]
10002006:	2200      	movs	r2, #0
10002008:	2300      	movs	r3, #0
1000200a:	f7ff fe29 	bl	10001c60 <__wrap___aeabi_dcmplt>
1000200e:	2800      	cmp	r0, #0
10002010:	f040 80e8 	bne.w	100021e4 <_ftoa+0x264>
10002014:	4623      	mov	r3, r4
10002016:	900d      	str	r0, [sp, #52]	@ 0x34
10002018:	f413 6f80 	tst.w	r3, #1024	@ 0x400
1000201c:	bf08      	it	eq
1000201e:	2506      	moveq	r5, #6
10002020:	2130      	movs	r1, #48	@ 0x30
10002022:	462b      	mov	r3, r5
10002024:	aa0e      	add	r2, sp, #56	@ 0x38
10002026:	f1a5 0620 	sub.w	r6, r5, #32
1000202a:	e005      	b.n	10002038 <_ftoa+0xb8>
1000202c:	3b01      	subs	r3, #1
1000202e:	42b3      	cmp	r3, r6
10002030:	f802 1b01 	strb.w	r1, [r2], #1
10002034:	f000 8193 	beq.w	1000235e <_ftoa+0x3de>
10002038:	2b09      	cmp	r3, #9
1000203a:	d8f7      	bhi.n	1000202c <_ftoa+0xac>
1000203c:	461e      	mov	r6, r3
1000203e:	1aed      	subs	r5, r5, r3
10002040:	e9dd 0104 	ldrd	r0, r1, [sp, #16]
10002044:	f7ff fdd6 	bl	10001bf4 <__wrap___aeabi_d2iz>
10002048:	4b8e      	ldr	r3, [pc, #568]	@ (10002284 <_ftoa+0x304>)
1000204a:	4604      	mov	r4, r0
1000204c:	eb03 03c6 	add.w	r3, r3, r6, lsl #3
10002050:	ed93 7b00 	vldr	d7, [r3]
10002054:	ed8d 7b08 	vstr	d7, [sp, #32]
10002058:	f7ff fda8 	bl	10001bac <__wrap___aeabi_i2d>
1000205c:	4602      	mov	r2, r0
1000205e:	460b      	mov	r3, r1
10002060:	e9dd 0104 	ldrd	r0, r1, [sp, #16]
10002064:	f7ff fd1a 	bl	10001a9c <__wrap___aeabi_dsub>
10002068:	e9dd 2308 	ldrd	r2, r3, [sp, #32]
1000206c:	f7ff fd2a 	bl	10001ac4 <__wrap___aeabi_dmul>
10002070:	4602      	mov	r2, r0
10002072:	460b      	mov	r3, r1
10002074:	e9cd 230a 	strd	r2, r3, [sp, #40]	@ 0x28
10002078:	f7ff fdce 	bl	10001c18 <__wrap___aeabi_d2uiz>
1000207c:	4682      	mov	sl, r0
1000207e:	f7ff fda7 	bl	10001bd0 <__wrap___aeabi_ui2d>
10002082:	4602      	mov	r2, r0
10002084:	460b      	mov	r3, r1
10002086:	e9dd 010a 	ldrd	r0, r1, [sp, #40]	@ 0x28
1000208a:	f7ff fd07 	bl	10001a9c <__wrap___aeabi_dsub>
1000208e:	4602      	mov	r2, r0
10002090:	460b      	mov	r3, r1
10002092:	e9cd 230a 	strd	r2, r3, [sp, #40]	@ 0x28
10002096:	2200      	movs	r2, #0
10002098:	4b7b      	ldr	r3, [pc, #492]	@ (10002288 <_ftoa+0x308>)
1000209a:	f7ff fe1d 	bl	10001cd8 <__wrap___aeabi_dcmpgt>
1000209e:	2800      	cmp	r0, #0
100020a0:	f000 80fe 	beq.w	100022a0 <_ftoa+0x320>
100020a4:	f10a 0a01 	add.w	sl, sl, #1
100020a8:	4650      	mov	r0, sl
100020aa:	f7ff fd91 	bl	10001bd0 <__wrap___aeabi_ui2d>
100020ae:	4602      	mov	r2, r0
100020b0:	460b      	mov	r3, r1
100020b2:	e9dd 0108 	ldrd	r0, r1, [sp, #32]
100020b6:	f7ff fde7 	bl	10001c88 <__wrap___aeabi_dcmple>
100020ba:	b110      	cbz	r0, 100020c2 <_ftoa+0x142>
100020bc:	f04f 0a00 	mov.w	sl, #0
100020c0:	3401      	adds	r4, #1
100020c2:	2e00      	cmp	r6, #0
100020c4:	f000 80fd 	beq.w	100022c2 <_ftoa+0x342>
100020c8:	1e68      	subs	r0, r5, #1
100020ca:	ab0e      	add	r3, sp, #56	@ 0x38
100020cc:	f8df c1cc 	ldr.w	ip, [pc, #460]	@ 1000229c <_ftoa+0x31c>
100020d0:	4418      	add	r0, r3
100020d2:	e00f      	b.n	100020f4 <_ftoa+0x174>
100020d4:	fbac 210a 	umull	r2, r1, ip, sl
100020d8:	08c9      	lsrs	r1, r1, #3
100020da:	eb01 0281 	add.w	r2, r1, r1, lsl #2
100020de:	ebaa 0242 	sub.w	r2, sl, r2, lsl #1
100020e2:	3230      	adds	r2, #48	@ 0x30
100020e4:	f1ba 0f09 	cmp.w	sl, #9
100020e8:	f800 2f01 	strb.w	r2, [r0, #1]!
100020ec:	f240 811c 	bls.w	10002328 <_ftoa+0x3a8>
100020f0:	468a      	mov	sl, r1
100020f2:	461d      	mov	r5, r3
100020f4:	2d20      	cmp	r5, #32
100020f6:	f105 0301 	add.w	r3, r5, #1
100020fa:	f106 36ff 	add.w	r6, r6, #4294967295	@ 0xffffffff
100020fe:	d1e9      	bne.n	100020d4 <_ftoa+0x154>
10002100:	2520      	movs	r5, #32
10002102:	1e69      	subs	r1, r5, #1
10002104:	ab0e      	add	r3, sp, #56	@ 0x38
10002106:	4861      	ldr	r0, [pc, #388]	@ (1000228c <_ftoa+0x30c>)
10002108:	4419      	add	r1, r3
1000210a:	e010      	b.n	1000212e <_ftoa+0x1ae>
1000210c:	fb80 6204 	smull	r6, r2, r0, r4
10002110:	ebc3 03a2 	rsb	r3, r3, r2, asr #2
10002114:	eb03 0283 	add.w	r2, r3, r3, lsl #2
10002118:	eba4 0442 	sub.w	r4, r4, r2, lsl #1
1000211c:	f104 0230 	add.w	r2, r4, #48	@ 0x30
10002120:	3501      	adds	r5, #1
10002122:	461c      	mov	r4, r3
10002124:	f801 2f01 	strb.w	r2, [r1, #1]!
10002128:	2b00      	cmp	r3, #0
1000212a:	f000 80eb 	beq.w	10002304 <_ftoa+0x384>
1000212e:	2d20      	cmp	r5, #32
10002130:	ea4f 73e4 	mov.w	r3, r4, asr #31
10002134:	d1ea      	bne.n	1000210c <_ftoa+0x18c>
10002136:	9b07      	ldr	r3, [sp, #28]
10002138:	f003 0303 	and.w	r3, r3, #3
1000213c:	2b01      	cmp	r3, #1
1000213e:	d118      	bne.n	10002172 <_ftoa+0x1f2>
10002140:	f1bb 0f00 	cmp.w	fp, #0
10002144:	d015      	beq.n	10002172 <_ftoa+0x1f2>
10002146:	9b0d      	ldr	r3, [sp, #52]	@ 0x34
10002148:	2b00      	cmp	r3, #0
1000214a:	f000 810a 	beq.w	10002362 <_ftoa+0x3e2>
1000214e:	f10b 3bff 	add.w	fp, fp, #4294967295	@ 0xffffffff
10002152:	f1bb 0f20 	cmp.w	fp, #32
10002156:	d90c      	bls.n	10002172 <_ftoa+0x1f2>
10002158:	1e6b      	subs	r3, r5, #1
1000215a:	a90e      	add	r1, sp, #56	@ 0x38
1000215c:	2230      	movs	r2, #48	@ 0x30
1000215e:	440b      	add	r3, r1
10002160:	e005      	b.n	1000216e <_ftoa+0x1ee>
10002162:	3501      	adds	r5, #1
10002164:	455d      	cmp	r5, fp
10002166:	f803 2f01 	strb.w	r2, [r3, #1]!
1000216a:	f080 80d1 	bcs.w	10002310 <_ftoa+0x390>
1000216e:	2d20      	cmp	r5, #32
10002170:	d1f7      	bne.n	10002162 <_ftoa+0x1e2>
10002172:	9b07      	ldr	r3, [sp, #28]
10002174:	ac0e      	add	r4, sp, #56	@ 0x38
10002176:	e9cd b302 	strd	fp, r3, [sp, #8]
1000217a:	4641      	mov	r1, r8
1000217c:	464b      	mov	r3, r9
1000217e:	4638      	mov	r0, r7
10002180:	9a0c      	ldr	r2, [sp, #48]	@ 0x30
10002182:	9501      	str	r5, [sp, #4]
10002184:	9400      	str	r4, [sp, #0]
10002186:	f7ff fdb9 	bl	10001cfc <_out_rev>
1000218a:	4682      	mov	sl, r0
1000218c:	4650      	mov	r0, sl
1000218e:	b017      	add	sp, #92	@ 0x5c
10002190:	e8bd 8ff0 	ldmia.w	sp!, {r4, r5, r6, r7, r8, r9, sl, fp, pc}
10002194:	9b07      	ldr	r3, [sp, #28]
10002196:	ed9d 7b04 	vldr	d7, [sp, #16]
1000219a:	e9cd b323 	strd	fp, r3, [sp, #140]	@ 0x8c
1000219e:	4641      	mov	r1, r8
100021a0:	464b      	mov	r3, r9
100021a2:	4638      	mov	r0, r7
100021a4:	9a0c      	ldr	r2, [sp, #48]	@ 0x30
100021a6:	ed8d 7b20 	vstr	d7, [sp, #128]	@ 0x80
100021aa:	9522      	str	r5, [sp, #136]	@ 0x88
100021ac:	b017      	add	sp, #92	@ 0x5c
100021ae:	e8bd 4ff0 	ldmia.w	sp!, {r4, r5, r6, r7, r8, r9, sl, fp, lr}
100021b2:	f000 b945 	b.w	10002440 <_etoa>
100021b6:	0761      	lsls	r1, r4, #29
100021b8:	4623      	mov	r3, r4
100021ba:	bf4c      	ite	mi
100021bc:	2304      	movmi	r3, #4
100021be:	2303      	movpl	r3, #3
100021c0:	4641      	mov	r1, r8
100021c2:	9321      	str	r3, [sp, #132]	@ 0x84
100021c4:	4638      	mov	r0, r7
100021c6:	464b      	mov	r3, r9
100021c8:	9a07      	ldr	r2, [sp, #28]
100021ca:	bf48      	it	mi
100021cc:	4c30      	ldrmi	r4, [pc, #192]	@ (10002290 <_ftoa+0x310>)
100021ce:	e9cd b222 	strd	fp, r2, [sp, #136]	@ 0x88
100021d2:	bf58      	it	pl
100021d4:	4c2f      	ldrpl	r4, [pc, #188]	@ (10002294 <_ftoa+0x314>)
100021d6:	9a0c      	ldr	r2, [sp, #48]	@ 0x30
100021d8:	9420      	str	r4, [sp, #128]	@ 0x80
100021da:	b017      	add	sp, #92	@ 0x5c
100021dc:	e8bd 4ff0 	ldmia.w	sp!, {r4, r5, r6, r7, r8, r9, sl, fp, lr}
100021e0:	f7ff bd8c 	b.w	10001cfc <_out_rev>
100021e4:	e9dd 2304 	ldrd	r2, r3, [sp, #16]
100021e8:	2000      	movs	r0, #0
100021ea:	2100      	movs	r1, #0
100021ec:	f7ff fc56 	bl	10001a9c <__wrap___aeabi_dsub>
100021f0:	2301      	movs	r3, #1
100021f2:	e9cd 0104 	strd	r0, r1, [sp, #16]
100021f6:	930d      	str	r3, [sp, #52]	@ 0x34
100021f8:	4623      	mov	r3, r4
100021fa:	e70d      	b.n	10002018 <_ftoa+0x98>
100021fc:	4623      	mov	r3, r4
100021fe:	079c      	lsls	r4, r3, #30
10002200:	f040 80aa 	bne.w	10002358 <_ftoa+0x3d8>
10002204:	f1bb 0f04 	cmp.w	fp, #4
10002208:	f240 80a6 	bls.w	10002358 <_ftoa+0x3d8>
1000220c:	9b0c      	ldr	r3, [sp, #48]	@ 0x30
1000220e:	461d      	mov	r5, r3
10002210:	1f1c      	subs	r4, r3, #4
10002212:	eb04 0a0b 	add.w	sl, r4, fp
10002216:	462a      	mov	r2, r5
10002218:	464b      	mov	r3, r9
1000221a:	4641      	mov	r1, r8
1000221c:	2020      	movs	r0, #32
1000221e:	3501      	adds	r5, #1
10002220:	47b8      	blx	r7
10002222:	45aa      	cmp	sl, r5
10002224:	d1f7      	bne.n	10002216 <_ftoa+0x296>
10002226:	4655      	mov	r5, sl
10002228:	4c1b      	ldr	r4, [pc, #108]	@ (10002298 <_ftoa+0x318>)
1000222a:	1f26      	subs	r6, r4, #4
1000222c:	f814 0d01 	ldrb.w	r0, [r4, #-1]!
10002230:	462a      	mov	r2, r5
10002232:	464b      	mov	r3, r9
10002234:	4641      	mov	r1, r8
10002236:	47b8      	blx	r7
10002238:	42b4      	cmp	r4, r6
1000223a:	f105 0501 	add.w	r5, r5, #1
1000223e:	d1f5      	bne.n	1000222c <_ftoa+0x2ac>
10002240:	9b07      	ldr	r3, [sp, #28]
10002242:	f10a 0a04 	add.w	sl, sl, #4
10002246:	0798      	lsls	r0, r3, #30
10002248:	d5a0      	bpl.n	1000218c <_ftoa+0x20c>
1000224a:	9c0c      	ldr	r4, [sp, #48]	@ 0x30
1000224c:	ebaa 0304 	sub.w	r3, sl, r4
10002250:	459b      	cmp	fp, r3
10002252:	d99b      	bls.n	1000218c <_ftoa+0x20c>
10002254:	4652      	mov	r2, sl
10002256:	464b      	mov	r3, r9
10002258:	4641      	mov	r1, r8
1000225a:	2020      	movs	r0, #32
1000225c:	f10a 0a01 	add.w	sl, sl, #1
10002260:	47b8      	blx	r7
10002262:	ebaa 0304 	sub.w	r3, sl, r4
10002266:	455b      	cmp	r3, fp
10002268:	d3f4      	bcc.n	10002254 <_ftoa+0x2d4>
1000226a:	e78f      	b.n	1000218c <_ftoa+0x20c>
1000226c:	f3af 8000 	nop.w
10002270:	00000000 	.word	0x00000000
10002274:	41cdcd65 	.word	0x41cdcd65
10002278:	00000000 	.word	0x00000000
1000227c:	c1cdcd65 	.word	0xc1cdcd65
10002280:	7fefffff 	.word	0x7fefffff
10002284:	10006808 	.word	0x10006808
10002288:	3fe00000 	.word	0x3fe00000
1000228c:	66666667 	.word	0x66666667
10002290:	100066d8 	.word	0x100066d8
10002294:	100066e0 	.word	0x100066e0
10002298:	100066ec 	.word	0x100066ec
1000229c:	cccccccd 	.word	0xcccccccd
100022a0:	2200      	movs	r2, #0
100022a2:	e9dd 010a 	ldrd	r0, r1, [sp, #40]	@ 0x28
100022a6:	4b63      	ldr	r3, [pc, #396]	@ (10002434 <_ftoa+0x4b4>)
100022a8:	f7ff fcda 	bl	10001c60 <__wrap___aeabi_dcmplt>
100022ac:	2800      	cmp	r0, #0
100022ae:	f47f af08 	bne.w	100020c2 <_ftoa+0x142>
100022b2:	f1ba 0f00 	cmp.w	sl, #0
100022b6:	d16a      	bne.n	1000238e <_ftoa+0x40e>
100022b8:	f10a 0a01 	add.w	sl, sl, #1
100022bc:	2e00      	cmp	r6, #0
100022be:	f47f af03 	bne.w	100020c8 <_ftoa+0x148>
100022c2:	4620      	mov	r0, r4
100022c4:	f7ff fc72 	bl	10001bac <__wrap___aeabi_i2d>
100022c8:	4602      	mov	r2, r0
100022ca:	460b      	mov	r3, r1
100022cc:	e9dd 0104 	ldrd	r0, r1, [sp, #16]
100022d0:	f7ff fbe4 	bl	10001a9c <__wrap___aeabi_dsub>
100022d4:	4602      	mov	r2, r0
100022d6:	460b      	mov	r3, r1
100022d8:	e9cd 2304 	strd	r2, r3, [sp, #16]
100022dc:	2200      	movs	r2, #0
100022de:	4b55      	ldr	r3, [pc, #340]	@ (10002434 <_ftoa+0x4b4>)
100022e0:	f7ff fcbe 	bl	10001c60 <__wrap___aeabi_dcmplt>
100022e4:	2800      	cmp	r0, #0
100022e6:	f47f af0c 	bne.w	10002102 <_ftoa+0x182>
100022ea:	e9dd 0104 	ldrd	r0, r1, [sp, #16]
100022ee:	2200      	movs	r2, #0
100022f0:	4b50      	ldr	r3, [pc, #320]	@ (10002434 <_ftoa+0x4b4>)
100022f2:	f7ff fcf1 	bl	10001cd8 <__wrap___aeabi_dcmpgt>
100022f6:	2800      	cmp	r0, #0
100022f8:	f47f af03 	bne.w	10002102 <_ftoa+0x182>
100022fc:	3401      	adds	r4, #1
100022fe:	f024 0401 	bic.w	r4, r4, #1
10002302:	e6fe      	b.n	10002102 <_ftoa+0x182>
10002304:	9b07      	ldr	r3, [sp, #28]
10002306:	f003 0303 	and.w	r3, r3, #3
1000230a:	2b01      	cmp	r3, #1
1000230c:	f000 8082 	beq.w	10002414 <_ftoa+0x494>
10002310:	2d20      	cmp	r5, #32
10002312:	f43f af2e 	beq.w	10002172 <_ftoa+0x1f2>
10002316:	9b0d      	ldr	r3, [sp, #52]	@ 0x34
10002318:	b37b      	cbz	r3, 1000237a <_ftoa+0x3fa>
1000231a:	222d      	movs	r2, #45	@ 0x2d
1000231c:	eb0d 0305 	add.w	r3, sp, r5
10002320:	f883 2038 	strb.w	r2, [r3, #56]	@ 0x38
10002324:	3501      	adds	r5, #1
10002326:	e724      	b.n	10002172 <_ftoa+0x1f2>
10002328:	2b20      	cmp	r3, #32
1000232a:	f43f aee9 	beq.w	10002100 <_ftoa+0x180>
1000232e:	aa0e      	add	r2, sp, #56	@ 0x38
10002330:	4415      	add	r5, r2
10002332:	441e      	add	r6, r3
10002334:	2230      	movs	r2, #48	@ 0x30
10002336:	e004      	b.n	10002342 <_ftoa+0x3c2>
10002338:	2b20      	cmp	r3, #32
1000233a:	f805 2f01 	strb.w	r2, [r5, #1]!
1000233e:	f43f aedf 	beq.w	10002100 <_ftoa+0x180>
10002342:	429e      	cmp	r6, r3
10002344:	f103 0301 	add.w	r3, r3, #1
10002348:	d1f6      	bne.n	10002338 <_ftoa+0x3b8>
1000234a:	222e      	movs	r2, #46	@ 0x2e
1000234c:	eb0d 0306 	add.w	r3, sp, r6
10002350:	f883 2038 	strb.w	r2, [r3, #56]	@ 0x38
10002354:	1c75      	adds	r5, r6, #1
10002356:	e6d4      	b.n	10002102 <_ftoa+0x182>
10002358:	f8dd a030 	ldr.w	sl, [sp, #48]	@ 0x30
1000235c:	e763      	b.n	10002226 <_ftoa+0x2a6>
1000235e:	2520      	movs	r5, #32
10002360:	e66e      	b.n	10002040 <_ftoa+0xc0>
10002362:	9b07      	ldr	r3, [sp, #28]
10002364:	f013 0f0c 	tst.w	r3, #12
10002368:	d050      	beq.n	1000240c <_ftoa+0x48c>
1000236a:	f10b 3bff 	add.w	fp, fp, #4294967295	@ 0xffffffff
1000236e:	45ab      	cmp	fp, r5
10002370:	f63f aef2 	bhi.w	10002158 <_ftoa+0x1d8>
10002374:	2d20      	cmp	r5, #32
10002376:	f43f aefc 	beq.w	10002172 <_ftoa+0x1f2>
1000237a:	9b07      	ldr	r3, [sp, #28]
1000237c:	075a      	lsls	r2, r3, #29
1000237e:	d501      	bpl.n	10002384 <_ftoa+0x404>
10002380:	222b      	movs	r2, #43	@ 0x2b
10002382:	e7cb      	b.n	1000231c <_ftoa+0x39c>
10002384:	071b      	lsls	r3, r3, #28
10002386:	f57f aef4 	bpl.w	10002172 <_ftoa+0x1f2>
1000238a:	2220      	movs	r2, #32
1000238c:	e7c6      	b.n	1000231c <_ftoa+0x39c>
1000238e:	f01a 0f01 	tst.w	sl, #1
10002392:	f43f ae96 	beq.w	100020c2 <_ftoa+0x142>
10002396:	e78f      	b.n	100022b8 <_ftoa+0x338>
10002398:	07a6      	lsls	r6, r4, #30
1000239a:	d134      	bne.n	10002406 <_ftoa+0x486>
1000239c:	f1bb 0f03 	cmp.w	fp, #3
100023a0:	d931      	bls.n	10002406 <_ftoa+0x486>
100023a2:	9b0c      	ldr	r3, [sp, #48]	@ 0x30
100023a4:	461d      	mov	r5, r3
100023a6:	1edc      	subs	r4, r3, #3
100023a8:	eb04 0a0b 	add.w	sl, r4, fp
100023ac:	462a      	mov	r2, r5
100023ae:	464b      	mov	r3, r9
100023b0:	4641      	mov	r1, r8
100023b2:	2020      	movs	r0, #32
100023b4:	3501      	adds	r5, #1
100023b6:	47b8      	blx	r7
100023b8:	4555      	cmp	r5, sl
100023ba:	d1f7      	bne.n	100023ac <_ftoa+0x42c>
100023bc:	4655      	mov	r5, sl
100023be:	4c1e      	ldr	r4, [pc, #120]	@ (10002438 <_ftoa+0x4b8>)
100023c0:	1ee6      	subs	r6, r4, #3
100023c2:	f814 0d01 	ldrb.w	r0, [r4, #-1]!
100023c6:	462a      	mov	r2, r5
100023c8:	464b      	mov	r3, r9
100023ca:	4641      	mov	r1, r8
100023cc:	47b8      	blx	r7
100023ce:	42a6      	cmp	r6, r4
100023d0:	f105 0501 	add.w	r5, r5, #1
100023d4:	d1f5      	bne.n	100023c2 <_ftoa+0x442>
100023d6:	9b07      	ldr	r3, [sp, #28]
100023d8:	f10a 0a03 	add.w	sl, sl, #3
100023dc:	079d      	lsls	r5, r3, #30
100023de:	f57f aed5 	bpl.w	1000218c <_ftoa+0x20c>
100023e2:	9c0c      	ldr	r4, [sp, #48]	@ 0x30
100023e4:	ebaa 0304 	sub.w	r3, sl, r4
100023e8:	459b      	cmp	fp, r3
100023ea:	f67f aecf 	bls.w	1000218c <_ftoa+0x20c>
100023ee:	4652      	mov	r2, sl
100023f0:	464b      	mov	r3, r9
100023f2:	4641      	mov	r1, r8
100023f4:	2020      	movs	r0, #32
100023f6:	f10a 0a01 	add.w	sl, sl, #1
100023fa:	47b8      	blx	r7
100023fc:	ebaa 0304 	sub.w	r3, sl, r4
10002400:	459b      	cmp	fp, r3
10002402:	d8f4      	bhi.n	100023ee <_ftoa+0x46e>
10002404:	e6c2      	b.n	1000218c <_ftoa+0x20c>
10002406:	f8dd a030 	ldr.w	sl, [sp, #48]	@ 0x30
1000240a:	e7d7      	b.n	100023bc <_ftoa+0x43c>
1000240c:	45ab      	cmp	fp, r5
1000240e:	f63f aea3 	bhi.w	10002158 <_ftoa+0x1d8>
10002412:	e6ae      	b.n	10002172 <_ftoa+0x1f2>
10002414:	f1bb 0f00 	cmp.w	fp, #0
10002418:	f43f af7a 	beq.w	10002310 <_ftoa+0x390>
1000241c:	9b0d      	ldr	r3, [sp, #52]	@ 0x34
1000241e:	2b00      	cmp	r3, #0
10002420:	d09f      	beq.n	10002362 <_ftoa+0x3e2>
10002422:	f10b 3bff 	add.w	fp, fp, #4294967295	@ 0xffffffff
10002426:	455d      	cmp	r5, fp
10002428:	f4ff ae96 	bcc.w	10002158 <_ftoa+0x1d8>
1000242c:	2d20      	cmp	r5, #32
1000242e:	f47f af74 	bne.w	1000231a <_ftoa+0x39a>
10002432:	e69e      	b.n	10002172 <_ftoa+0x1f2>
10002434:	3fe00000 	.word	0x3fe00000
10002438:	100066e7 	.word	0x100066e7
1000243c:	00000000 	.word	0x00000000

10002440 <_etoa>:
10002440:	e92d 4ff0 	stmdb	sp!, {r4, r5, r6, r7, r8, r9, sl, fp, lr}
10002444:	b09f      	sub	sp, #124	@ 0x7c
10002446:	9e2a      	ldr	r6, [sp, #168]	@ 0xa8
10002448:	e9dd 4528 	ldrd	r4, r5, [sp, #160]	@ 0xa0
1000244c:	4607      	mov	r7, r0
1000244e:	4693      	mov	fp, r2
10002450:	9108      	str	r1, [sp, #32]
10002452:	9309      	str	r3, [sp, #36]	@ 0x24
10002454:	4622      	mov	r2, r4
10002456:	462b      	mov	r3, r5
10002458:	4620      	mov	r0, r4
1000245a:	4629      	mov	r1, r5
1000245c:	960e      	str	r6, [sp, #56]	@ 0x38
1000245e:	e9dd a62b 	ldrd	sl, r6, [sp, #172]	@ 0xac
10002462:	f7ff fbeb 	bl	10001c3c <__wrap___aeabi_dcmpun>
10002466:	2800      	cmp	r0, #0
10002468:	f040 80be 	bne.w	100025e8 <_etoa+0x1a8>
1000246c:	4620      	mov	r0, r4
1000246e:	4629      	mov	r1, r5
10002470:	f04f 32ff 	mov.w	r2, #4294967295	@ 0xffffffff
10002474:	4b78      	ldr	r3, [pc, #480]	@ (10002658 <_etoa+0x218>)
10002476:	f7ff fc2f 	bl	10001cd8 <__wrap___aeabi_dcmpgt>
1000247a:	2800      	cmp	r0, #0
1000247c:	f040 80b4 	bne.w	100025e8 <_etoa+0x1a8>
10002480:	4620      	mov	r0, r4
10002482:	4629      	mov	r1, r5
10002484:	f04f 32ff 	mov.w	r2, #4294967295	@ 0xffffffff
10002488:	f46f 1380 	mvn.w	r3, #1048576	@ 0x100000
1000248c:	f7ff fbe8 	bl	10001c60 <__wrap___aeabi_dcmplt>
10002490:	2800      	cmp	r0, #0
10002492:	f040 80a9 	bne.w	100025e8 <_etoa+0x1a8>
10002496:	4620      	mov	r0, r4
10002498:	4629      	mov	r1, r5
1000249a:	2200      	movs	r2, #0
1000249c:	2300      	movs	r3, #0
1000249e:	f7ff fbdf 	bl	10001c60 <__wrap___aeabi_dcmplt>
100024a2:	2800      	cmp	r0, #0
100024a4:	f040 81d5 	bne.w	10002852 <_etoa+0x412>
100024a8:	e9cd 450a 	strd	r4, r5, [sp, #40]	@ 0x28
100024ac:	e9dd 230a 	ldrd	r2, r3, [sp, #40]	@ 0x28
100024b0:	4690      	mov	r8, r2
100024b2:	4699      	mov	r9, r3
100024b4:	f406 6200 	and.w	r2, r6, #2048	@ 0x800
100024b8:	f416 6380 	ands.w	r3, r6, #1024	@ 0x400
100024bc:	920f      	str	r2, [sp, #60]	@ 0x3c
100024be:	9313      	str	r3, [sp, #76]	@ 0x4c
100024c0:	f040 80a1 	bne.w	10002606 <_etoa+0x1c6>
100024c4:	ea58 0309 	orrs.w	r3, r8, r9
100024c8:	f040 80ca 	bne.w	10002660 <_etoa+0x220>
100024cc:	2a00      	cmp	r2, #0
100024ce:	f040 81e3 	bne.w	10002898 <_etoa+0x458>
100024d2:	2306      	movs	r3, #6
100024d4:	930e      	str	r3, [sp, #56]	@ 0x38
100024d6:	f016 0202 	ands.w	r2, r6, #2
100024da:	9210      	str	r2, [sp, #64]	@ 0x40
100024dc:	f040 81d4 	bne.w	10002888 <_etoa+0x448>
100024e0:	4653      	mov	r3, sl
100024e2:	2b04      	cmp	r3, #4
100024e4:	bf38      	it	cc
100024e6:	2304      	movcc	r3, #4
100024e8:	920c      	str	r2, [sp, #48]	@ 0x30
100024ea:	2204      	movs	r2, #4
100024ec:	3b04      	subs	r3, #4
100024ee:	9212      	str	r2, [sp, #72]	@ 0x48
100024f0:	930f      	str	r3, [sp, #60]	@ 0x3c
100024f2:	4620      	mov	r0, r4
100024f4:	4629      	mov	r1, r5
100024f6:	2200      	movs	r2, #0
100024f8:	2300      	movs	r3, #0
100024fa:	f7ff fbb1 	bl	10001c60 <__wrap___aeabi_dcmplt>
100024fe:	2800      	cmp	r0, #0
10002500:	f040 81f3 	bne.w	100028ea <_etoa+0x4aa>
10002504:	ed9d 7b0a 	vldr	d7, [sp, #40]	@ 0x28
10002508:	9b0f      	ldr	r3, [sp, #60]	@ 0x3c
1000250a:	465a      	mov	r2, fp
1000250c:	9303      	str	r3, [sp, #12]
1000250e:	9b0e      	ldr	r3, [sp, #56]	@ 0x38
10002510:	ed8d 7b00 	vstr	d7, [sp]
10002514:	9302      	str	r3, [sp, #8]
10002516:	f426 6300 	bic.w	r3, r6, #2048	@ 0x800
1000251a:	9304      	str	r3, [sp, #16]
1000251c:	4638      	mov	r0, r7
1000251e:	9b09      	ldr	r3, [sp, #36]	@ 0x24
10002520:	9908      	ldr	r1, [sp, #32]
10002522:	f7ff fd2d 	bl	10001f80 <_ftoa>
10002526:	4602      	mov	r2, r0
10002528:	f016 0f20 	tst.w	r6, #32
1000252c:	9b09      	ldr	r3, [sp, #36]	@ 0x24
1000252e:	9908      	ldr	r1, [sp, #32]
10002530:	bf0c      	ite	eq
10002532:	2065      	moveq	r0, #101	@ 0x65
10002534:	2045      	movne	r0, #69	@ 0x45
10002536:	f102 0801 	add.w	r8, r2, #1
1000253a:	47b8      	blx	r7
1000253c:	9a0c      	ldr	r2, [sp, #48]	@ 0x30
1000253e:	9b12      	ldr	r3, [sp, #72]	@ 0x48
10002540:	ac16      	add	r4, sp, #88	@ 0x58
10002542:	1e5d      	subs	r5, r3, #1
10002544:	ea82 73e2 	eor.w	r3, r2, r2, asr #31
10002548:	eba3 73e2 	sub.w	r3, r3, r2, asr #31
1000254c:	0fd1      	lsrs	r1, r2, #31
1000254e:	2600      	movs	r6, #0
10002550:	4622      	mov	r2, r4
10002552:	4699      	mov	r9, r3
10002554:	f8df c104 	ldr.w	ip, [pc, #260]	@ 1000265c <_etoa+0x21c>
10002558:	e001      	b.n	1000255e <_etoa+0x11e>
1000255a:	2e20      	cmp	r6, #32
1000255c:	d010      	beq.n	10002580 <_etoa+0x140>
1000255e:	46ce      	mov	lr, r9
10002560:	fbac 3009 	umull	r3, r0, ip, r9
10002564:	08c0      	lsrs	r0, r0, #3
10002566:	eb00 0380 	add.w	r3, r0, r0, lsl #2
1000256a:	eba9 0343 	sub.w	r3, r9, r3, lsl #1
1000256e:	3330      	adds	r3, #48	@ 0x30
10002570:	f1be 0f09 	cmp.w	lr, #9
10002574:	4681      	mov	r9, r0
10002576:	f106 0601 	add.w	r6, r6, #1
1000257a:	f802 3b01 	strb.w	r3, [r2], #1
1000257e:	d8ec      	bhi.n	1000255a <_etoa+0x11a>
10002580:	2305      	movs	r3, #5
10002582:	2000      	movs	r0, #0
10002584:	9306      	str	r3, [sp, #24]
10002586:	230a      	movs	r3, #10
10002588:	9505      	str	r5, [sp, #20]
1000258a:	9400      	str	r4, [sp, #0]
1000258c:	9d09      	ldr	r5, [sp, #36]	@ 0x24
1000258e:	9c08      	ldr	r4, [sp, #32]
10002590:	4642      	mov	r2, r8
10002592:	e9cd 3003 	strd	r3, r0, [sp, #12]
10002596:	e9cd 6101 	strd	r6, r1, [sp, #4]
1000259a:	462b      	mov	r3, r5
1000259c:	4621      	mov	r1, r4
1000259e:	4638      	mov	r0, r7
100025a0:	f7ff fbfa 	bl	10001d98 <_ntoa_format>
100025a4:	9a10      	ldr	r2, [sp, #64]	@ 0x40
100025a6:	4680      	mov	r8, r0
100025a8:	b1d2      	cbz	r2, 100025e0 <_etoa+0x1a0>
100025aa:	eba0 060b 	sub.w	r6, r0, fp
100025ae:	45b2      	cmp	sl, r6
100025b0:	d916      	bls.n	100025e0 <_etoa+0x1a0>
100025b2:	eb0b 0206 	add.w	r2, fp, r6
100025b6:	462b      	mov	r3, r5
100025b8:	4621      	mov	r1, r4
100025ba:	2020      	movs	r0, #32
100025bc:	3601      	adds	r6, #1
100025be:	47b8      	blx	r7
100025c0:	45b2      	cmp	sl, r6
100025c2:	d8f6      	bhi.n	100025b2 <_etoa+0x172>
100025c4:	f10b 33ff 	add.w	r3, fp, #4294967295	@ 0xffffffff
100025c8:	4453      	add	r3, sl
100025ca:	f1cb 0201 	rsb	r2, fp, #1
100025ce:	eba3 0308 	sub.w	r3, r3, r8
100025d2:	4442      	add	r2, r8
100025d4:	4592      	cmp	sl, r2
100025d6:	bf38      	it	cc
100025d8:	2300      	movcc	r3, #0
100025da:	f108 0801 	add.w	r8, r8, #1
100025de:	4498      	add	r8, r3
100025e0:	4640      	mov	r0, r8
100025e2:	b01f      	add	sp, #124	@ 0x7c
100025e4:	e8bd 8ff0 	ldmia.w	sp!, {r4, r5, r6, r7, r8, r9, sl, fp, pc}
100025e8:	465a      	mov	r2, fp
100025ea:	4638      	mov	r0, r7
100025ec:	e9cd 4528 	strd	r4, r5, [sp, #160]	@ 0xa0
100025f0:	e9cd a62b 	strd	sl, r6, [sp, #172]	@ 0xac
100025f4:	9c0e      	ldr	r4, [sp, #56]	@ 0x38
100025f6:	9b09      	ldr	r3, [sp, #36]	@ 0x24
100025f8:	9908      	ldr	r1, [sp, #32]
100025fa:	942a      	str	r4, [sp, #168]	@ 0xa8
100025fc:	b01f      	add	sp, #124	@ 0x7c
100025fe:	e8bd 4ff0 	ldmia.w	sp!, {r4, r5, r6, r7, r8, r9, sl, fp, lr}
10002602:	f7ff bcbd 	b.w	10001f80 <_ftoa>
10002606:	ea58 0309 	orrs.w	r3, r8, r9
1000260a:	d12b      	bne.n	10002664 <_etoa+0x224>
1000260c:	2a00      	cmp	r2, #0
1000260e:	f43f af62 	beq.w	100024d6 <_etoa+0x96>
10002612:	2300      	movs	r3, #0
10002614:	930c      	str	r3, [sp, #48]	@ 0x30
10002616:	9b0e      	ldr	r3, [sp, #56]	@ 0x38
10002618:	9a0c      	ldr	r2, [sp, #48]	@ 0x30
1000261a:	4293      	cmp	r3, r2
1000261c:	f300 81b9 	bgt.w	10002992 <_etoa+0x552>
10002620:	f04f 0800 	mov.w	r8, #0
10002624:	4620      	mov	r0, r4
10002626:	4629      	mov	r1, r5
10002628:	2200      	movs	r2, #0
1000262a:	2300      	movs	r3, #0
1000262c:	f7ff fb18 	bl	10001c60 <__wrap___aeabi_dcmplt>
10002630:	2800      	cmp	r0, #0
10002632:	f040 8113 	bne.w	1000285c <_etoa+0x41c>
10002636:	ed9d 7b0a 	vldr	d7, [sp, #40]	@ 0x28
1000263a:	f426 6600 	bic.w	r6, r6, #2048	@ 0x800
1000263e:	f446 6680 	orr.w	r6, r6, #1024	@ 0x400
10002642:	ed8d 7b28 	vstr	d7, [sp, #160]	@ 0xa0
10002646:	465a      	mov	r2, fp
10002648:	4638      	mov	r0, r7
1000264a:	e9cd 8a2a 	strd	r8, sl, [sp, #168]	@ 0xa8
1000264e:	9b09      	ldr	r3, [sp, #36]	@ 0x24
10002650:	9908      	ldr	r1, [sp, #32]
10002652:	962c      	str	r6, [sp, #176]	@ 0xb0
10002654:	e7d2      	b.n	100025fc <_etoa+0x1bc>
10002656:	bf00      	nop
10002658:	7fefffff 	.word	0x7fefffff
1000265c:	cccccccd 	.word	0xcccccccd
10002660:	2306      	movs	r3, #6
10002662:	930e      	str	r3, [sp, #56]	@ 0x38
10002664:	f3c9 500a 	ubfx	r0, r9, #20, #11
10002668:	f2a0 30ff 	subw	r0, r0, #1023	@ 0x3ff
1000266c:	f7ff fa9e 	bl	10001bac <__wrap___aeabi_i2d>
10002670:	a3c1      	add	r3, pc, #772	@ (adr r3, 10002978 <_etoa+0x538>)
10002672:	e9d3 2300 	ldrd	r2, r3, [r3]
10002676:	f7ff fa25 	bl	10001ac4 <__wrap___aeabi_dmul>
1000267a:	a3c1      	add	r3, pc, #772	@ (adr r3, 10002980 <_etoa+0x540>)
1000267c:	e9d3 2300 	ldrd	r2, r3, [r3]
10002680:	f7ff f9f8 	bl	10001a74 <__wrap___aeabi_dadd>
10002684:	f3c9 0913 	ubfx	r9, r9, #0, #20
10002688:	e9cd 010c 	strd	r0, r1, [sp, #48]	@ 0x30
1000268c:	f049 517f 	orr.w	r1, r9, #1069547520	@ 0x3fc00000
10002690:	4640      	mov	r0, r8
10002692:	2200      	movs	r2, #0
10002694:	4bb2      	ldr	r3, [pc, #712]	@ (10002960 <_etoa+0x520>)
10002696:	f441 1140 	orr.w	r1, r1, #3145728	@ 0x300000
1000269a:	f7ff f9ff 	bl	10001a9c <__wrap___aeabi_dsub>
1000269e:	a3a4      	add	r3, pc, #656	@ (adr r3, 10002930 <_etoa+0x4f0>)
100026a0:	e9d3 2300 	ldrd	r2, r3, [r3]
100026a4:	f7ff fa0e 	bl	10001ac4 <__wrap___aeabi_dmul>
100026a8:	4602      	mov	r2, r0
100026aa:	460b      	mov	r3, r1
100026ac:	e9dd 010c 	ldrd	r0, r1, [sp, #48]	@ 0x30
100026b0:	f7ff f9e0 	bl	10001a74 <__wrap___aeabi_dadd>
100026b4:	f7ff fa9e 	bl	10001bf4 <__wrap___aeabi_d2iz>
100026b8:	900c      	str	r0, [sp, #48]	@ 0x30
100026ba:	f7ff fa77 	bl	10001bac <__wrap___aeabi_i2d>
100026be:	a39e      	add	r3, pc, #632	@ (adr r3, 10002938 <_etoa+0x4f8>)
100026c0:	e9d3 2300 	ldrd	r2, r3, [r3]
100026c4:	4680      	mov	r8, r0
100026c6:	4689      	mov	r9, r1
100026c8:	f7ff f9fc 	bl	10001ac4 <__wrap___aeabi_dmul>
100026cc:	2200      	movs	r2, #0
100026ce:	4ba5      	ldr	r3, [pc, #660]	@ (10002964 <_etoa+0x524>)
100026d0:	f7ff f9d0 	bl	10001a74 <__wrap___aeabi_dadd>
100026d4:	f7ff fa8e 	bl	10001bf4 <__wrap___aeabi_d2iz>
100026d8:	4603      	mov	r3, r0
100026da:	4649      	mov	r1, r9
100026dc:	4640      	mov	r0, r8
100026de:	9312      	str	r3, [sp, #72]	@ 0x48
100026e0:	a397      	add	r3, pc, #604	@ (adr r3, 10002940 <_etoa+0x500>)
100026e2:	e9d3 2300 	ldrd	r2, r3, [r3]
100026e6:	f7ff f9ed 	bl	10001ac4 <__wrap___aeabi_dmul>
100026ea:	4680      	mov	r8, r0
100026ec:	9812      	ldr	r0, [sp, #72]	@ 0x48
100026ee:	4689      	mov	r9, r1
100026f0:	f7ff fa5c 	bl	10001bac <__wrap___aeabi_i2d>
100026f4:	a394      	add	r3, pc, #592	@ (adr r3, 10002948 <_etoa+0x508>)
100026f6:	e9d3 2300 	ldrd	r2, r3, [r3]
100026fa:	f7ff f9e3 	bl	10001ac4 <__wrap___aeabi_dmul>
100026fe:	4602      	mov	r2, r0
10002700:	460b      	mov	r3, r1
10002702:	4640      	mov	r0, r8
10002704:	4649      	mov	r1, r9
10002706:	f7ff f9c9 	bl	10001a9c <__wrap___aeabi_dsub>
1000270a:	4602      	mov	r2, r0
1000270c:	460b      	mov	r3, r1
1000270e:	4680      	mov	r8, r0
10002710:	4689      	mov	r9, r1
10002712:	f7ff f9d7 	bl	10001ac4 <__wrap___aeabi_dmul>
10002716:	4642      	mov	r2, r8
10002718:	464b      	mov	r3, r9
1000271a:	e9cd 0110 	strd	r0, r1, [sp, #64]	@ 0x40
1000271e:	4640      	mov	r0, r8
10002720:	4649      	mov	r1, r9
10002722:	f7ff f9a7 	bl	10001a74 <__wrap___aeabi_dadd>
10002726:	2200      	movs	r2, #0
10002728:	e9cd 0114 	strd	r0, r1, [sp, #80]	@ 0x50
1000272c:	e9dd 0110 	ldrd	r0, r1, [sp, #64]	@ 0x40
10002730:	4b8d      	ldr	r3, [pc, #564]	@ (10002968 <_etoa+0x528>)
10002732:	f7ff f9ed 	bl	10001b10 <__wrap___aeabi_ddiv>
10002736:	2200      	movs	r2, #0
10002738:	4b8c      	ldr	r3, [pc, #560]	@ (1000296c <_etoa+0x52c>)
1000273a:	f7ff f99b 	bl	10001a74 <__wrap___aeabi_dadd>
1000273e:	4602      	mov	r2, r0
10002740:	460b      	mov	r3, r1
10002742:	e9dd 0110 	ldrd	r0, r1, [sp, #64]	@ 0x40
10002746:	f7ff f9e3 	bl	10001b10 <__wrap___aeabi_ddiv>
1000274a:	2200      	movs	r2, #0
1000274c:	4b88      	ldr	r3, [pc, #544]	@ (10002970 <_etoa+0x530>)
1000274e:	f7ff f991 	bl	10001a74 <__wrap___aeabi_dadd>
10002752:	4602      	mov	r2, r0
10002754:	460b      	mov	r3, r1
10002756:	e9dd 0110 	ldrd	r0, r1, [sp, #64]	@ 0x40
1000275a:	f7ff f9d9 	bl	10001b10 <__wrap___aeabi_ddiv>
1000275e:	4642      	mov	r2, r8
10002760:	464b      	mov	r3, r9
10002762:	4680      	mov	r8, r0
10002764:	4689      	mov	r9, r1
10002766:	2000      	movs	r0, #0
10002768:	f04f 4180 	mov.w	r1, #1073741824	@ 0x40000000
1000276c:	f7ff f996 	bl	10001a9c <__wrap___aeabi_dsub>
10002770:	4602      	mov	r2, r0
10002772:	460b      	mov	r3, r1
10002774:	4640      	mov	r0, r8
10002776:	4649      	mov	r1, r9
10002778:	f7ff f97c 	bl	10001a74 <__wrap___aeabi_dadd>
1000277c:	4602      	mov	r2, r0
1000277e:	460b      	mov	r3, r1
10002780:	e9dd 0114 	ldrd	r0, r1, [sp, #80]	@ 0x50
10002784:	f7ff f9c4 	bl	10001b10 <__wrap___aeabi_ddiv>
10002788:	2200      	movs	r2, #0
1000278a:	4b7a      	ldr	r3, [pc, #488]	@ (10002974 <_etoa+0x534>)
1000278c:	f7ff f972 	bl	10001a74 <__wrap___aeabi_dadd>
10002790:	9b12      	ldr	r3, [sp, #72]	@ 0x48
10002792:	2200      	movs	r2, #0
10002794:	f203 3cff 	addw	ip, r3, #1023	@ 0x3ff
10002798:	ea4f 530c 	mov.w	r3, ip, lsl #20
1000279c:	f7ff f992 	bl	10001ac4 <__wrap___aeabi_dmul>
100027a0:	4680      	mov	r8, r0
100027a2:	4689      	mov	r9, r1
100027a4:	e9dd 010a 	ldrd	r0, r1, [sp, #40]	@ 0x28
100027a8:	4642      	mov	r2, r8
100027aa:	464b      	mov	r3, r9
100027ac:	f7ff fa58 	bl	10001c60 <__wrap___aeabi_dcmplt>
100027b0:	b150      	cbz	r0, 100027c8 <_etoa+0x388>
100027b2:	9b0c      	ldr	r3, [sp, #48]	@ 0x30
100027b4:	4640      	mov	r0, r8
100027b6:	3b01      	subs	r3, #1
100027b8:	4649      	mov	r1, r9
100027ba:	930c      	str	r3, [sp, #48]	@ 0x30
100027bc:	2200      	movs	r2, #0
100027be:	4b6b      	ldr	r3, [pc, #428]	@ (1000296c <_etoa+0x52c>)
100027c0:	f7ff f9a6 	bl	10001b10 <__wrap___aeabi_ddiv>
100027c4:	4680      	mov	r8, r0
100027c6:	4689      	mov	r9, r1
100027c8:	9a0c      	ldr	r2, [sp, #48]	@ 0x30
100027ca:	4643      	mov	r3, r8
100027cc:	3263      	adds	r2, #99	@ 0x63
100027ce:	2ac6      	cmp	r2, #198	@ 0xc6
100027d0:	f006 0202 	and.w	r2, r6, #2
100027d4:	9210      	str	r2, [sp, #64]	@ 0x40
100027d6:	4649      	mov	r1, r9
100027d8:	9a0f      	ldr	r2, [sp, #60]	@ 0x3c
100027da:	d82c      	bhi.n	10002836 <_etoa+0x3f6>
100027dc:	2a00      	cmp	r2, #0
100027de:	d05e      	beq.n	1000289e <_etoa+0x45e>
100027e0:	2204      	movs	r2, #4
100027e2:	9212      	str	r2, [sp, #72]	@ 0x48
100027e4:	430b      	orrs	r3, r1
100027e6:	f43f af16 	beq.w	10002616 <_etoa+0x1d6>
100027ea:	e9dd 010a 	ldrd	r0, r1, [sp, #40]	@ 0x28
100027ee:	a358      	add	r3, pc, #352	@ (adr r3, 10002950 <_etoa+0x510>)
100027f0:	e9d3 2300 	ldrd	r2, r3, [r3]
100027f4:	f7ff fa5c 	bl	10001cb0 <__wrap___aeabi_dcmpge>
100027f8:	b148      	cbz	r0, 1000280e <_etoa+0x3ce>
100027fa:	e9dd 010a 	ldrd	r0, r1, [sp, #40]	@ 0x28
100027fe:	a356      	add	r3, pc, #344	@ (adr r3, 10002958 <_etoa+0x518>)
10002800:	e9d3 2300 	ldrd	r2, r3, [r3]
10002804:	f7ff fa2c 	bl	10001c60 <__wrap___aeabi_dcmplt>
10002808:	2800      	cmp	r0, #0
1000280a:	f47f af04 	bne.w	10002616 <_etoa+0x1d6>
1000280e:	9b0e      	ldr	r3, [sp, #56]	@ 0x38
10002810:	2b00      	cmp	r3, #0
10002812:	d050      	beq.n	100028b6 <_etoa+0x476>
10002814:	9a13      	ldr	r2, [sp, #76]	@ 0x4c
10002816:	2a00      	cmp	r2, #0
10002818:	d07d      	beq.n	10002916 <_etoa+0x4d6>
1000281a:	3b01      	subs	r3, #1
1000281c:	930e      	str	r3, [sp, #56]	@ 0x38
1000281e:	9b12      	ldr	r3, [sp, #72]	@ 0x48
10002820:	459a      	cmp	sl, r3
10002822:	d905      	bls.n	10002830 <_etoa+0x3f0>
10002824:	9b10      	ldr	r3, [sp, #64]	@ 0x40
10002826:	2b00      	cmp	r3, #0
10002828:	f000 80ae 	beq.w	10002988 <_etoa+0x548>
1000282c:	2302      	movs	r3, #2
1000282e:	9310      	str	r3, [sp, #64]	@ 0x40
10002830:	2300      	movs	r3, #0
10002832:	930f      	str	r3, [sp, #60]	@ 0x3c
10002834:	e044      	b.n	100028c0 <_etoa+0x480>
10002836:	bb22      	cbnz	r2, 10002882 <_etoa+0x442>
10002838:	f1ba 0f05 	cmp.w	sl, #5
1000283c:	d94f      	bls.n	100028de <_etoa+0x49e>
1000283e:	f006 0302 	and.w	r3, r6, #2
10002842:	2b00      	cmp	r3, #0
10002844:	d149      	bne.n	100028da <_etoa+0x49a>
10002846:	2305      	movs	r3, #5
10002848:	9312      	str	r3, [sp, #72]	@ 0x48
1000284a:	f1aa 0305 	sub.w	r3, sl, #5
1000284e:	930f      	str	r3, [sp, #60]	@ 0x3c
10002850:	e03a      	b.n	100028c8 <_etoa+0x488>
10002852:	f105 4300 	add.w	r3, r5, #2147483648	@ 0x80000000
10002856:	940a      	str	r4, [sp, #40]	@ 0x28
10002858:	930b      	str	r3, [sp, #44]	@ 0x2c
1000285a:	e627      	b.n	100024ac <_etoa+0x6c>
1000285c:	f426 6600 	bic.w	r6, r6, #2048	@ 0x800
10002860:	f446 6680 	orr.w	r6, r6, #1024	@ 0x400
10002864:	4638      	mov	r0, r7
10002866:	962c      	str	r6, [sp, #176]	@ 0xb0
10002868:	e9dd 670a 	ldrd	r6, r7, [sp, #40]	@ 0x28
1000286c:	4634      	mov	r4, r6
1000286e:	f107 4500 	add.w	r5, r7, #2147483648	@ 0x80000000
10002872:	465a      	mov	r2, fp
10002874:	e9cd 8a2a 	strd	r8, sl, [sp, #168]	@ 0xa8
10002878:	e9cd 4528 	strd	r4, r5, [sp, #160]	@ 0xa0
1000287c:	9b09      	ldr	r3, [sp, #36]	@ 0x24
1000287e:	9908      	ldr	r1, [sp, #32]
10002880:	e6bc      	b.n	100025fc <_etoa+0x1bc>
10002882:	2205      	movs	r2, #5
10002884:	9212      	str	r2, [sp, #72]	@ 0x48
10002886:	e7ad      	b.n	100027e4 <_etoa+0x3a4>
10002888:	2300      	movs	r3, #0
1000288a:	2202      	movs	r2, #2
1000288c:	e9cd 320f 	strd	r3, r2, [sp, #60]	@ 0x3c
10002890:	2204      	movs	r2, #4
10002892:	930c      	str	r3, [sp, #48]	@ 0x30
10002894:	9212      	str	r2, [sp, #72]	@ 0x48
10002896:	e62c      	b.n	100024f2 <_etoa+0xb2>
10002898:	f04f 0805 	mov.w	r8, #5
1000289c:	e6c2      	b.n	10002624 <_etoa+0x1e4>
1000289e:	f1ba 0f04 	cmp.w	sl, #4
100028a2:	d91f      	bls.n	100028e4 <_etoa+0x4a4>
100028a4:	9b10      	ldr	r3, [sp, #64]	@ 0x40
100028a6:	2b00      	cmp	r3, #0
100028a8:	d178      	bne.n	1000299c <_etoa+0x55c>
100028aa:	2304      	movs	r3, #4
100028ac:	9312      	str	r3, [sp, #72]	@ 0x48
100028ae:	f1aa 0304 	sub.w	r3, sl, #4
100028b2:	930f      	str	r3, [sp, #60]	@ 0x3c
100028b4:	e004      	b.n	100028c0 <_etoa+0x480>
100028b6:	9b12      	ldr	r3, [sp, #72]	@ 0x48
100028b8:	459a      	cmp	sl, r3
100028ba:	d831      	bhi.n	10002920 <_etoa+0x4e0>
100028bc:	9b0e      	ldr	r3, [sp, #56]	@ 0x38
100028be:	930f      	str	r3, [sp, #60]	@ 0x3c
100028c0:	9b0c      	ldr	r3, [sp, #48]	@ 0x30
100028c2:	2b00      	cmp	r3, #0
100028c4:	f43f ae15 	beq.w	100024f2 <_etoa+0xb2>
100028c8:	e9dd 010a 	ldrd	r0, r1, [sp, #40]	@ 0x28
100028cc:	4642      	mov	r2, r8
100028ce:	464b      	mov	r3, r9
100028d0:	f7ff f91e 	bl	10001b10 <__wrap___aeabi_ddiv>
100028d4:	e9cd 010a 	strd	r0, r1, [sp, #40]	@ 0x28
100028d8:	e60b      	b.n	100024f2 <_etoa+0xb2>
100028da:	2302      	movs	r3, #2
100028dc:	9310      	str	r3, [sp, #64]	@ 0x40
100028de:	2305      	movs	r3, #5
100028e0:	9312      	str	r3, [sp, #72]	@ 0x48
100028e2:	e7f1      	b.n	100028c8 <_etoa+0x488>
100028e4:	2304      	movs	r3, #4
100028e6:	9312      	str	r3, [sp, #72]	@ 0x48
100028e8:	e7ea      	b.n	100028c0 <_etoa+0x480>
100028ea:	e9dd 450a 	ldrd	r4, r5, [sp, #40]	@ 0x28
100028ee:	46a0      	mov	r8, r4
100028f0:	9b0f      	ldr	r3, [sp, #60]	@ 0x3c
100028f2:	f105 4900 	add.w	r9, r5, #2147483648	@ 0x80000000
100028f6:	9303      	str	r3, [sp, #12]
100028f8:	9b0e      	ldr	r3, [sp, #56]	@ 0x38
100028fa:	465a      	mov	r2, fp
100028fc:	9302      	str	r3, [sp, #8]
100028fe:	f426 6300 	bic.w	r3, r6, #2048	@ 0x800
10002902:	9304      	str	r3, [sp, #16]
10002904:	4638      	mov	r0, r7
10002906:	e9cd 8900 	strd	r8, r9, [sp]
1000290a:	9b09      	ldr	r3, [sp, #36]	@ 0x24
1000290c:	9908      	ldr	r1, [sp, #32]
1000290e:	f7ff fb37 	bl	10001f80 <_ftoa>
10002912:	4602      	mov	r2, r0
10002914:	e608      	b.n	10002528 <_etoa+0xe8>
10002916:	9b12      	ldr	r3, [sp, #72]	@ 0x48
10002918:	459a      	cmp	sl, r3
1000291a:	d844      	bhi.n	100029a6 <_etoa+0x566>
1000291c:	920f      	str	r2, [sp, #60]	@ 0x3c
1000291e:	e7cf      	b.n	100028c0 <_etoa+0x480>
10002920:	9b10      	ldr	r3, [sp, #64]	@ 0x40
10002922:	b38b      	cbz	r3, 10002988 <_etoa+0x548>
10002924:	9b0e      	ldr	r3, [sp, #56]	@ 0x38
10002926:	930f      	str	r3, [sp, #60]	@ 0x3c
10002928:	2302      	movs	r3, #2
1000292a:	9310      	str	r3, [sp, #64]	@ 0x40
1000292c:	e7c8      	b.n	100028c0 <_etoa+0x480>
1000292e:	bf00      	nop
10002930:	636f4361 	.word	0x636f4361
10002934:	3fd287a7 	.word	0x3fd287a7
10002938:	0979a371 	.word	0x0979a371
1000293c:	400a934f 	.word	0x400a934f
10002940:	bbb55516 	.word	0xbbb55516
10002944:	40026bb1 	.word	0x40026bb1
10002948:	fefa39ef 	.word	0xfefa39ef
1000294c:	3fe62e42 	.word	0x3fe62e42
10002950:	eb1c432d 	.word	0xeb1c432d
10002954:	3f1a36e2 	.word	0x3f1a36e2
10002958:	00000000 	.word	0x00000000
1000295c:	412e8480 	.word	0x412e8480
10002960:	3ff80000 	.word	0x3ff80000
10002964:	3fe00000 	.word	0x3fe00000
10002968:	402c0000 	.word	0x402c0000
1000296c:	40240000 	.word	0x40240000
10002970:	40180000 	.word	0x40180000
10002974:	3ff00000 	.word	0x3ff00000
10002978:	509f79fb 	.word	0x509f79fb
1000297c:	3fd34413 	.word	0x3fd34413
10002980:	8b60c8b3 	.word	0x8b60c8b3
10002984:	3fc68a28 	.word	0x3fc68a28
10002988:	9b12      	ldr	r3, [sp, #72]	@ 0x48
1000298a:	ebaa 0303 	sub.w	r3, sl, r3
1000298e:	930f      	str	r3, [sp, #60]	@ 0x3c
10002990:	e796      	b.n	100028c0 <_etoa+0x480>
10002992:	eba3 0802 	sub.w	r8, r3, r2
10002996:	f108 38ff 	add.w	r8, r8, #4294967295	@ 0xffffffff
1000299a:	e643      	b.n	10002624 <_etoa+0x1e4>
1000299c:	2304      	movs	r3, #4
1000299e:	9312      	str	r3, [sp, #72]	@ 0x48
100029a0:	2302      	movs	r3, #2
100029a2:	9310      	str	r3, [sp, #64]	@ 0x40
100029a4:	e78c      	b.n	100028c0 <_etoa+0x480>
100029a6:	9b10      	ldr	r3, [sp, #64]	@ 0x40
100029a8:	2b00      	cmp	r3, #0
100029aa:	d0ed      	beq.n	10002988 <_etoa+0x548>
100029ac:	2302      	movs	r3, #2
100029ae:	920f      	str	r2, [sp, #60]	@ 0x3c
100029b0:	9310      	str	r3, [sp, #64]	@ 0x40
100029b2:	e785      	b.n	100028c0 <_etoa+0x480>

100029b4 <_vsnprintf>:
100029b4:	e92d 4ff0 	stmdb	sp!, {r4, r5, r6, r7, r8, r9, sl, fp, lr}
100029b8:	b09b      	sub	sp, #108	@ 0x6c
100029ba:	9c24      	ldr	r4, [sp, #144]	@ 0x90
100029bc:	4d95      	ldr	r5, [pc, #596]	@ (10002c14 <_vsnprintf+0x260>)
100029be:	940a      	str	r4, [sp, #40]	@ 0x28
100029c0:	4c95      	ldr	r4, [pc, #596]	@ (10002c18 <_vsnprintf+0x264>)
100029c2:	f1b1 0a00 	subs.w	sl, r1, #0
100029c6:	bf18      	it	ne
100029c8:	4683      	movne	fp, r0
100029ca:	6025      	str	r5, [r4, #0]
100029cc:	7818      	ldrb	r0, [r3, #0]
100029ce:	4c93      	ldr	r4, [pc, #588]	@ (10002c1c <_vsnprintf+0x268>)
100029d0:	4691      	mov	r9, r2
100029d2:	bf08      	it	eq
100029d4:	46a3      	moveq	fp, r4
100029d6:	9309      	str	r3, [sp, #36]	@ 0x24
100029d8:	2800      	cmp	r0, #0
100029da:	f000 8293 	beq.w	10002f04 <_vsnprintf+0x550>
100029de:	f04f 0800 	mov.w	r8, #0
100029e2:	e00a      	b.n	100029fa <_vsnprintf+0x46>
100029e4:	4642      	mov	r2, r8
100029e6:	464b      	mov	r3, r9
100029e8:	4651      	mov	r1, sl
100029ea:	f108 0801 	add.w	r8, r8, #1
100029ee:	47d8      	blx	fp
100029f0:	9b09      	ldr	r3, [sp, #36]	@ 0x24
100029f2:	7818      	ldrb	r0, [r3, #0]
100029f4:	2800      	cmp	r0, #0
100029f6:	f000 80ce 	beq.w	10002b96 <_vsnprintf+0x1e2>
100029fa:	9b09      	ldr	r3, [sp, #36]	@ 0x24
100029fc:	2825      	cmp	r0, #37	@ 0x25
100029fe:	f103 0301 	add.w	r3, r3, #1
10002a02:	9309      	str	r3, [sp, #36]	@ 0x24
10002a04:	d1ee      	bne.n	100029e4 <_vsnprintf+0x30>
10002a06:	461c      	mov	r4, r3
10002a08:	2300      	movs	r3, #0
10002a0a:	4622      	mov	r2, r4
10002a0c:	f812 0b01 	ldrb.w	r0, [r2], #1
10002a10:	f1a0 0120 	sub.w	r1, r0, #32
10002a14:	2910      	cmp	r1, #16
10002a16:	d80a      	bhi.n	10002a2e <_vsnprintf+0x7a>
10002a18:	e8df f001 	tbb	[pc, r1]
10002a1c:	3c090940 	.word	0x3c090940
10002a20:	09090909 	.word	0x09090909
10002a24:	38090909 	.word	0x38090909
10002a28:	09093409 	.word	0x09093409
10002a2c:	30          	.byte	0x30
10002a2d:	00          	.byte	0x00
10002a2e:	f1a0 0130 	sub.w	r1, r0, #48	@ 0x30
10002a32:	2909      	cmp	r1, #9
10002a34:	9409      	str	r4, [sp, #36]	@ 0x24
10002a36:	f240 808a 	bls.w	10002b4e <_vsnprintf+0x19a>
10002a3a:	282a      	cmp	r0, #42	@ 0x2a
10002a3c:	f000 80f0 	beq.w	10002c20 <_vsnprintf+0x26c>
10002a40:	2500      	movs	r5, #0
10002a42:	282e      	cmp	r0, #46	@ 0x2e
10002a44:	f000 8096 	beq.w	10002b74 <_vsnprintf+0x1c0>
10002a48:	2600      	movs	r6, #0
10002a4a:	f1a0 0168 	sub.w	r1, r0, #104	@ 0x68
10002a4e:	2912      	cmp	r1, #18
10002a50:	d82d      	bhi.n	10002aae <_vsnprintf+0xfa>
10002a52:	e8df f011 	tbh	[pc, r1, lsl #1]
10002a56:	0149      	.short	0x0149
10002a58:	0143002c 	.word	0x0143002c
10002a5c:	0138002c 	.word	0x0138002c
10002a60:	002c002c 	.word	0x002c002c
10002a64:	002c002c 	.word	0x002c002c
10002a68:	002c002c 	.word	0x002c002c
10002a6c:	0027002c 	.word	0x0027002c
10002a70:	002c002c 	.word	0x002c002c
10002a74:	002c002c 	.word	0x002c002c
10002a78:	0027002c 	.word	0x0027002c
10002a7c:	4614      	mov	r4, r2
10002a7e:	f043 0301 	orr.w	r3, r3, #1
10002a82:	e7c2      	b.n	10002a0a <_vsnprintf+0x56>
10002a84:	4614      	mov	r4, r2
10002a86:	f043 0302 	orr.w	r3, r3, #2
10002a8a:	e7be      	b.n	10002a0a <_vsnprintf+0x56>
10002a8c:	4614      	mov	r4, r2
10002a8e:	f043 0304 	orr.w	r3, r3, #4
10002a92:	e7ba      	b.n	10002a0a <_vsnprintf+0x56>
10002a94:	4614      	mov	r4, r2
10002a96:	f043 0310 	orr.w	r3, r3, #16
10002a9a:	e7b6      	b.n	10002a0a <_vsnprintf+0x56>
10002a9c:	4614      	mov	r4, r2
10002a9e:	f043 0308 	orr.w	r3, r3, #8
10002aa2:	e7b2      	b.n	10002a0a <_vsnprintf+0x56>
10002aa4:	9909      	ldr	r1, [sp, #36]	@ 0x24
10002aa6:	7848      	ldrb	r0, [r1, #1]
10002aa8:	f443 7380 	orr.w	r3, r3, #256	@ 0x100
10002aac:	3201      	adds	r2, #1
10002aae:	2867      	cmp	r0, #103	@ 0x67
10002ab0:	9209      	str	r2, [sp, #36]	@ 0x24
10002ab2:	d87e      	bhi.n	10002bb2 <_vsnprintf+0x1fe>
10002ab4:	2824      	cmp	r0, #36	@ 0x24
10002ab6:	f240 80c1 	bls.w	10002c3c <_vsnprintf+0x288>
10002aba:	f1a0 0225 	sub.w	r2, r0, #37	@ 0x25
10002abe:	2a42      	cmp	r2, #66	@ 0x42
10002ac0:	f200 80bc 	bhi.w	10002c3c <_vsnprintf+0x288>
10002ac4:	e8df f012 	tbh	[pc, r2, lsl #1]
10002ac8:	00ba0150 	.word	0x00ba0150
10002acc:	00ba00ba 	.word	0x00ba00ba
10002ad0:	00ba00ba 	.word	0x00ba00ba
10002ad4:	00ba00ba 	.word	0x00ba00ba
10002ad8:	00ba00ba 	.word	0x00ba00ba
10002adc:	00ba00ba 	.word	0x00ba00ba
10002ae0:	00ba00ba 	.word	0x00ba00ba
10002ae4:	00ba00ba 	.word	0x00ba00ba
10002ae8:	00ba00ba 	.word	0x00ba00ba
10002aec:	00ba00ba 	.word	0x00ba00ba
10002af0:	00ba00ba 	.word	0x00ba00ba
10002af4:	00ba00ba 	.word	0x00ba00ba
10002af8:	00ba00ba 	.word	0x00ba00ba
10002afc:	00ba00ba 	.word	0x00ba00ba
10002b00:	00ba00ba 	.word	0x00ba00ba
10002b04:	00ba00ba 	.word	0x00ba00ba
10002b08:	01370119 	.word	0x01370119
10002b0c:	00ba0119 	.word	0x00ba0119
10002b10:	00ba00ba 	.word	0x00ba00ba
10002b14:	00ba00ba 	.word	0x00ba00ba
10002b18:	00ba00ba 	.word	0x00ba00ba
10002b1c:	00ba00ba 	.word	0x00ba00ba
10002b20:	00ba00ba 	.word	0x00ba00ba
10002b24:	00ba00ba 	.word	0x00ba00ba
10002b28:	00ba00ba 	.word	0x00ba00ba
10002b2c:	01bc00ba 	.word	0x01bc00ba
10002b30:	00ba00ba 	.word	0x00ba00ba
10002b34:	00ba00ba 	.word	0x00ba00ba
10002b38:	00ba00ba 	.word	0x00ba00ba
10002b3c:	00ba00ba 	.word	0x00ba00ba
10002b40:	01bc00ba 	.word	0x01bc00ba
10002b44:	01bc0158 	.word	0x01bc0158
10002b48:	01370119 	.word	0x01370119
10002b4c:	0119      	.short	0x0119
10002b4e:	2500      	movs	r5, #0
10002b50:	e000      	b.n	10002b54 <_vsnprintf+0x1a0>
10002b52:	3201      	adds	r2, #1
10002b54:	eb05 0585 	add.w	r5, r5, r5, lsl #2
10002b58:	eb00 0545 	add.w	r5, r0, r5, lsl #1
10002b5c:	7810      	ldrb	r0, [r2, #0]
10002b5e:	3d30      	subs	r5, #48	@ 0x30
10002b60:	f1a0 0130 	sub.w	r1, r0, #48	@ 0x30
10002b64:	2909      	cmp	r1, #9
10002b66:	d9f4      	bls.n	10002b52 <_vsnprintf+0x19e>
10002b68:	282e      	cmp	r0, #46	@ 0x2e
10002b6a:	9209      	str	r2, [sp, #36]	@ 0x24
10002b6c:	f102 0201 	add.w	r2, r2, #1
10002b70:	f47f af6a 	bne.w	10002a48 <_vsnprintf+0x94>
10002b74:	9909      	ldr	r1, [sp, #36]	@ 0x24
10002b76:	f443 6380 	orr.w	r3, r3, #1024	@ 0x400
10002b7a:	7848      	ldrb	r0, [r1, #1]
10002b7c:	4611      	mov	r1, r2
10002b7e:	f1a0 0630 	sub.w	r6, r0, #48	@ 0x30
10002b82:	2e09      	cmp	r6, #9
10002b84:	f240 8121 	bls.w	10002dca <_vsnprintf+0x416>
10002b88:	282a      	cmp	r0, #42	@ 0x2a
10002b8a:	f000 812f 	beq.w	10002dec <_vsnprintf+0x438>
10002b8e:	9209      	str	r2, [sp, #36]	@ 0x24
10002b90:	2600      	movs	r6, #0
10002b92:	3201      	adds	r2, #1
10002b94:	e759      	b.n	10002a4a <_vsnprintf+0x96>
10002b96:	4644      	mov	r4, r8
10002b98:	45c1      	cmp	r9, r8
10002b9a:	d801      	bhi.n	10002ba0 <_vsnprintf+0x1ec>
10002b9c:	f109 38ff 	add.w	r8, r9, #4294967295	@ 0xffffffff
10002ba0:	464b      	mov	r3, r9
10002ba2:	4642      	mov	r2, r8
10002ba4:	4651      	mov	r1, sl
10002ba6:	2000      	movs	r0, #0
10002ba8:	47d8      	blx	fp
10002baa:	4620      	mov	r0, r4
10002bac:	b01b      	add	sp, #108	@ 0x6c
10002bae:	e8bd 8ff0 	ldmia.w	sp!, {r4, r5, r6, r7, r8, r9, sl, fp, pc}
10002bb2:	f1a0 0269 	sub.w	r2, r0, #105	@ 0x69
10002bb6:	b2d2      	uxtb	r2, r2
10002bb8:	2a0f      	cmp	r2, #15
10002bba:	d83f      	bhi.n	10002c3c <_vsnprintf+0x288>
10002bbc:	2101      	movs	r1, #1
10002bbe:	f249 0741 	movw	r7, #36929	@ 0x9041
10002bc2:	4091      	lsls	r1, r2
10002bc4:	4039      	ands	r1, r7
10002bc6:	f040 80f3 	bne.w	10002db0 <_vsnprintf+0x3fc>
10002bca:	2a0a      	cmp	r2, #10
10002bcc:	d03d      	beq.n	10002c4a <_vsnprintf+0x296>
10002bce:	2a07      	cmp	r2, #7
10002bd0:	d134      	bne.n	10002c3c <_vsnprintf+0x288>
10002bd2:	9d0a      	ldr	r5, [sp, #40]	@ 0x28
10002bd4:	f855 2b04 	ldr.w	r2, [r5], #4
10002bd8:	2a00      	cmp	r2, #0
10002bda:	f000 8113 	beq.w	10002e04 <_vsnprintf+0x450>
10002bde:	f043 0021 	orr.w	r0, r3, #33	@ 0x21
10002be2:	ab12      	add	r3, sp, #72	@ 0x48
10002be4:	461f      	mov	r7, r3
10002be6:	930b      	str	r3, [sp, #44]	@ 0x2c
10002be8:	e003      	b.n	10002bf2 <_vsnprintf+0x23e>
10002bea:	2920      	cmp	r1, #32
10002bec:	f000 8114 	beq.w	10002e18 <_vsnprintf+0x464>
10002bf0:	461a      	mov	r2, r3
10002bf2:	f002 040f 	and.w	r4, r2, #15
10002bf6:	4623      	mov	r3, r4
10002bf8:	2c09      	cmp	r4, #9
10002bfa:	bf94      	ite	ls
10002bfc:	3330      	addls	r3, #48	@ 0x30
10002bfe:	3337      	addhi	r3, #55	@ 0x37
10002c00:	2a0f      	cmp	r2, #15
10002c02:	f807 3b01 	strb.w	r3, [r7], #1
10002c06:	f101 0101 	add.w	r1, r1, #1
10002c0a:	ea4f 1312 	mov.w	r3, r2, lsr #4
10002c0e:	d8ec      	bhi.n	10002bea <_vsnprintf+0x236>
10002c10:	e102      	b.n	10002e18 <_vsnprintf+0x464>
10002c12:	bf00      	nop
10002c14:	100029b5 	.word	0x100029b5
10002c18:	20001de8 	.word	0x20001de8
10002c1c:	10001cf9 	.word	0x10001cf9
10002c20:	990a      	ldr	r1, [sp, #40]	@ 0x28
10002c22:	9809      	ldr	r0, [sp, #36]	@ 0x24
10002c24:	f851 5b04 	ldr.w	r5, [r1], #4
10002c28:	7840      	ldrb	r0, [r0, #1]
10002c2a:	2d00      	cmp	r5, #0
10002c2c:	e9cd 2109 	strd	r2, r1, [sp, #36]	@ 0x24
10002c30:	bfbc      	itt	lt
10002c32:	f043 0302 	orrlt.w	r3, r3, #2
10002c36:	426d      	neglt	r5, r5
10002c38:	3201      	adds	r2, #1
10002c3a:	e702      	b.n	10002a42 <_vsnprintf+0x8e>
10002c3c:	4642      	mov	r2, r8
10002c3e:	464b      	mov	r3, r9
10002c40:	4651      	mov	r1, sl
10002c42:	f108 0801 	add.w	r8, r8, #1
10002c46:	47d8      	blx	fp
10002c48:	e6d2      	b.n	100029f0 <_vsnprintf+0x3c>
10002c4a:	990a      	ldr	r1, [sp, #40]	@ 0x28
10002c4c:	2e00      	cmp	r6, #0
10002c4e:	f851 7b04 	ldr.w	r7, [r1], #4
10002c52:	bf18      	it	ne
10002c54:	4632      	movne	r2, r6
10002c56:	7838      	ldrb	r0, [r7, #0]
10002c58:	bf08      	it	eq
10002c5a:	f04f 32ff 	moveq.w	r2, #4294967295	@ 0xffffffff
10002c5e:	2800      	cmp	r0, #0
10002c60:	f000 837b 	beq.w	1000335a <_vsnprintf+0x9a6>
10002c64:	18bc      	adds	r4, r7, r2
10002c66:	46a4      	mov	ip, r4
10002c68:	463a      	mov	r2, r7
10002c6a:	e004      	b.n	10002c76 <_vsnprintf+0x2c2>
10002c6c:	f812 4f01 	ldrb.w	r4, [r2, #1]!
10002c70:	2c00      	cmp	r4, #0
10002c72:	f000 813f 	beq.w	10002ef4 <_vsnprintf+0x540>
10002c76:	4594      	cmp	ip, r2
10002c78:	d1f8      	bne.n	10002c6c <_vsnprintf+0x2b8>
10002c7a:	4664      	mov	r4, ip
10002c7c:	1be4      	subs	r4, r4, r7
10002c7e:	055a      	lsls	r2, r3, #21
10002c80:	f140 8122 	bpl.w	10002ec8 <_vsnprintf+0x514>
10002c84:	42b4      	cmp	r4, r6
10002c86:	bf28      	it	cs
10002c88:	4634      	movcs	r4, r6
10002c8a:	f013 0302 	ands.w	r3, r3, #2
10002c8e:	f000 8288 	beq.w	100031a2 <_vsnprintf+0x7ee>
10002c92:	2302      	movs	r3, #2
10002c94:	e9cd 510a 	strd	r5, r1, [sp, #40]	@ 0x28
10002c98:	4642      	mov	r2, r8
10002c9a:	461d      	mov	r5, r3
10002c9c:	4446      	add	r6, r8
10002c9e:	e008      	b.n	10002cb2 <_vsnprintf+0x2fe>
10002ca0:	464b      	mov	r3, r9
10002ca2:	4651      	mov	r1, sl
10002ca4:	47d8      	blx	fp
10002ca6:	f817 0f01 	ldrb.w	r0, [r7, #1]!
10002caa:	f108 0801 	add.w	r8, r8, #1
10002cae:	b110      	cbz	r0, 10002cb6 <_vsnprintf+0x302>
10002cb0:	4642      	mov	r2, r8
10002cb2:	4546      	cmp	r6, r8
10002cb4:	d1f4      	bne.n	10002ca0 <_vsnprintf+0x2ec>
10002cb6:	462b      	mov	r3, r5
10002cb8:	990b      	ldr	r1, [sp, #44]	@ 0x2c
10002cba:	9d0a      	ldr	r5, [sp, #40]	@ 0x28
10002cbc:	2b00      	cmp	r3, #0
10002cbe:	f040 8141 	bne.w	10002f44 <_vsnprintf+0x590>
10002cc2:	910a      	str	r1, [sp, #40]	@ 0x28
10002cc4:	e694      	b.n	100029f0 <_vsnprintf+0x3c>
10002cc6:	9909      	ldr	r1, [sp, #36]	@ 0x24
10002cc8:	7848      	ldrb	r0, [r1, #1]
10002cca:	286c      	cmp	r0, #108	@ 0x6c
10002ccc:	f47f aeec 	bne.w	10002aa8 <_vsnprintf+0xf4>
10002cd0:	460a      	mov	r2, r1
10002cd2:	7888      	ldrb	r0, [r1, #2]
10002cd4:	f443 7340 	orr.w	r3, r3, #768	@ 0x300
10002cd8:	3203      	adds	r2, #3
10002cda:	e6e8      	b.n	10002aae <_vsnprintf+0xfa>
10002cdc:	9909      	ldr	r1, [sp, #36]	@ 0x24
10002cde:	f443 7300 	orr.w	r3, r3, #512	@ 0x200
10002ce2:	7848      	ldrb	r0, [r1, #1]
10002ce4:	3201      	adds	r2, #1
10002ce6:	e6e2      	b.n	10002aae <_vsnprintf+0xfa>
10002ce8:	9909      	ldr	r1, [sp, #36]	@ 0x24
10002cea:	7848      	ldrb	r0, [r1, #1]
10002cec:	2868      	cmp	r0, #104	@ 0x68
10002cee:	f000 8103 	beq.w	10002ef8 <_vsnprintf+0x544>
10002cf2:	f043 0380 	orr.w	r3, r3, #128	@ 0x80
10002cf6:	3201      	adds	r2, #1
10002cf8:	e6d9      	b.n	10002aae <_vsnprintf+0xfa>
10002cfa:	2867      	cmp	r0, #103	@ 0x67
10002cfc:	f000 80d9 	beq.w	10002eb2 <_vsnprintf+0x4fe>
10002d00:	2847      	cmp	r0, #71	@ 0x47
10002d02:	f000 80dc 	beq.w	10002ebe <_vsnprintf+0x50a>
10002d06:	2845      	cmp	r0, #69	@ 0x45
10002d08:	f000 80db 	beq.w	10002ec2 <_vsnprintf+0x50e>
10002d0c:	e9cd 5303 	strd	r5, r3, [sp, #12]
10002d10:	9b0a      	ldr	r3, [sp, #40]	@ 0x28
10002d12:	9602      	str	r6, [sp, #8]
10002d14:	3307      	adds	r3, #7
10002d16:	f023 0307 	bic.w	r3, r3, #7
10002d1a:	461c      	mov	r4, r3
10002d1c:	4642      	mov	r2, r8
10002d1e:	e8f4 6702 	ldrd	r6, r7, [r4], #8
10002d22:	464b      	mov	r3, r9
10002d24:	4651      	mov	r1, sl
10002d26:	4658      	mov	r0, fp
10002d28:	e9cd 6700 	strd	r6, r7, [sp]
10002d2c:	940a      	str	r4, [sp, #40]	@ 0x28
10002d2e:	f7ff fb87 	bl	10002440 <_etoa>
10002d32:	4680      	mov	r8, r0
10002d34:	e65c      	b.n	100029f0 <_vsnprintf+0x3c>
10002d36:	2846      	cmp	r0, #70	@ 0x46
10002d38:	bf08      	it	eq
10002d3a:	f043 0320 	orreq.w	r3, r3, #32
10002d3e:	e9cd 5303 	strd	r5, r3, [sp, #12]
10002d42:	9b0a      	ldr	r3, [sp, #40]	@ 0x28
10002d44:	9602      	str	r6, [sp, #8]
10002d46:	3307      	adds	r3, #7
10002d48:	f023 0307 	bic.w	r3, r3, #7
10002d4c:	461c      	mov	r4, r3
10002d4e:	4642      	mov	r2, r8
10002d50:	e8f4 6702 	ldrd	r6, r7, [r4], #8
10002d54:	464b      	mov	r3, r9
10002d56:	4651      	mov	r1, sl
10002d58:	4658      	mov	r0, fp
10002d5a:	e9cd 6700 	strd	r6, r7, [sp]
10002d5e:	940a      	str	r4, [sp, #40]	@ 0x28
10002d60:	f7ff f90e 	bl	10001f80 <_ftoa>
10002d64:	4680      	mov	r8, r0
10002d66:	e643      	b.n	100029f0 <_vsnprintf+0x3c>
10002d68:	4642      	mov	r2, r8
10002d6a:	464b      	mov	r3, r9
10002d6c:	4651      	mov	r1, sl
10002d6e:	2025      	movs	r0, #37	@ 0x25
10002d70:	f108 0801 	add.w	r8, r8, #1
10002d74:	47d8      	blx	fp
10002d76:	e63b      	b.n	100029f0 <_vsnprintf+0x3c>
10002d78:	9a0a      	ldr	r2, [sp, #40]	@ 0x28
10002d7a:	0799      	lsls	r1, r3, #30
10002d7c:	f102 0404 	add.w	r4, r2, #4
10002d80:	f108 0601 	add.w	r6, r8, #1
10002d84:	f140 80c6 	bpl.w	10002f14 <_vsnprintf+0x560>
10002d88:	7810      	ldrb	r0, [r2, #0]
10002d8a:	464b      	mov	r3, r9
10002d8c:	4642      	mov	r2, r8
10002d8e:	4651      	mov	r1, sl
10002d90:	47d8      	blx	fp
10002d92:	2d01      	cmp	r5, #1
10002d94:	bf88      	it	hi
10002d96:	44a8      	addhi	r8, r5
10002d98:	f240 81bd 	bls.w	10003116 <_vsnprintf+0x762>
10002d9c:	4632      	mov	r2, r6
10002d9e:	464b      	mov	r3, r9
10002da0:	4651      	mov	r1, sl
10002da2:	2020      	movs	r0, #32
10002da4:	3601      	adds	r6, #1
10002da6:	47d8      	blx	fp
10002da8:	4546      	cmp	r6, r8
10002daa:	d1f7      	bne.n	10002d9c <_vsnprintf+0x3e8>
10002dac:	940a      	str	r4, [sp, #40]	@ 0x28
10002dae:	e61f      	b.n	100029f0 <_vsnprintf+0x3c>
10002db0:	286f      	cmp	r0, #111	@ 0x6f
10002db2:	f000 8081 	beq.w	10002eb8 <_vsnprintf+0x504>
10002db6:	f240 8248 	bls.w	1000324a <_vsnprintf+0x896>
10002dba:	2878      	cmp	r0, #120	@ 0x78
10002dbc:	f000 8190 	beq.w	100030e0 <_vsnprintf+0x72c>
10002dc0:	270a      	movs	r7, #10
10002dc2:	f023 0310 	bic.w	r3, r3, #16
10002dc6:	46bc      	mov	ip, r7
10002dc8:	e041      	b.n	10002e4e <_vsnprintf+0x49a>
10002dca:	2600      	movs	r6, #0
10002dcc:	eb06 0686 	add.w	r6, r6, r6, lsl #2
10002dd0:	eb00 0046 	add.w	r0, r0, r6, lsl #1
10002dd4:	f1a0 0630 	sub.w	r6, r0, #48	@ 0x30
10002dd8:	f811 0f01 	ldrb.w	r0, [r1, #1]!
10002ddc:	f1a0 0230 	sub.w	r2, r0, #48	@ 0x30
10002de0:	2a09      	cmp	r2, #9
10002de2:	d9f3      	bls.n	10002dcc <_vsnprintf+0x418>
10002de4:	460a      	mov	r2, r1
10002de6:	9109      	str	r1, [sp, #36]	@ 0x24
10002de8:	3201      	adds	r2, #1
10002dea:	e62e      	b.n	10002a4a <_vsnprintf+0x96>
10002dec:	e9dd 2109 	ldrd	r2, r1, [sp, #36]	@ 0x24
10002df0:	f851 6b04 	ldr.w	r6, [r1], #4
10002df4:	7890      	ldrb	r0, [r2, #2]
10002df6:	3202      	adds	r2, #2
10002df8:	9209      	str	r2, [sp, #36]	@ 0x24
10002dfa:	910a      	str	r1, [sp, #40]	@ 0x28
10002dfc:	3201      	adds	r2, #1
10002dfe:	ea26 76e6 	bic.w	r6, r6, r6, asr #31
10002e02:	e622      	b.n	10002a4a <_vsnprintf+0x96>
10002e04:	f023 0010 	bic.w	r0, r3, #16
10002e08:	f413 6280 	ands.w	r2, r3, #1024	@ 0x400
10002e0c:	f040 0021 	orr.w	r0, r0, #33	@ 0x21
10002e10:	f43f aee7 	beq.w	10002be2 <_vsnprintf+0x22e>
10002e14:	ab12      	add	r3, sp, #72	@ 0x48
10002e16:	930b      	str	r3, [sp, #44]	@ 0x2c
10002e18:	9b0b      	ldr	r3, [sp, #44]	@ 0x2c
10002e1a:	9006      	str	r0, [sp, #24]
10002e1c:	9300      	str	r3, [sp, #0]
10002e1e:	2308      	movs	r3, #8
10002e20:	2010      	movs	r0, #16
10002e22:	9305      	str	r3, [sp, #20]
10002e24:	2300      	movs	r3, #0
10002e26:	4642      	mov	r2, r8
10002e28:	e9cd 3002 	strd	r3, r0, [sp, #8]
10002e2c:	9101      	str	r1, [sp, #4]
10002e2e:	464b      	mov	r3, r9
10002e30:	4651      	mov	r1, sl
10002e32:	4658      	mov	r0, fp
10002e34:	9604      	str	r6, [sp, #16]
10002e36:	f7fe ffaf 	bl	10001d98 <_ntoa_format>
10002e3a:	950a      	str	r5, [sp, #40]	@ 0x28
10002e3c:	4680      	mov	r8, r0
10002e3e:	e5d7      	b.n	100029f0 <_vsnprintf+0x3c>
10002e40:	2858      	cmp	r0, #88	@ 0x58
10002e42:	d062      	beq.n	10002f0a <_vsnprintf+0x556>
10002e44:	2862      	cmp	r0, #98	@ 0x62
10002e46:	f040 808f 	bne.w	10002f68 <_vsnprintf+0x5b4>
10002e4a:	2702      	movs	r7, #2
10002e4c:	46bc      	mov	ip, r7
10002e4e:	f413 6080 	ands.w	r0, r3, #1024	@ 0x400
10002e52:	f000 80dd 	beq.w	10003010 <_vsnprintf+0x65c>
10002e56:	f023 030d 	bic.w	r3, r3, #13
10002e5a:	f413 7200 	ands.w	r2, r3, #512	@ 0x200
10002e5e:	f040 8181 	bne.w	10003164 <_vsnprintf+0x7b0>
10002e62:	990a      	ldr	r1, [sp, #40]	@ 0x28
10002e64:	1d0f      	adds	r7, r1, #4
10002e66:	f413 7180 	ands.w	r1, r3, #256	@ 0x100
10002e6a:	f040 8237 	bne.w	100032dc <_vsnprintf+0x928>
10002e6e:	065c      	lsls	r4, r3, #25
10002e70:	9a0a      	ldr	r2, [sp, #40]	@ 0x28
10002e72:	f140 813b 	bpl.w	100030ec <_vsnprintf+0x738>
10002e76:	7812      	ldrb	r2, [r2, #0]
10002e78:	2a00      	cmp	r2, #0
10002e7a:	f040 814e 	bne.w	1000311a <_vsnprintf+0x766>
10002e7e:	f023 0310 	bic.w	r3, r3, #16
10002e82:	2800      	cmp	r0, #0
10002e84:	f000 8149 	beq.w	1000311a <_vsnprintf+0x766>
10002e88:	4611      	mov	r1, r2
10002e8a:	aa12      	add	r2, sp, #72	@ 0x48
10002e8c:	920b      	str	r2, [sp, #44]	@ 0x2c
10002e8e:	e9cd 5305 	strd	r5, r3, [sp, #20]
10002e92:	e9cd c603 	strd	ip, r6, [sp, #12]
10002e96:	9101      	str	r1, [sp, #4]
10002e98:	9b0b      	ldr	r3, [sp, #44]	@ 0x2c
10002e9a:	4642      	mov	r2, r8
10002e9c:	9300      	str	r3, [sp, #0]
10002e9e:	2300      	movs	r3, #0
10002ea0:	4651      	mov	r1, sl
10002ea2:	9302      	str	r3, [sp, #8]
10002ea4:	4658      	mov	r0, fp
10002ea6:	464b      	mov	r3, r9
10002ea8:	f7fe ff76 	bl	10001d98 <_ntoa_format>
10002eac:	970a      	str	r7, [sp, #40]	@ 0x28
10002eae:	4680      	mov	r8, r0
10002eb0:	e59e      	b.n	100029f0 <_vsnprintf+0x3c>
10002eb2:	f443 6300 	orr.w	r3, r3, #2048	@ 0x800
10002eb6:	e729      	b.n	10002d0c <_vsnprintf+0x358>
10002eb8:	2708      	movs	r7, #8
10002eba:	46bc      	mov	ip, r7
10002ebc:	e7c7      	b.n	10002e4e <_vsnprintf+0x49a>
10002ebe:	f443 6300 	orr.w	r3, r3, #2048	@ 0x800
10002ec2:	f043 0320 	orr.w	r3, r3, #32
10002ec6:	e721      	b.n	10002d0c <_vsnprintf+0x358>
10002ec8:	f013 0302 	ands.w	r3, r3, #2
10002ecc:	f000 818e 	beq.w	100031ec <_vsnprintf+0x838>
10002ed0:	2302      	movs	r3, #2
10002ed2:	950a      	str	r5, [sp, #40]	@ 0x28
10002ed4:	461e      	mov	r6, r3
10002ed6:	460d      	mov	r5, r1
10002ed8:	4642      	mov	r2, r8
10002eda:	464b      	mov	r3, r9
10002edc:	4651      	mov	r1, sl
10002ede:	47d8      	blx	fp
10002ee0:	f817 0f01 	ldrb.w	r0, [r7, #1]!
10002ee4:	f108 0801 	add.w	r8, r8, #1
10002ee8:	2800      	cmp	r0, #0
10002eea:	d1f5      	bne.n	10002ed8 <_vsnprintf+0x524>
10002eec:	4629      	mov	r1, r5
10002eee:	4633      	mov	r3, r6
10002ef0:	9d0a      	ldr	r5, [sp, #40]	@ 0x28
10002ef2:	e6e3      	b.n	10002cbc <_vsnprintf+0x308>
10002ef4:	1bd4      	subs	r4, r2, r7
10002ef6:	e6c2      	b.n	10002c7e <_vsnprintf+0x2ca>
10002ef8:	460a      	mov	r2, r1
10002efa:	7888      	ldrb	r0, [r1, #2]
10002efc:	f043 03c0 	orr.w	r3, r3, #192	@ 0xc0
10002f00:	3203      	adds	r2, #3
10002f02:	e5d4      	b.n	10002aae <_vsnprintf+0xfa>
10002f04:	4604      	mov	r4, r0
10002f06:	4680      	mov	r8, r0
10002f08:	e646      	b.n	10002b98 <_vsnprintf+0x1e4>
10002f0a:	2710      	movs	r7, #16
10002f0c:	f043 0320 	orr.w	r3, r3, #32
10002f10:	46bc      	mov	ip, r7
10002f12:	e79c      	b.n	10002e4e <_vsnprintf+0x49a>
10002f14:	2d01      	cmp	r5, #1
10002f16:	f240 80f8 	bls.w	1000310a <_vsnprintf+0x756>
10002f1a:	4646      	mov	r6, r8
10002f1c:	f108 37ff 	add.w	r7, r8, #4294967295	@ 0xffffffff
10002f20:	442f      	add	r7, r5
10002f22:	4632      	mov	r2, r6
10002f24:	464b      	mov	r3, r9
10002f26:	4651      	mov	r1, sl
10002f28:	2020      	movs	r0, #32
10002f2a:	3601      	adds	r6, #1
10002f2c:	47d8      	blx	fp
10002f2e:	42be      	cmp	r6, r7
10002f30:	d1f7      	bne.n	10002f22 <_vsnprintf+0x56e>
10002f32:	9b0a      	ldr	r3, [sp, #40]	@ 0x28
10002f34:	4632      	mov	r2, r6
10002f36:	7818      	ldrb	r0, [r3, #0]
10002f38:	4651      	mov	r1, sl
10002f3a:	464b      	mov	r3, r9
10002f3c:	47d8      	blx	fp
10002f3e:	44a8      	add	r8, r5
10002f40:	940a      	str	r4, [sp, #40]	@ 0x28
10002f42:	e555      	b.n	100029f0 <_vsnprintf+0x3c>
10002f44:	4646      	mov	r6, r8
10002f46:	42a5      	cmp	r5, r4
10002f48:	f67f aebb 	bls.w	10002cc2 <_vsnprintf+0x30e>
10002f4c:	44a8      	add	r8, r5
10002f4e:	eba8 0804 	sub.w	r8, r8, r4
10002f52:	460c      	mov	r4, r1
10002f54:	4632      	mov	r2, r6
10002f56:	464b      	mov	r3, r9
10002f58:	4651      	mov	r1, sl
10002f5a:	2020      	movs	r0, #32
10002f5c:	3601      	adds	r6, #1
10002f5e:	47d8      	blx	fp
10002f60:	4546      	cmp	r6, r8
10002f62:	d1f7      	bne.n	10002f54 <_vsnprintf+0x5a0>
10002f64:	4621      	mov	r1, r4
10002f66:	e6ac      	b.n	10002cc2 <_vsnprintf+0x30e>
10002f68:	f413 6280 	ands.w	r2, r3, #1024	@ 0x400
10002f6c:	f000 80bb 	beq.w	100030e6 <_vsnprintf+0x732>
10002f70:	f44f 6280 	mov.w	r2, #1024	@ 0x400
10002f74:	f023 0c11 	bic.w	ip, r3, #17
10002f78:	f41c 7700 	ands.w	r7, ip, #512	@ 0x200
10002f7c:	9b0a      	ldr	r3, [sp, #40]	@ 0x28
10002f7e:	d14a      	bne.n	10003016 <_vsnprintf+0x662>
10002f80:	f41c 7080 	ands.w	r0, ip, #256	@ 0x100
10002f84:	f103 0404 	add.w	r4, r3, #4
10002f88:	f040 8134 	bne.w	100031f4 <_vsnprintf+0x840>
10002f8c:	f01c 0f40 	tst.w	ip, #64	@ 0x40
10002f90:	f040 80a3 	bne.w	100030da <_vsnprintf+0x726>
10002f94:	f01c 0f80 	tst.w	ip, #128	@ 0x80
10002f98:	f000 81d3 	beq.w	10003342 <_vsnprintf+0x98e>
10002f9c:	f9b3 1000 	ldrsh.w	r1, [r3]
10002fa0:	ea81 77e1 	eor.w	r7, r1, r1, asr #31
10002fa4:	eba7 77e1 	sub.w	r7, r7, r1, asr #31
10002fa8:	b2bf      	uxth	r7, r7
10002faa:	0fcb      	lsrs	r3, r1, #31
10002fac:	2900      	cmp	r1, #0
10002fae:	f000 8156 	beq.w	1000325e <_vsnprintf+0x8aa>
10002fb2:	463a      	mov	r2, r7
10002fb4:	a912      	add	r1, sp, #72	@ 0x48
10002fb6:	460f      	mov	r7, r1
10002fb8:	f8df e3d8 	ldr.w	lr, [pc, #984]	@ 10003394 <_vsnprintf+0x9e0>
10002fbc:	910b      	str	r1, [sp, #44]	@ 0x2c
10002fbe:	930a      	str	r3, [sp, #40]	@ 0x28
10002fc0:	950c      	str	r5, [sp, #48]	@ 0x30
10002fc2:	e001      	b.n	10002fc8 <_vsnprintf+0x614>
10002fc4:	2820      	cmp	r0, #32
10002fc6:	d00f      	beq.n	10002fe8 <_vsnprintf+0x634>
10002fc8:	4615      	mov	r5, r2
10002fca:	fbae 1302 	umull	r1, r3, lr, r2
10002fce:	08db      	lsrs	r3, r3, #3
10002fd0:	eb03 0183 	add.w	r1, r3, r3, lsl #2
10002fd4:	eba2 0141 	sub.w	r1, r2, r1, lsl #1
10002fd8:	3130      	adds	r1, #48	@ 0x30
10002fda:	2d09      	cmp	r5, #9
10002fdc:	461a      	mov	r2, r3
10002fde:	f100 0001 	add.w	r0, r0, #1
10002fe2:	f807 1b01 	strb.w	r1, [r7], #1
10002fe6:	d8ed      	bhi.n	10002fc4 <_vsnprintf+0x610>
10002fe8:	9b0a      	ldr	r3, [sp, #40]	@ 0x28
10002fea:	9d0c      	ldr	r5, [sp, #48]	@ 0x30
10002fec:	e9cd 5c05 	strd	r5, ip, [sp, #20]
10002ff0:	e9cd 0301 	strd	r0, r3, [sp, #4]
10002ff4:	9604      	str	r6, [sp, #16]
10002ff6:	9b0b      	ldr	r3, [sp, #44]	@ 0x2c
10002ff8:	4642      	mov	r2, r8
10002ffa:	9300      	str	r3, [sp, #0]
10002ffc:	230a      	movs	r3, #10
10002ffe:	4651      	mov	r1, sl
10003000:	9303      	str	r3, [sp, #12]
10003002:	4658      	mov	r0, fp
10003004:	464b      	mov	r3, r9
10003006:	f7fe fec7 	bl	10001d98 <_ntoa_format>
1000300a:	940a      	str	r4, [sp, #40]	@ 0x28
1000300c:	4680      	mov	r8, r0
1000300e:	e4ef      	b.n	100029f0 <_vsnprintf+0x3c>
10003010:	f023 030c 	bic.w	r3, r3, #12
10003014:	e721      	b.n	10002e5a <_vsnprintf+0x4a6>
10003016:	3307      	adds	r3, #7
10003018:	f023 0307 	bic.w	r3, r3, #7
1000301c:	4619      	mov	r1, r3
1000301e:	4608      	mov	r0, r1
10003020:	685b      	ldr	r3, [r3, #4]
10003022:	f850 1b08 	ldr.w	r1, [r0], #8
10003026:	0fdf      	lsrs	r7, r3, #31
10003028:	900a      	str	r0, [sp, #40]	@ 0x28
1000302a:	ea51 0003 	orrs.w	r0, r1, r3
1000302e:	d162      	bne.n	100030f6 <_vsnprintf+0x742>
10003030:	2a00      	cmp	r2, #0
10003032:	f040 819f 	bne.w	10003374 <_vsnprintf+0x9c0>
10003036:	4613      	mov	r3, r2
10003038:	4611      	mov	r1, r2
1000303a:	aa12      	add	r2, sp, #72	@ 0x48
1000303c:	e9cd 750c 	strd	r7, r5, [sp, #48]	@ 0x30
10003040:	2000      	movs	r0, #0
10003042:	4615      	mov	r5, r2
10003044:	e9cd 680e 	strd	r6, r8, [sp, #56]	@ 0x38
10003048:	f8df e348 	ldr.w	lr, [pc, #840]	@ 10003394 <_vsnprintf+0x9e0>
1000304c:	920b      	str	r2, [sp, #44]	@ 0x2c
1000304e:	e001      	b.n	10003054 <_vsnprintf+0x6a0>
10003050:	2820      	cmp	r0, #32
10003052:	d02d      	beq.n	100030b0 <_vsnprintf+0x6fc>
10003054:	185a      	adds	r2, r3, r1
10003056:	f142 0200 	adc.w	r2, r2, #0
1000305a:	fbae 7802 	umull	r7, r8, lr, r2
1000305e:	f028 0703 	bic.w	r7, r8, #3
10003062:	eb07 0798 	add.w	r7, r7, r8, lsr #2
10003066:	1bd2      	subs	r2, r2, r7
10003068:	461e      	mov	r6, r3
1000306a:	1a9b      	subs	r3, r3, r2
1000306c:	f161 0700 	sbc.w	r7, r1, #0
10003070:	460c      	mov	r4, r1
10003072:	f04f 31cc 	mov.w	r1, #3435973836	@ 0xcccccccc
10003076:	fb01 f103 	mul.w	r1, r1, r3
1000307a:	fb0e 1107 	mla	r1, lr, r7, r1
1000307e:	fba3 730e 	umull	r7, r3, r3, lr
10003082:	4419      	add	r1, r3
10003084:	2305      	movs	r3, #5
10003086:	f007 0801 	and.w	r8, r7, #1
1000308a:	fba8 3803 	umull	r3, r8, r8, r3
1000308e:	189b      	adds	r3, r3, r2
10003090:	2e0a      	cmp	r6, #10
10003092:	f103 0330 	add.w	r3, r3, #48	@ 0x30
10003096:	ea4f 0757 	mov.w	r7, r7, lsr #1
1000309a:	f174 0400 	sbcs.w	r4, r4, #0
1000309e:	f805 3b01 	strb.w	r3, [r5], #1
100030a2:	f100 0001 	add.w	r0, r0, #1
100030a6:	ea47 73c1 	orr.w	r3, r7, r1, lsl #31
100030aa:	ea4f 0151 	mov.w	r1, r1, lsr #1
100030ae:	d2cf      	bcs.n	10003050 <_vsnprintf+0x69c>
100030b0:	e9dd 750c 	ldrd	r7, r5, [sp, #48]	@ 0x30
100030b4:	e9dd 680e 	ldrd	r6, r8, [sp, #56]	@ 0x38
100030b8:	9b0b      	ldr	r3, [sp, #44]	@ 0x2c
100030ba:	4642      	mov	r2, r8
100030bc:	9300      	str	r3, [sp, #0]
100030be:	230a      	movs	r3, #10
100030c0:	e9cd 5c05 	strd	r5, ip, [sp, #20]
100030c4:	e9cd 0701 	strd	r0, r7, [sp, #4]
100030c8:	9604      	str	r6, [sp, #16]
100030ca:	9303      	str	r3, [sp, #12]
100030cc:	464b      	mov	r3, r9
100030ce:	4651      	mov	r1, sl
100030d0:	4658      	mov	r0, fp
100030d2:	f7fe fe61 	bl	10001d98 <_ntoa_format>
100030d6:	4680      	mov	r8, r0
100030d8:	e48a      	b.n	100029f0 <_vsnprintf+0x3c>
100030da:	7819      	ldrb	r1, [r3, #0]
100030dc:	460f      	mov	r7, r1
100030de:	e764      	b.n	10002faa <_vsnprintf+0x5f6>
100030e0:	2710      	movs	r7, #16
100030e2:	46bc      	mov	ip, r7
100030e4:	e6b3      	b.n	10002e4e <_vsnprintf+0x49a>
100030e6:	f023 0c10 	bic.w	ip, r3, #16
100030ea:	e745      	b.n	10002f78 <_vsnprintf+0x5c4>
100030ec:	061c      	lsls	r4, r3, #24
100030ee:	bf4c      	ite	mi
100030f0:	8812      	ldrhmi	r2, [r2, #0]
100030f2:	6812      	ldrpl	r2, [r2, #0]
100030f4:	e6c0      	b.n	10002e78 <_vsnprintf+0x4c4>
100030f6:	460a      	mov	r2, r1
100030f8:	1e19      	subs	r1, r3, #0
100030fa:	db01      	blt.n	10003100 <_vsnprintf+0x74c>
100030fc:	4613      	mov	r3, r2
100030fe:	e79c      	b.n	1000303a <_vsnprintf+0x686>
10003100:	4252      	negs	r2, r2
10003102:	4613      	mov	r3, r2
10003104:	eb61 0141 	sbc.w	r1, r1, r1, lsl #1
10003108:	e797      	b.n	1000303a <_vsnprintf+0x686>
1000310a:	4613      	mov	r3, r2
1000310c:	4651      	mov	r1, sl
1000310e:	7818      	ldrb	r0, [r3, #0]
10003110:	4642      	mov	r2, r8
10003112:	464b      	mov	r3, r9
10003114:	47d8      	blx	fp
10003116:	46b0      	mov	r8, r6
10003118:	e648      	b.n	10002dac <_vsnprintf+0x3f8>
1000311a:	f013 0f20 	tst.w	r3, #32
1000311e:	bf14      	ite	ne
10003120:	2041      	movne	r0, #65	@ 0x41
10003122:	2061      	moveq	r0, #97	@ 0x61
10003124:	ac12      	add	r4, sp, #72	@ 0x48
10003126:	46a6      	mov	lr, r4
10003128:	940b      	str	r4, [sp, #44]	@ 0x2c
1000312a:	930a      	str	r3, [sp, #40]	@ 0x28
1000312c:	f1a0 040a 	sub.w	r4, r0, #10
10003130:	950c      	str	r5, [sp, #48]	@ 0x30
10003132:	e002      	b.n	1000313a <_vsnprintf+0x786>
10003134:	2920      	cmp	r1, #32
10003136:	d012      	beq.n	1000315e <_vsnprintf+0x7aa>
10003138:	462a      	mov	r2, r5
1000313a:	fbb2 f5fc 	udiv	r5, r2, ip
1000313e:	fb0c 2015 	mls	r0, ip, r5, r2
10003142:	b2c3      	uxtb	r3, r0
10003144:	2809      	cmp	r0, #9
10003146:	f103 0030 	add.w	r0, r3, #48	@ 0x30
1000314a:	bf8a      	itet	hi
1000314c:	191b      	addhi	r3, r3, r4
1000314e:	b2c3      	uxtbls	r3, r0
10003150:	b2db      	uxtbhi	r3, r3
10003152:	4562      	cmp	r2, ip
10003154:	f80e 3b01 	strb.w	r3, [lr], #1
10003158:	f101 0101 	add.w	r1, r1, #1
1000315c:	d2ea      	bcs.n	10003134 <_vsnprintf+0x780>
1000315e:	9b0a      	ldr	r3, [sp, #40]	@ 0x28
10003160:	9d0c      	ldr	r5, [sp, #48]	@ 0x30
10003162:	e694      	b.n	10002e8e <_vsnprintf+0x4da>
10003164:	9a0a      	ldr	r2, [sp, #40]	@ 0x28
10003166:	3207      	adds	r2, #7
10003168:	f022 0207 	bic.w	r2, r2, #7
1000316c:	6851      	ldr	r1, [r2, #4]
1000316e:	f852 4b08 	ldr.w	r4, [r2], #8
10003172:	468e      	mov	lr, r1
10003174:	920a      	str	r2, [sp, #40]	@ 0x28
10003176:	ea54 0201 	orrs.w	r2, r4, r1
1000317a:	d176      	bne.n	1000326a <_vsnprintf+0x8b6>
1000317c:	f023 0310 	bic.w	r3, r3, #16
10003180:	2800      	cmp	r0, #0
10003182:	d072      	beq.n	1000326a <_vsnprintf+0x8b6>
10003184:	2200      	movs	r2, #0
10003186:	4611      	mov	r1, r2
10003188:	aa12      	add	r2, sp, #72	@ 0x48
1000318a:	920b      	str	r2, [sp, #44]	@ 0x2c
1000318c:	e9cd 5305 	strd	r5, r3, [sp, #20]
10003190:	9b0b      	ldr	r3, [sp, #44]	@ 0x2c
10003192:	4642      	mov	r2, r8
10003194:	9300      	str	r3, [sp, #0]
10003196:	2300      	movs	r3, #0
10003198:	e9cd c603 	strd	ip, r6, [sp, #12]
1000319c:	9101      	str	r1, [sp, #4]
1000319e:	9302      	str	r3, [sp, #8]
100031a0:	e794      	b.n	100030cc <_vsnprintf+0x718>
100031a2:	42a5      	cmp	r5, r4
100031a4:	bf98      	it	ls
100031a6:	3401      	addls	r4, #1
100031a8:	f67f ad74 	bls.w	10002c94 <_vsnprintf+0x2e0>
100031ac:	f44f 6380 	mov.w	r3, #1024	@ 0x400
100031b0:	e9cd 750a 	strd	r7, r5, [sp, #40]	@ 0x28
100031b4:	eb05 0208 	add.w	r2, r5, r8
100031b8:	461f      	mov	r7, r3
100031ba:	460d      	mov	r5, r1
100031bc:	1b14      	subs	r4, r2, r4
100031be:	4642      	mov	r2, r8
100031c0:	464b      	mov	r3, r9
100031c2:	4651      	mov	r1, sl
100031c4:	2020      	movs	r0, #32
100031c6:	f108 0801 	add.w	r8, r8, #1
100031ca:	47d8      	blx	fp
100031cc:	45a0      	cmp	r8, r4
100031ce:	d1f6      	bne.n	100031be <_vsnprintf+0x80a>
100031d0:	463b      	mov	r3, r7
100031d2:	9f0a      	ldr	r7, [sp, #40]	@ 0x28
100031d4:	4629      	mov	r1, r5
100031d6:	7838      	ldrb	r0, [r7, #0]
100031d8:	9d0b      	ldr	r5, [sp, #44]	@ 0x2c
100031da:	1c6c      	adds	r4, r5, #1
100031dc:	2800      	cmp	r0, #0
100031de:	f43f ad70 	beq.w	10002cc2 <_vsnprintf+0x30e>
100031e2:	2b00      	cmp	r3, #0
100031e4:	f43f ae75 	beq.w	10002ed2 <_vsnprintf+0x51e>
100031e8:	2300      	movs	r3, #0
100031ea:	e553      	b.n	10002c94 <_vsnprintf+0x2e0>
100031ec:	42a5      	cmp	r5, r4
100031ee:	d8df      	bhi.n	100031b0 <_vsnprintf+0x7fc>
100031f0:	3401      	adds	r4, #1
100031f2:	e66e      	b.n	10002ed2 <_vsnprintf+0x51e>
100031f4:	6819      	ldr	r1, [r3, #0]
100031f6:	0fcb      	lsrs	r3, r1, #31
100031f8:	2900      	cmp	r1, #0
100031fa:	f000 80a8 	beq.w	1000334e <_vsnprintf+0x99a>
100031fe:	ea81 72e1 	eor.w	r2, r1, r1, asr #31
10003202:	eba2 72e1 	sub.w	r2, r2, r1, asr #31
10003206:	a912      	add	r1, sp, #72	@ 0x48
10003208:	4608      	mov	r0, r1
1000320a:	f8df e188 	ldr.w	lr, [pc, #392]	@ 10003394 <_vsnprintf+0x9e0>
1000320e:	910b      	str	r1, [sp, #44]	@ 0x2c
10003210:	930a      	str	r3, [sp, #40]	@ 0x28
10003212:	950c      	str	r5, [sp, #48]	@ 0x30
10003214:	e001      	b.n	1000321a <_vsnprintf+0x866>
10003216:	2f20      	cmp	r7, #32
10003218:	d00f      	beq.n	1000323a <_vsnprintf+0x886>
1000321a:	4615      	mov	r5, r2
1000321c:	fbae 1302 	umull	r1, r3, lr, r2
10003220:	08db      	lsrs	r3, r3, #3
10003222:	eb03 0183 	add.w	r1, r3, r3, lsl #2
10003226:	eba2 0141 	sub.w	r1, r2, r1, lsl #1
1000322a:	3130      	adds	r1, #48	@ 0x30
1000322c:	2d09      	cmp	r5, #9
1000322e:	461a      	mov	r2, r3
10003230:	f107 0701 	add.w	r7, r7, #1
10003234:	f800 1b01 	strb.w	r1, [r0], #1
10003238:	d8ed      	bhi.n	10003216 <_vsnprintf+0x862>
1000323a:	9b0a      	ldr	r3, [sp, #40]	@ 0x28
1000323c:	9d0c      	ldr	r5, [sp, #48]	@ 0x30
1000323e:	e9cd 5c05 	strd	r5, ip, [sp, #20]
10003242:	e9cd 7301 	strd	r7, r3, [sp, #4]
10003246:	9604      	str	r6, [sp, #16]
10003248:	e6d5      	b.n	10002ff6 <_vsnprintf+0x642>
1000324a:	2869      	cmp	r0, #105	@ 0x69
1000324c:	f023 0c10 	bic.w	ip, r3, #16
10003250:	f040 808c 	bne.w	1000336c <_vsnprintf+0x9b8>
10003254:	f413 6280 	ands.w	r2, r3, #1024	@ 0x400
10003258:	f43f ae8e 	beq.w	10002f78 <_vsnprintf+0x5c4>
1000325c:	e688      	b.n	10002f70 <_vsnprintf+0x5bc>
1000325e:	2a00      	cmp	r2, #0
10003260:	f43f aea8 	beq.w	10002fb4 <_vsnprintf+0x600>
10003264:	aa12      	add	r2, sp, #72	@ 0x48
10003266:	920b      	str	r2, [sp, #44]	@ 0x2c
10003268:	e6c0      	b.n	10002fec <_vsnprintf+0x638>
1000326a:	f013 0f20 	tst.w	r3, #32
1000326e:	bf14      	ite	ne
10003270:	2241      	movne	r2, #65	@ 0x41
10003272:	2261      	moveq	r2, #97	@ 0x61
10003274:	2000      	movs	r0, #0
10003276:	a912      	add	r1, sp, #72	@ 0x48
10003278:	3a0a      	subs	r2, #10
1000327a:	e9cd 680e 	strd	r6, r8, [sp, #56]	@ 0x38
1000327e:	e9cd 350c 	strd	r3, r5, [sp, #48]	@ 0x30
10003282:	f8cd b044 	str.w	fp, [sp, #68]	@ 0x44
10003286:	4606      	mov	r6, r0
10003288:	4688      	mov	r8, r1
1000328a:	4675      	mov	r5, lr
1000328c:	4693      	mov	fp, r2
1000328e:	910b      	str	r1, [sp, #44]	@ 0x2c
10003290:	f8cd c040 	str.w	ip, [sp, #64]	@ 0x40
10003294:	e003      	b.n	1000329e <_vsnprintf+0x8ea>
10003296:	2e20      	cmp	r6, #32
10003298:	d017      	beq.n	100032ca <_vsnprintf+0x916>
1000329a:	4604      	mov	r4, r0
1000329c:	460d      	mov	r5, r1
1000329e:	4629      	mov	r1, r5
100032a0:	463a      	mov	r2, r7
100032a2:	2300      	movs	r3, #0
100032a4:	4620      	mov	r0, r4
100032a6:	f003 f91f 	bl	100064e8 <____aeabi_uldivmod_veneer>
100032aa:	b2d2      	uxtb	r2, r2
100032ac:	2a09      	cmp	r2, #9
100032ae:	f102 0330 	add.w	r3, r2, #48	@ 0x30
100032b2:	bf88      	it	hi
100032b4:	eb02 030b 	addhi.w	r3, r2, fp
100032b8:	42bc      	cmp	r4, r7
100032ba:	b2db      	uxtb	r3, r3
100032bc:	f175 0500 	sbcs.w	r5, r5, #0
100032c0:	f808 3b01 	strb.w	r3, [r8], #1
100032c4:	f106 0601 	add.w	r6, r6, #1
100032c8:	d2e5      	bcs.n	10003296 <_vsnprintf+0x8e2>
100032ca:	4631      	mov	r1, r6
100032cc:	e9dd 350c 	ldrd	r3, r5, [sp, #48]	@ 0x30
100032d0:	e9dd cb10 	ldrd	ip, fp, [sp, #64]	@ 0x40
100032d4:	f8dd 803c 	ldr.w	r8, [sp, #60]	@ 0x3c
100032d8:	9e0e      	ldr	r6, [sp, #56]	@ 0x38
100032da:	e757      	b.n	1000318c <_vsnprintf+0x7d8>
100032dc:	990a      	ldr	r1, [sp, #40]	@ 0x28
100032de:	6809      	ldr	r1, [r1, #0]
100032e0:	b951      	cbnz	r1, 100032f8 <_vsnprintf+0x944>
100032e2:	f023 0310 	bic.w	r3, r3, #16
100032e6:	b138      	cbz	r0, 100032f8 <_vsnprintf+0x944>
100032e8:	a912      	add	r1, sp, #72	@ 0x48
100032ea:	910b      	str	r1, [sp, #44]	@ 0x2c
100032ec:	e9cd 5305 	strd	r5, r3, [sp, #20]
100032f0:	e9cd c603 	strd	ip, r6, [sp, #12]
100032f4:	9201      	str	r2, [sp, #4]
100032f6:	e5cf      	b.n	10002e98 <_vsnprintf+0x4e4>
100032f8:	f013 0f20 	tst.w	r3, #32
100032fc:	bf14      	ite	ne
100032fe:	2041      	movne	r0, #65	@ 0x41
10003300:	2061      	moveq	r0, #97	@ 0x61
10003302:	ac12      	add	r4, sp, #72	@ 0x48
10003304:	46a6      	mov	lr, r4
10003306:	940b      	str	r4, [sp, #44]	@ 0x2c
10003308:	930a      	str	r3, [sp, #40]	@ 0x28
1000330a:	f1a0 040a 	sub.w	r4, r0, #10
1000330e:	950c      	str	r5, [sp, #48]	@ 0x30
10003310:	e002      	b.n	10003318 <_vsnprintf+0x964>
10003312:	2a20      	cmp	r2, #32
10003314:	d012      	beq.n	1000333c <_vsnprintf+0x988>
10003316:	4629      	mov	r1, r5
10003318:	fbb1 f5fc 	udiv	r5, r1, ip
1000331c:	fb0c 1015 	mls	r0, ip, r5, r1
10003320:	b2c3      	uxtb	r3, r0
10003322:	2809      	cmp	r0, #9
10003324:	f103 0030 	add.w	r0, r3, #48	@ 0x30
10003328:	bf8a      	itet	hi
1000332a:	191b      	addhi	r3, r3, r4
1000332c:	b2c3      	uxtbls	r3, r0
1000332e:	b2db      	uxtbhi	r3, r3
10003330:	4561      	cmp	r1, ip
10003332:	f80e 3b01 	strb.w	r3, [lr], #1
10003336:	f102 0201 	add.w	r2, r2, #1
1000333a:	d2ea      	bcs.n	10003312 <_vsnprintf+0x95e>
1000333c:	9b0a      	ldr	r3, [sp, #40]	@ 0x28
1000333e:	9d0c      	ldr	r5, [sp, #48]	@ 0x30
10003340:	e7d4      	b.n	100032ec <_vsnprintf+0x938>
10003342:	6819      	ldr	r1, [r3, #0]
10003344:	ea81 77e1 	eor.w	r7, r1, r1, asr #31
10003348:	eba7 77e1 	sub.w	r7, r7, r1, asr #31
1000334c:	e62d      	b.n	10002faa <_vsnprintf+0x5f6>
1000334e:	2a00      	cmp	r2, #0
10003350:	f43f af59 	beq.w	10003206 <_vsnprintf+0x852>
10003354:	aa12      	add	r2, sp, #72	@ 0x48
10003356:	920b      	str	r2, [sp, #44]	@ 0x2c
10003358:	e771      	b.n	1000323e <_vsnprintf+0x88a>
1000335a:	f413 6480 	ands.w	r4, r3, #1024	@ 0x400
1000335e:	d00d      	beq.n	1000337c <_vsnprintf+0x9c8>
10003360:	f013 0402 	ands.w	r4, r3, #2
10003364:	d012      	beq.n	1000338c <_vsnprintf+0x9d8>
10003366:	4604      	mov	r4, r0
10003368:	4646      	mov	r6, r8
1000336a:	e5ec      	b.n	10002f46 <_vsnprintf+0x592>
1000336c:	270a      	movs	r7, #10
1000336e:	4663      	mov	r3, ip
10003370:	46bc      	mov	ip, r7
10003372:	e56c      	b.n	10002e4e <_vsnprintf+0x49a>
10003374:	ab12      	add	r3, sp, #72	@ 0x48
10003376:	2000      	movs	r0, #0
10003378:	930b      	str	r3, [sp, #44]	@ 0x2c
1000337a:	e69d      	b.n	100030b8 <_vsnprintf+0x704>
1000337c:	f013 0302 	ands.w	r3, r3, #2
10003380:	f47f ade0 	bne.w	10002f44 <_vsnprintf+0x590>
10003384:	2d00      	cmp	r5, #0
10003386:	f47f af13 	bne.w	100031b0 <_vsnprintf+0x7fc>
1000338a:	e49a      	b.n	10002cc2 <_vsnprintf+0x30e>
1000338c:	2d00      	cmp	r5, #0
1000338e:	f47f af0d 	bne.w	100031ac <_vsnprintf+0x7f8>
10003392:	e496      	b.n	10002cc2 <_vsnprintf+0x30e>
10003394:	cccccccd 	.word	0xcccccccd

10003398 <vfctprintf>:
10003398:	b570      	push	{r4, r5, r6, lr}
1000339a:	4694      	mov	ip, r2
1000339c:	461e      	mov	r6, r3
1000339e:	4605      	mov	r5, r0
100033a0:	460c      	mov	r4, r1
100033a2:	b084      	sub	sp, #16
100033a4:	f04f 32ff 	mov.w	r2, #4294967295	@ 0xffffffff
100033a8:	4663      	mov	r3, ip
100033aa:	a902      	add	r1, sp, #8
100033ac:	9600      	str	r6, [sp, #0]
100033ae:	4803      	ldr	r0, [pc, #12]	@ (100033bc <vfctprintf+0x24>)
100033b0:	e9cd 5402 	strd	r5, r4, [sp, #8]
100033b4:	f7ff fafe 	bl	100029b4 <_vsnprintf>
100033b8:	b004      	add	sp, #16
100033ba:	bd70      	pop	{r4, r5, r6, pc}
100033bc:	10001f75 	.word	0x10001f75

100033c0 <weak_raw_vprintf>:
100033c0:	b510      	push	{r4, lr}
100033c2:	4b09      	ldr	r3, [pc, #36]	@ (100033e8 <weak_raw_vprintf+0x28>)
100033c4:	b084      	sub	sp, #16
100033c6:	681c      	ldr	r4, [r3, #0]
100033c8:	b14c      	cbz	r4, 100033de <weak_raw_vprintf+0x1e>
100033ca:	4603      	mov	r3, r0
100033cc:	9100      	str	r1, [sp, #0]
100033ce:	f04f 32ff 	mov.w	r2, #4294967295	@ 0xffffffff
100033d2:	a903      	add	r1, sp, #12
100033d4:	4805      	ldr	r0, [pc, #20]	@ (100033ec <weak_raw_vprintf+0x2c>)
100033d6:	47a0      	blx	r4
100033d8:	2001      	movs	r0, #1
100033da:	b004      	add	sp, #16
100033dc:	bd10      	pop	{r4, pc}
100033de:	f000 f979 	bl	100036d4 <__wrap_puts>
100033e2:	4620      	mov	r0, r4
100033e4:	b004      	add	sp, #16
100033e6:	bd10      	pop	{r4, pc}
100033e8:	20001de8 	.word	0x20001de8
100033ec:	10001f6d 	.word	0x10001f6d

100033f0 <_exit>:
100033f0:	be00      	bkpt	0x0000
100033f2:	e7fd      	b.n	100033f0 <_exit>

100033f4 <exit>:
100033f4:	b508      	push	{r3, lr}
100033f6:	f7ff fffb 	bl	100033f0 <_exit>
100033fa:	bf00      	nop

100033fc <runtime_init>:
100033fc:	b538      	push	{r3, r4, r5, lr}
100033fe:	4c06      	ldr	r4, [pc, #24]	@ (10003418 <runtime_init+0x1c>)
10003400:	4d06      	ldr	r5, [pc, #24]	@ (1000341c <runtime_init+0x20>)
10003402:	f7fe fa07 	bl	10001814 <runtime_run_initializers>
10003406:	42ac      	cmp	r4, r5
10003408:	d204      	bcs.n	10003414 <runtime_init+0x18>
1000340a:	f854 3b04 	ldr.w	r3, [r4], #4
1000340e:	4798      	blx	r3
10003410:	42ac      	cmp	r4, r5
10003412:	d3fa      	bcc.n	1000340a <runtime_init+0xe>
10003414:	bd38      	pop	{r3, r4, r5, pc}
10003416:	bf00      	nop
10003418:	10006568 	.word	0x10006568
1000341c:	10006570 	.word	0x10006570

10003420 <stdio_out_chars_no_crlf>:
10003420:	6803      	ldr	r3, [r0, #0]
10003422:	4608      	mov	r0, r1
10003424:	4611      	mov	r1, r2
10003426:	4718      	bx	r3

10003428 <stdio_out_chars_crlf>:
10003428:	e92d 41f0 	stmdb	sp!, {r4, r5, r6, r7, r8, lr}
1000342c:	4615      	mov	r5, r2
1000342e:	7d42      	ldrb	r2, [r0, #21]
10003430:	4607      	mov	r7, r0
10003432:	4688      	mov	r8, r1
10003434:	2a00      	cmp	r2, #0
10003436:	d046      	beq.n	100034c6 <stdio_out_chars_crlf+0x9e>
10003438:	2d00      	cmp	r5, #0
1000343a:	dd1d      	ble.n	10003478 <stdio_out_chars_crlf+0x50>
1000343c:	780b      	ldrb	r3, [r1, #0]
1000343e:	2b0a      	cmp	r3, #10
10003440:	d023      	beq.n	1000348a <stdio_out_chars_crlf+0x62>
10003442:	2d01      	cmp	r5, #1
10003444:	f04f 0c00 	mov.w	ip, #0
10003448:	d018      	beq.n	1000347c <stdio_out_chars_crlf+0x54>
1000344a:	4646      	mov	r6, r8
1000344c:	2401      	movs	r4, #1
1000344e:	f816 2f01 	ldrb.w	r2, [r6, #1]!
10003452:	4621      	mov	r1, r4
10003454:	2a0a      	cmp	r2, #10
10003456:	f104 0401 	add.w	r4, r4, #1
1000345a:	d022      	beq.n	100034a2 <stdio_out_chars_crlf+0x7a>
1000345c:	42a5      	cmp	r5, r4
1000345e:	d1f6      	bne.n	1000344e <stdio_out_chars_crlf+0x26>
10003460:	4565      	cmp	r5, ip
10003462:	dc0b      	bgt.n	1000347c <stdio_out_chars_crlf+0x54>
10003464:	eb08 0305 	add.w	r3, r8, r5
10003468:	f813 3c01 	ldrb.w	r3, [r3, #-1]
1000346c:	f1a3 030d 	sub.w	r3, r3, #13
10003470:	fab3 f383 	clz	r3, r3
10003474:	095b      	lsrs	r3, r3, #5
10003476:	753b      	strb	r3, [r7, #20]
10003478:	e8bd 81f0 	ldmia.w	sp!, {r4, r5, r6, r7, r8, pc}
1000347c:	683b      	ldr	r3, [r7, #0]
1000347e:	eba5 010c 	sub.w	r1, r5, ip
10003482:	eb08 000c 	add.w	r0, r8, ip
10003486:	4798      	blx	r3
10003488:	e7ec      	b.n	10003464 <stdio_out_chars_crlf+0x3c>
1000348a:	7d03      	ldrb	r3, [r0, #20]
1000348c:	2b00      	cmp	r3, #0
1000348e:	d1d8      	bne.n	10003442 <stdio_out_chars_crlf+0x1a>
10003490:	6803      	ldr	r3, [r0, #0]
10003492:	2102      	movs	r1, #2
10003494:	480f      	ldr	r0, [pc, #60]	@ (100034d4 <stdio_out_chars_crlf+0xac>)
10003496:	4798      	blx	r3
10003498:	2d01      	cmp	r5, #1
1000349a:	d0e3      	beq.n	10003464 <stdio_out_chars_crlf+0x3c>
1000349c:	f04f 0c01 	mov.w	ip, #1
100034a0:	e7d3      	b.n	1000344a <stdio_out_chars_crlf+0x22>
100034a2:	f816 3c01 	ldrb.w	r3, [r6, #-1]
100034a6:	2b0d      	cmp	r3, #13
100034a8:	d0d8      	beq.n	1000345c <stdio_out_chars_crlf+0x34>
100034aa:	458c      	cmp	ip, r1
100034ac:	eb08 000c 	add.w	r0, r8, ip
100034b0:	eba1 010c 	sub.w	r1, r1, ip
100034b4:	da01      	bge.n	100034ba <stdio_out_chars_crlf+0x92>
100034b6:	683b      	ldr	r3, [r7, #0]
100034b8:	4798      	blx	r3
100034ba:	2102      	movs	r1, #2
100034bc:	4805      	ldr	r0, [pc, #20]	@ (100034d4 <stdio_out_chars_crlf+0xac>)
100034be:	683b      	ldr	r3, [r7, #0]
100034c0:	4798      	blx	r3
100034c2:	46a4      	mov	ip, r4
100034c4:	e7ca      	b.n	1000345c <stdio_out_chars_crlf+0x34>
100034c6:	4629      	mov	r1, r5
100034c8:	4640      	mov	r0, r8
100034ca:	683b      	ldr	r3, [r7, #0]
100034cc:	e8bd 41f0 	ldmia.w	sp!, {r4, r5, r6, r7, r8, lr}
100034d0:	4718      	bx	r3
100034d2:	bf00      	nop
100034d4:	10006858 	.word	0x10006858

100034d8 <stdio_buffered_printer>:
100034d8:	680b      	ldr	r3, [r1, #0]
100034da:	e92d 41f0 	stmdb	sp!, {r4, r5, r6, r7, r8, lr}
100034de:	2b80      	cmp	r3, #128	@ 0x80
100034e0:	460d      	mov	r5, r1
100034e2:	4606      	mov	r6, r0
100034e4:	d005      	beq.n	100034f2 <stdio_buffered_printer+0x1a>
100034e6:	1c5a      	adds	r2, r3, #1
100034e8:	442b      	add	r3, r5
100034ea:	602a      	str	r2, [r5, #0]
100034ec:	711e      	strb	r6, [r3, #4]
100034ee:	e8bd 81f0 	ldmia.w	sp!, {r4, r5, r6, r7, r8, pc}
100034f2:	4b0f      	ldr	r3, [pc, #60]	@ (10003530 <stdio_buffered_printer+0x58>)
100034f4:	681c      	ldr	r4, [r3, #0]
100034f6:	b1a4      	cbz	r4, 10003522 <stdio_buffered_printer+0x4a>
100034f8:	4f0e      	ldr	r7, [pc, #56]	@ (10003534 <stdio_buffered_printer+0x5c>)
100034fa:	f101 0804 	add.w	r8, r1, #4
100034fe:	e001      	b.n	10003504 <stdio_buffered_printer+0x2c>
10003500:	6924      	ldr	r4, [r4, #16]
10003502:	b174      	cbz	r4, 10003522 <stdio_buffered_printer+0x4a>
10003504:	6823      	ldr	r3, [r4, #0]
10003506:	2b00      	cmp	r3, #0
10003508:	d0fa      	beq.n	10003500 <stdio_buffered_printer+0x28>
1000350a:	683b      	ldr	r3, [r7, #0]
1000350c:	b10b      	cbz	r3, 10003512 <stdio_buffered_printer+0x3a>
1000350e:	42a3      	cmp	r3, r4
10003510:	d1f6      	bne.n	10003500 <stdio_buffered_printer+0x28>
10003512:	4620      	mov	r0, r4
10003514:	4641      	mov	r1, r8
10003516:	682a      	ldr	r2, [r5, #0]
10003518:	f7ff ff86 	bl	10003428 <stdio_out_chars_crlf>
1000351c:	6924      	ldr	r4, [r4, #16]
1000351e:	2c00      	cmp	r4, #0
10003520:	d1f0      	bne.n	10003504 <stdio_buffered_printer+0x2c>
10003522:	2300      	movs	r3, #0
10003524:	2201      	movs	r2, #1
10003526:	442b      	add	r3, r5
10003528:	602a      	str	r2, [r5, #0]
1000352a:	711e      	strb	r6, [r3, #4]
1000352c:	e8bd 81f0 	ldmia.w	sp!, {r4, r5, r6, r7, r8, pc}
10003530:	200019dc 	.word	0x200019dc
10003534:	200019e4 	.word	0x200019e4

10003538 <stdio_put_string>:
10003538:	e92d 47f0 	stmdb	sp!, {r4, r5, r6, r7, r8, r9, sl, lr}
1000353c:	b082      	sub	sp, #8
1000353e:	460d      	mov	r5, r1
10003540:	4691      	mov	r9, r2
10003542:	461c      	mov	r4, r3
10003544:	4606      	mov	r6, r0
10003546:	f7fd ff21 	bl	1000138c <time_us_64>
1000354a:	f04f 3cff 	mov.w	ip, #4294967295	@ 0xffffffff
1000354e:	f06f 4700 	mvn.w	r7, #2147483648	@ 0x80000000
10003552:	4a2e      	ldr	r2, [pc, #184]	@ (1000360c <stdio_put_string+0xd4>)
10003554:	1882      	adds	r2, r0, r2
10003556:	f141 0300 	adc.w	r3, r1, #0
1000355a:	4594      	cmp	ip, r2
1000355c:	eb77 0103 	sbcs.w	r1, r7, r3
10003560:	bf3c      	itt	cc
10003562:	4662      	movcc	r2, ip
10003564:	463b      	movcc	r3, r7
10003566:	482a      	ldr	r0, [pc, #168]	@ (10003610 <stdio_put_string+0xd8>)
10003568:	f002 ffca 	bl	10006500 <__mutex_try_enter_block_until_veneer>
1000356c:	1c6b      	adds	r3, r5, #1
1000356e:	4680      	mov	r8, r0
10003570:	d040      	beq.n	100035f4 <stdio_put_string+0xbc>
10003572:	b30c      	cbz	r4, 100035b8 <stdio_put_string+0x80>
10003574:	4f27      	ldr	r7, [pc, #156]	@ (10003614 <stdio_put_string+0xdc>)
10003576:	4b28      	ldr	r3, [pc, #160]	@ (10003618 <stdio_put_string+0xe0>)
10003578:	681c      	ldr	r4, [r3, #0]
1000357a:	b1b4      	cbz	r4, 100035aa <stdio_put_string+0x72>
1000357c:	f1b9 0f00 	cmp.w	r9, #0
10003580:	d11c      	bne.n	100035bc <stdio_put_string+0x84>
10003582:	f8df 909c 	ldr.w	r9, [pc, #156]	@ 10003620 <stdio_put_string+0xe8>
10003586:	e001      	b.n	1000358c <stdio_put_string+0x54>
10003588:	6924      	ldr	r4, [r4, #16]
1000358a:	b174      	cbz	r4, 100035aa <stdio_put_string+0x72>
1000358c:	6823      	ldr	r3, [r4, #0]
1000358e:	2b00      	cmp	r3, #0
10003590:	d0fa      	beq.n	10003588 <stdio_put_string+0x50>
10003592:	f8d9 3000 	ldr.w	r3, [r9]
10003596:	b10b      	cbz	r3, 1000359c <stdio_put_string+0x64>
10003598:	429c      	cmp	r4, r3
1000359a:	d1f5      	bne.n	10003588 <stdio_put_string+0x50>
1000359c:	4620      	mov	r0, r4
1000359e:	462a      	mov	r2, r5
100035a0:	4631      	mov	r1, r6
100035a2:	47b8      	blx	r7
100035a4:	6924      	ldr	r4, [r4, #16]
100035a6:	2c00      	cmp	r4, #0
100035a8:	d1f0      	bne.n	1000358c <stdio_put_string+0x54>
100035aa:	f1b8 0f00 	cmp.w	r8, #0
100035ae:	d126      	bne.n	100035fe <stdio_put_string+0xc6>
100035b0:	4628      	mov	r0, r5
100035b2:	b002      	add	sp, #8
100035b4:	e8bd 87f0 	ldmia.w	sp!, {r4, r5, r6, r7, r8, r9, sl, pc}
100035b8:	4f18      	ldr	r7, [pc, #96]	@ (1000361c <stdio_put_string+0xe4>)
100035ba:	e7dc      	b.n	10003576 <stdio_put_string+0x3e>
100035bc:	f04f 0a0a 	mov.w	sl, #10
100035c0:	f8df 905c 	ldr.w	r9, [pc, #92]	@ 10003620 <stdio_put_string+0xe8>
100035c4:	e002      	b.n	100035cc <stdio_put_string+0x94>
100035c6:	6924      	ldr	r4, [r4, #16]
100035c8:	2c00      	cmp	r4, #0
100035ca:	d0ee      	beq.n	100035aa <stdio_put_string+0x72>
100035cc:	6823      	ldr	r3, [r4, #0]
100035ce:	2b00      	cmp	r3, #0
100035d0:	d0f9      	beq.n	100035c6 <stdio_put_string+0x8e>
100035d2:	f8d9 3000 	ldr.w	r3, [r9]
100035d6:	b10b      	cbz	r3, 100035dc <stdio_put_string+0xa4>
100035d8:	42a3      	cmp	r3, r4
100035da:	d1f4      	bne.n	100035c6 <stdio_put_string+0x8e>
100035dc:	462a      	mov	r2, r5
100035de:	4631      	mov	r1, r6
100035e0:	4620      	mov	r0, r4
100035e2:	47b8      	blx	r7
100035e4:	2201      	movs	r2, #1
100035e6:	4620      	mov	r0, r4
100035e8:	f10d 0107 	add.w	r1, sp, #7
100035ec:	f88d a007 	strb.w	sl, [sp, #7]
100035f0:	47b8      	blx	r7
100035f2:	e7e8      	b.n	100035c6 <stdio_put_string+0x8e>
100035f4:	4630      	mov	r0, r6
100035f6:	f002 ff3d 	bl	10006474 <strlen>
100035fa:	4605      	mov	r5, r0
100035fc:	e7b9      	b.n	10003572 <stdio_put_string+0x3a>
100035fe:	4804      	ldr	r0, [pc, #16]	@ (10003610 <stdio_put_string+0xd8>)
10003600:	f002 ff76 	bl	100064f0 <__mutex_exit_veneer>
10003604:	4628      	mov	r0, r5
10003606:	b002      	add	sp, #8
10003608:	e8bd 87f0 	ldmia.w	sp!, {r4, r5, r6, r7, r8, r9, sl, pc}
1000360c:	000f4240 	.word	0x000f4240
10003610:	20001224 	.word	0x20001224
10003614:	10003429 	.word	0x10003429
10003618:	200019dc 	.word	0x200019dc
1000361c:	10003421 	.word	0x10003421
10003620:	200019e4 	.word	0x200019e4

10003624 <stdio_set_driver_enabled>:
10003624:	4a08      	ldr	r2, [pc, #32]	@ (10003648 <stdio_set_driver_enabled+0x24>)
10003626:	6813      	ldr	r3, [r2, #0]
10003628:	b923      	cbnz	r3, 10003634 <stdio_set_driver_enabled+0x10>
1000362a:	e00a      	b.n	10003642 <stdio_set_driver_enabled+0x1e>
1000362c:	f103 0210 	add.w	r2, r3, #16
10003630:	691b      	ldr	r3, [r3, #16]
10003632:	b133      	cbz	r3, 10003642 <stdio_set_driver_enabled+0x1e>
10003634:	4283      	cmp	r3, r0
10003636:	d1f9      	bne.n	1000362c <stdio_set_driver_enabled+0x8>
10003638:	b929      	cbnz	r1, 10003646 <stdio_set_driver_enabled+0x22>
1000363a:	6918      	ldr	r0, [r3, #16]
1000363c:	6010      	str	r0, [r2, #0]
1000363e:	6119      	str	r1, [r3, #16]
10003640:	4770      	bx	lr
10003642:	b101      	cbz	r1, 10003646 <stdio_set_driver_enabled+0x22>
10003644:	6010      	str	r0, [r2, #0]
10003646:	4770      	bx	lr
10003648:	200019dc 	.word	0x200019dc

1000364c <stdio_init_all>:
1000364c:	f000 bade 	b.w	10003c0c <stdio_usb_init>

10003650 <__wrap_putchar>:
10003650:	b5f0      	push	{r4, r5, r6, r7, lr}
10003652:	b083      	sub	sp, #12
10003654:	4606      	mov	r6, r0
10003656:	f88d 0007 	strb.w	r0, [sp, #7]
1000365a:	f7fd fe97 	bl	1000138c <time_us_64>
1000365e:	f04f 35ff 	mov.w	r5, #4294967295	@ 0xffffffff
10003662:	f06f 4400 	mvn.w	r4, #2147483648	@ 0x80000000
10003666:	4a17      	ldr	r2, [pc, #92]	@ (100036c4 <__wrap_putchar+0x74>)
10003668:	1882      	adds	r2, r0, r2
1000366a:	f141 0300 	adc.w	r3, r1, #0
1000366e:	4295      	cmp	r5, r2
10003670:	eb74 0103 	sbcs.w	r1, r4, r3
10003674:	bf3c      	itt	cc
10003676:	4623      	movcc	r3, r4
10003678:	462a      	movcc	r2, r5
1000367a:	4813      	ldr	r0, [pc, #76]	@ (100036c8 <__wrap_putchar+0x78>)
1000367c:	f002 ff40 	bl	10006500 <__mutex_try_enter_block_until_veneer>
10003680:	4b12      	ldr	r3, [pc, #72]	@ (100036cc <__wrap_putchar+0x7c>)
10003682:	4607      	mov	r7, r0
10003684:	681c      	ldr	r4, [r3, #0]
10003686:	b19c      	cbz	r4, 100036b0 <__wrap_putchar+0x60>
10003688:	4d11      	ldr	r5, [pc, #68]	@ (100036d0 <__wrap_putchar+0x80>)
1000368a:	e001      	b.n	10003690 <__wrap_putchar+0x40>
1000368c:	6924      	ldr	r4, [r4, #16]
1000368e:	b17c      	cbz	r4, 100036b0 <__wrap_putchar+0x60>
10003690:	6823      	ldr	r3, [r4, #0]
10003692:	2b00      	cmp	r3, #0
10003694:	d0fa      	beq.n	1000368c <__wrap_putchar+0x3c>
10003696:	682b      	ldr	r3, [r5, #0]
10003698:	b10b      	cbz	r3, 1000369e <__wrap_putchar+0x4e>
1000369a:	429c      	cmp	r4, r3
1000369c:	d1f6      	bne.n	1000368c <__wrap_putchar+0x3c>
1000369e:	4620      	mov	r0, r4
100036a0:	2201      	movs	r2, #1
100036a2:	f10d 0107 	add.w	r1, sp, #7
100036a6:	f7ff febf 	bl	10003428 <stdio_out_chars_crlf>
100036aa:	6924      	ldr	r4, [r4, #16]
100036ac:	2c00      	cmp	r4, #0
100036ae:	d1ef      	bne.n	10003690 <__wrap_putchar+0x40>
100036b0:	b917      	cbnz	r7, 100036b8 <__wrap_putchar+0x68>
100036b2:	4630      	mov	r0, r6
100036b4:	b003      	add	sp, #12
100036b6:	bdf0      	pop	{r4, r5, r6, r7, pc}
100036b8:	4803      	ldr	r0, [pc, #12]	@ (100036c8 <__wrap_putchar+0x78>)
100036ba:	f002 ff19 	bl	100064f0 <__mutex_exit_veneer>
100036be:	4630      	mov	r0, r6
100036c0:	b003      	add	sp, #12
100036c2:	bdf0      	pop	{r4, r5, r6, r7, pc}
100036c4:	000f4240 	.word	0x000f4240
100036c8:	20001224 	.word	0x20001224
100036cc:	200019dc 	.word	0x200019dc
100036d0:	200019e4 	.word	0x200019e4

100036d4 <__wrap_puts>:
100036d4:	b538      	push	{r3, r4, r5, lr}
100036d6:	4604      	mov	r4, r0
100036d8:	f002 fecc 	bl	10006474 <strlen>
100036dc:	2301      	movs	r3, #1
100036de:	4605      	mov	r5, r0
100036e0:	461a      	mov	r2, r3
100036e2:	4620      	mov	r0, r4
100036e4:	4629      	mov	r1, r5
100036e6:	f7ff ff27 	bl	10003538 <stdio_put_string>
100036ea:	4b08      	ldr	r3, [pc, #32]	@ (1000370c <__wrap_puts+0x38>)
100036ec:	681c      	ldr	r4, [r3, #0]
100036ee:	b12c      	cbz	r4, 100036fc <__wrap_puts+0x28>
100036f0:	6863      	ldr	r3, [r4, #4]
100036f2:	b12b      	cbz	r3, 10003700 <__wrap_puts+0x2c>
100036f4:	4798      	blx	r3
100036f6:	6924      	ldr	r4, [r4, #16]
100036f8:	2c00      	cmp	r4, #0
100036fa:	d1f9      	bne.n	100036f0 <__wrap_puts+0x1c>
100036fc:	4628      	mov	r0, r5
100036fe:	bd38      	pop	{r3, r4, r5, pc}
10003700:	6924      	ldr	r4, [r4, #16]
10003702:	2c00      	cmp	r4, #0
10003704:	d1f4      	bne.n	100036f0 <__wrap_puts+0x1c>
10003706:	4628      	mov	r0, r5
10003708:	bd38      	pop	{r3, r4, r5, pc}
1000370a:	bf00      	nop
1000370c:	200019dc 	.word	0x200019dc

10003710 <__wrap_vprintf>:
10003710:	e92d 41f0 	stmdb	sp!, {r4, r5, r6, r7, r8, lr}
10003714:	b0a2      	sub	sp, #136	@ 0x88
10003716:	4604      	mov	r4, r0
10003718:	460d      	mov	r5, r1
1000371a:	f7fd fe37 	bl	1000138c <time_us_64>
1000371e:	f04f 37ff 	mov.w	r7, #4294967295	@ 0xffffffff
10003722:	f06f 4600 	mvn.w	r6, #2147483648	@ 0x80000000
10003726:	4a26      	ldr	r2, [pc, #152]	@ (100037c0 <__wrap_vprintf+0xb0>)
10003728:	f8df 80a4 	ldr.w	r8, [pc, #164]	@ 100037d0 <__wrap_vprintf+0xc0>
1000372c:	1882      	adds	r2, r0, r2
1000372e:	f141 0300 	adc.w	r3, r1, #0
10003732:	4297      	cmp	r7, r2
10003734:	eb76 0103 	sbcs.w	r1, r6, r3
10003738:	bf3c      	itt	cc
1000373a:	463a      	movcc	r2, r7
1000373c:	4633      	movcc	r3, r6
1000373e:	4821      	ldr	r0, [pc, #132]	@ (100037c4 <__wrap_vprintf+0xb4>)
10003740:	f002 fede 	bl	10006500 <__mutex_try_enter_block_until_veneer>
10003744:	2700      	movs	r7, #0
10003746:	462b      	mov	r3, r5
10003748:	4622      	mov	r2, r4
1000374a:	4606      	mov	r6, r0
1000374c:	a901      	add	r1, sp, #4
1000374e:	481e      	ldr	r0, [pc, #120]	@ (100037c8 <__wrap_vprintf+0xb8>)
10003750:	9701      	str	r7, [sp, #4]
10003752:	f7ff fe21 	bl	10003398 <vfctprintf>
10003756:	9b01      	ldr	r3, [sp, #4]
10003758:	4605      	mov	r5, r0
1000375a:	f8d8 4000 	ldr.w	r4, [r8]
1000375e:	b1c3      	cbz	r3, 10003792 <__wrap_vprintf+0x82>
10003760:	2c00      	cmp	r4, #0
10003762:	d02b      	beq.n	100037bc <__wrap_vprintf+0xac>
10003764:	4f19      	ldr	r7, [pc, #100]	@ (100037cc <__wrap_vprintf+0xbc>)
10003766:	e001      	b.n	1000376c <__wrap_vprintf+0x5c>
10003768:	6924      	ldr	r4, [r4, #16]
1000376a:	b174      	cbz	r4, 1000378a <__wrap_vprintf+0x7a>
1000376c:	6823      	ldr	r3, [r4, #0]
1000376e:	2b00      	cmp	r3, #0
10003770:	d0fa      	beq.n	10003768 <__wrap_vprintf+0x58>
10003772:	683b      	ldr	r3, [r7, #0]
10003774:	b10b      	cbz	r3, 1000377a <__wrap_vprintf+0x6a>
10003776:	42a3      	cmp	r3, r4
10003778:	d1f6      	bne.n	10003768 <__wrap_vprintf+0x58>
1000377a:	4620      	mov	r0, r4
1000377c:	9a01      	ldr	r2, [sp, #4]
1000377e:	a902      	add	r1, sp, #8
10003780:	f7ff fe52 	bl	10003428 <stdio_out_chars_crlf>
10003784:	6924      	ldr	r4, [r4, #16]
10003786:	2c00      	cmp	r4, #0
10003788:	d1f0      	bne.n	1000376c <__wrap_vprintf+0x5c>
1000378a:	2300      	movs	r3, #0
1000378c:	f8d8 4000 	ldr.w	r4, [r8]
10003790:	9301      	str	r3, [sp, #4]
10003792:	b12c      	cbz	r4, 100037a0 <__wrap_vprintf+0x90>
10003794:	6863      	ldr	r3, [r4, #4]
10003796:	b143      	cbz	r3, 100037aa <__wrap_vprintf+0x9a>
10003798:	4798      	blx	r3
1000379a:	6924      	ldr	r4, [r4, #16]
1000379c:	2c00      	cmp	r4, #0
1000379e:	d1f9      	bne.n	10003794 <__wrap_vprintf+0x84>
100037a0:	b92e      	cbnz	r6, 100037ae <__wrap_vprintf+0x9e>
100037a2:	4628      	mov	r0, r5
100037a4:	b022      	add	sp, #136	@ 0x88
100037a6:	e8bd 81f0 	ldmia.w	sp!, {r4, r5, r6, r7, r8, pc}
100037aa:	6924      	ldr	r4, [r4, #16]
100037ac:	e7f1      	b.n	10003792 <__wrap_vprintf+0x82>
100037ae:	4805      	ldr	r0, [pc, #20]	@ (100037c4 <__wrap_vprintf+0xb4>)
100037b0:	f002 fe9e 	bl	100064f0 <__mutex_exit_veneer>
100037b4:	4628      	mov	r0, r5
100037b6:	b022      	add	sp, #136	@ 0x88
100037b8:	e8bd 81f0 	ldmia.w	sp!, {r4, r5, r6, r7, r8, pc}
100037bc:	9401      	str	r4, [sp, #4]
100037be:	e7ef      	b.n	100037a0 <__wrap_vprintf+0x90>
100037c0:	000f4240 	.word	0x000f4240
100037c4:	20001224 	.word	0x20001224
100037c8:	100034d9 	.word	0x100034d9
100037cc:	200019e4 	.word	0x200019e4
100037d0:	200019dc 	.word	0x200019dc

100037d4 <__wrap_printf>:
100037d4:	b40f      	push	{r0, r1, r2, r3}
100037d6:	b500      	push	{lr}
100037d8:	b083      	sub	sp, #12
100037da:	a904      	add	r1, sp, #16
100037dc:	f851 0b04 	ldr.w	r0, [r1], #4
100037e0:	9101      	str	r1, [sp, #4]
100037e2:	f7ff ff95 	bl	10003710 <__wrap_vprintf>
100037e6:	b003      	add	sp, #12
100037e8:	f85d eb04 	ldr.w	lr, [sp], #4
100037ec:	b004      	add	sp, #16
100037ee:	4770      	bx	lr

100037f0 <resetd_init>:
100037f0:	4770      	bx	lr
100037f2:	bf00      	nop

100037f4 <resetd_reset>:
100037f4:	2200      	movs	r2, #0
100037f6:	4b01      	ldr	r3, [pc, #4]	@ (100037fc <resetd_reset+0x8>)
100037f8:	701a      	strb	r2, [r3, #0]
100037fa:	4770      	bx	lr
100037fc:	20001e61 	.word	0x20001e61

10003800 <resetd_open>:
10003800:	794b      	ldrb	r3, [r1, #5]
10003802:	2bff      	cmp	r3, #255	@ 0xff
10003804:	d10b      	bne.n	1000381e <resetd_open+0x1e>
10003806:	7988      	ldrb	r0, [r1, #6]
10003808:	b948      	cbnz	r0, 1000381e <resetd_open+0x1e>
1000380a:	79cb      	ldrb	r3, [r1, #7]
1000380c:	2b01      	cmp	r3, #1
1000380e:	d107      	bne.n	10003820 <resetd_open+0x20>
10003810:	2a08      	cmp	r2, #8
10003812:	d905      	bls.n	10003820 <resetd_open+0x20>
10003814:	4b03      	ldr	r3, [pc, #12]	@ (10003824 <resetd_open+0x24>)
10003816:	788a      	ldrb	r2, [r1, #2]
10003818:	2009      	movs	r0, #9
1000381a:	701a      	strb	r2, [r3, #0]
1000381c:	4770      	bx	lr
1000381e:	2000      	movs	r0, #0
10003820:	4770      	bx	lr
10003822:	bf00      	nop
10003824:	20001e61 	.word	0x20001e61

10003828 <resetd_xfer_cb>:
10003828:	2001      	movs	r0, #1
1000382a:	4770      	bx	lr

1000382c <resetd_control_xfer_cb>:
1000382c:	2901      	cmp	r1, #1
1000382e:	d001      	beq.n	10003834 <resetd_control_xfer_cb+0x8>
10003830:	2001      	movs	r0, #1
10003832:	4770      	bx	lr
10003834:	b508      	push	{r3, lr}
10003836:	4b10      	ldr	r3, [pc, #64]	@ (10003878 <resetd_control_xfer_cb+0x4c>)
10003838:	8891      	ldrh	r1, [r2, #4]
1000383a:	781b      	ldrb	r3, [r3, #0]
1000383c:	4299      	cmp	r1, r3
1000383e:	d001      	beq.n	10003844 <resetd_control_xfer_cb+0x18>
10003840:	2000      	movs	r0, #0
10003842:	bd08      	pop	{r3, pc}
10003844:	7853      	ldrb	r3, [r2, #1]
10003846:	2b01      	cmp	r3, #1
10003848:	d008      	beq.n	1000385c <resetd_control_xfer_cb+0x30>
1000384a:	2b02      	cmp	r3, #2
1000384c:	d1f8      	bne.n	10003840 <resetd_control_xfer_cb+0x14>
1000384e:	2100      	movs	r1, #0
10003850:	2264      	movs	r2, #100	@ 0x64
10003852:	4608      	mov	r0, r1
10003854:	f7fd ff1a 	bl	1000168c <watchdog_reboot>
10003858:	2001      	movs	r0, #1
1000385a:	bd08      	pop	{r3, pc}
1000385c:	8851      	ldrh	r1, [r2, #2]
1000385e:	05cb      	lsls	r3, r1, #23
10003860:	bf48      	it	mi
10003862:	0a48      	lsrmi	r0, r1, #9
10003864:	f3c1 2240 	ubfx	r2, r1, #9, #1
10003868:	bf58      	it	pl
1000386a:	f04f 30ff 	movpl.w	r0, #4294967295	@ 0xffffffff
1000386e:	f001 017f 	and.w	r1, r1, #127	@ 0x7f
10003872:	f7fd ff89 	bl	10001788 <rom_reset_usb_boot_extra>
10003876:	bf00      	nop
10003878:	20001e61 	.word	0x20001e61

1000387c <tud_descriptor_bos_cb>:
1000387c:	4800      	ldr	r0, [pc, #0]	@ (10003880 <tud_descriptor_bos_cb+0x4>)
1000387e:	4770      	bx	lr
10003880:	10006924 	.word	0x10006924

10003884 <tud_vendor_control_xfer_cb>:
10003884:	2901      	cmp	r1, #1
10003886:	d107      	bne.n	10003898 <tud_vendor_control_xfer_cb+0x14>
10003888:	7853      	ldrb	r3, [r2, #1]
1000388a:	2b01      	cmp	r3, #1
1000388c:	d102      	bne.n	10003894 <tud_vendor_control_xfer_cb+0x10>
1000388e:	8893      	ldrh	r3, [r2, #4]
10003890:	2b07      	cmp	r3, #7
10003892:	d003      	beq.n	1000389c <tud_vendor_control_xfer_cb+0x18>
10003894:	2000      	movs	r0, #0
10003896:	4770      	bx	lr
10003898:	2001      	movs	r0, #1
1000389a:	4770      	bx	lr
1000389c:	4611      	mov	r1, r2
1000389e:	23a6      	movs	r3, #166	@ 0xa6
100038a0:	4a01      	ldr	r2, [pc, #4]	@ (100038a8 <tud_vendor_control_xfer_cb+0x24>)
100038a2:	f001 ba39 	b.w	10004d18 <tud_control_xfer>
100038a6:	bf00      	nop
100038a8:	1000687c 	.word	0x1000687c

100038ac <usbd_app_driver_get_cb>:
100038ac:	4603      	mov	r3, r0
100038ae:	2201      	movs	r2, #1
100038b0:	4801      	ldr	r0, [pc, #4]	@ (100038b8 <usbd_app_driver_get_cb+0xc>)
100038b2:	701a      	strb	r2, [r3, #0]
100038b4:	4770      	bx	lr
100038b6:	bf00      	nop
100038b8:	1000685c 	.word	0x1000685c

100038bc <tud_cdc_line_coding_cb>:
100038bc:	b508      	push	{r3, lr}
100038be:	680b      	ldr	r3, [r1, #0]
100038c0:	f5b3 6f96 	cmp.w	r3, #1200	@ 0x4b0
100038c4:	d000      	beq.n	100038c8 <tud_cdc_line_coding_cb+0xc>
100038c6:	bd08      	pop	{r3, pc}
100038c8:	2200      	movs	r2, #0
100038ca:	f04f 30ff 	mov.w	r0, #4294967295	@ 0xffffffff
100038ce:	4611      	mov	r1, r2
100038d0:	f7fd ff5a 	bl	10001788 <rom_reset_usb_boot_extra>

100038d4 <stdio_usb_set_chars_available_callback>:
100038d4:	4a02      	ldr	r2, [pc, #8]	@ (100038e0 <stdio_usb_set_chars_available_callback+0xc>)
100038d6:	4b03      	ldr	r3, [pc, #12]	@ (100038e4 <stdio_usb_set_chars_available_callback+0x10>)
100038d8:	6010      	str	r0, [r2, #0]
100038da:	6019      	str	r1, [r3, #0]
100038dc:	4770      	bx	lr
100038de:	bf00      	nop
100038e0:	2000197c 	.word	0x2000197c
100038e4:	20001980 	.word	0x20001980

100038e8 <timer_task>:
100038e8:	4b18      	ldr	r3, [pc, #96]	@ (1000394c <timer_task+0x64>)
100038ea:	b570      	push	{r4, r5, r6, lr}
100038ec:	681a      	ldr	r2, [r3, #0]
100038ee:	2a00      	cmp	r2, #0
100038f0:	d028      	beq.n	10003944 <timer_task+0x5c>
100038f2:	f3ef 8110 	mrs	r1, PRIMASK
100038f6:	b672      	cpsid	i
100038f8:	e8d2 4fcf 	ldaexb	r4, [r2]
100038fc:	2001      	movs	r0, #1
100038fe:	2c00      	cmp	r4, #0
10003900:	d1fa      	bne.n	100038f8 <timer_task+0x10>
10003902:	e8c2 0f44 	strexb	r4, r0, [r2]
10003906:	2c00      	cmp	r4, #0
10003908:	d1f6      	bne.n	100038f8 <timer_task+0x10>
1000390a:	f3bf 8f5f 	dmb	sy
1000390e:	2200      	movs	r2, #0
10003910:	4c0f      	ldr	r4, [pc, #60]	@ (10003950 <timer_task+0x68>)
10003912:	6818      	ldr	r0, [r3, #0]
10003914:	6059      	str	r1, [r3, #4]
10003916:	7022      	strb	r2, [r4, #0]
10003918:	e8c0 2f8f 	stlb	r2, [r0]
1000391c:	f381 8810 	msr	PRIMASK, r1
10003920:	2400      	movs	r4, #0
10003922:	2500      	movs	r5, #0
10003924:	4e0b      	ldr	r6, [pc, #44]	@ (10003954 <timer_task+0x6c>)
10003926:	7830      	ldrb	r0, [r6, #0]
10003928:	f7fc fefc 	bl	10000724 <irq_is_enabled>
1000392c:	b920      	cbnz	r0, 10003938 <timer_task+0x50>
1000392e:	2400      	movs	r4, #0
10003930:	2500      	movs	r5, #0
10003932:	4620      	mov	r0, r4
10003934:	4629      	mov	r1, r5
10003936:	bd70      	pop	{r4, r5, r6, pc}
10003938:	7830      	ldrb	r0, [r6, #0]
1000393a:	f7fc ff03 	bl	10000744 <irq_set_pending>
1000393e:	4620      	mov	r0, r4
10003940:	4629      	mov	r1, r5
10003942:	bd70      	pop	{r4, r5, r6, pc}
10003944:	f44f 747a 	mov.w	r4, #1000	@ 0x3e8
10003948:	2500      	movs	r5, #0
1000394a:	e7eb      	b.n	10003924 <timer_task+0x3c>
1000394c:	20001e0c 	.word	0x20001e0c
10003950:	20001e63 	.word	0x20001e63
10003954:	20001e62 	.word	0x20001e62

10003958 <usb_irq>:
10003958:	4b01      	ldr	r3, [pc, #4]	@ (10003960 <usb_irq+0x8>)
1000395a:	7818      	ldrb	r0, [r3, #0]
1000395c:	f7fc bef2 	b.w	10000744 <irq_set_pending>
10003960:	20001e62 	.word	0x20001e62

10003964 <stdio_usb_in_chars>:
10003964:	b538      	push	{r3, r4, r5, lr}
10003966:	4604      	mov	r4, r0
10003968:	2000      	movs	r0, #0
1000396a:	460d      	mov	r5, r1
1000396c:	f001 fb04 	bl	10004f78 <tud_cdc_n_connected>
10003970:	b3a8      	cbz	r0, 100039de <stdio_usb_in_chars+0x7a>
10003972:	2000      	movs	r0, #0
10003974:	f001 fb16 	bl	10004fa4 <tud_cdc_n_available>
10003978:	b388      	cbz	r0, 100039de <stdio_usb_in_chars+0x7a>
1000397a:	f7fd fd07 	bl	1000138c <time_us_64>
1000397e:	f04f 3eff 	mov.w	lr, #4294967295	@ 0xffffffff
10003982:	f06f 4c00 	mvn.w	ip, #2147483648	@ 0x80000000
10003986:	4a17      	ldr	r2, [pc, #92]	@ (100039e4 <stdio_usb_in_chars+0x80>)
10003988:	1882      	adds	r2, r0, r2
1000398a:	f141 0300 	adc.w	r3, r1, #0
1000398e:	4596      	cmp	lr, r2
10003990:	eb7c 0103 	sbcs.w	r1, ip, r3
10003994:	bf3c      	itt	cc
10003996:	4672      	movcc	r2, lr
10003998:	4663      	movcc	r3, ip
1000399a:	4813      	ldr	r0, [pc, #76]	@ (100039e8 <stdio_usb_in_chars+0x84>)
1000399c:	f002 fdb0 	bl	10006500 <__mutex_try_enter_block_until_veneer>
100039a0:	b1e8      	cbz	r0, 100039de <stdio_usb_in_chars+0x7a>
100039a2:	2000      	movs	r0, #0
100039a4:	f001 fae8 	bl	10004f78 <tud_cdc_n_connected>
100039a8:	b958      	cbnz	r0, 100039c2 <stdio_usb_in_chars+0x5e>
100039aa:	2100      	movs	r1, #0
100039ac:	f04f 30ff 	mov.w	r0, #4294967295	@ 0xffffffff
100039b0:	f000 fd0a 	bl	100043c8 <tud_task_ext>
100039b4:	f06f 0402 	mvn.w	r4, #2
100039b8:	480b      	ldr	r0, [pc, #44]	@ (100039e8 <stdio_usb_in_chars+0x84>)
100039ba:	f002 fd99 	bl	100064f0 <__mutex_exit_veneer>
100039be:	4620      	mov	r0, r4
100039c0:	bd38      	pop	{r3, r4, r5, pc}
100039c2:	2000      	movs	r0, #0
100039c4:	f001 faee 	bl	10004fa4 <tud_cdc_n_available>
100039c8:	2800      	cmp	r0, #0
100039ca:	d0ee      	beq.n	100039aa <stdio_usb_in_chars+0x46>
100039cc:	4621      	mov	r1, r4
100039ce:	462a      	mov	r2, r5
100039d0:	2000      	movs	r0, #0
100039d2:	f001 faf1 	bl	10004fb8 <tud_cdc_n_read>
100039d6:	4604      	mov	r4, r0
100039d8:	2800      	cmp	r0, #0
100039da:	d1ed      	bne.n	100039b8 <stdio_usb_in_chars+0x54>
100039dc:	e7ea      	b.n	100039b4 <stdio_usb_in_chars+0x50>
100039de:	f06f 0402 	mvn.w	r4, #2
100039e2:	e7ec      	b.n	100039be <stdio_usb_in_chars+0x5a>
100039e4:	000f4240 	.word	0x000f4240
100039e8:	20001e40 	.word	0x20001e40

100039ec <stdio_usb_out_flush>:
100039ec:	b508      	push	{r3, lr}
100039ee:	f7fd fccd 	bl	1000138c <time_us_64>
100039f2:	f04f 3eff 	mov.w	lr, #4294967295	@ 0xffffffff
100039f6:	f06f 4c00 	mvn.w	ip, #2147483648	@ 0x80000000
100039fa:	4a0f      	ldr	r2, [pc, #60]	@ (10003a38 <stdio_usb_out_flush+0x4c>)
100039fc:	1882      	adds	r2, r0, r2
100039fe:	f141 0300 	adc.w	r3, r1, #0
10003a02:	4596      	cmp	lr, r2
10003a04:	eb7c 0103 	sbcs.w	r1, ip, r3
10003a08:	bf3c      	itt	cc
10003a0a:	4672      	movcc	r2, lr
10003a0c:	4663      	movcc	r3, ip
10003a0e:	480b      	ldr	r0, [pc, #44]	@ (10003a3c <stdio_usb_out_flush+0x50>)
10003a10:	f002 fd76 	bl	10006500 <__mutex_try_enter_block_until_veneer>
10003a14:	b170      	cbz	r0, 10003a34 <stdio_usb_out_flush+0x48>
10003a16:	f04f 30ff 	mov.w	r0, #4294967295	@ 0xffffffff
10003a1a:	2100      	movs	r1, #0
10003a1c:	f000 fcd4 	bl	100043c8 <tud_task_ext>
10003a20:	2000      	movs	r0, #0
10003a22:	f001 fb11 	bl	10005048 <tud_cdc_n_write_flush>
10003a26:	2800      	cmp	r0, #0
10003a28:	d1f5      	bne.n	10003a16 <stdio_usb_out_flush+0x2a>
10003a2a:	e8bd 4008 	ldmia.w	sp!, {r3, lr}
10003a2e:	4803      	ldr	r0, [pc, #12]	@ (10003a3c <stdio_usb_out_flush+0x50>)
10003a30:	f002 bd5e 	b.w	100064f0 <__mutex_exit_veneer>
10003a34:	bd08      	pop	{r3, pc}
10003a36:	bf00      	nop
10003a38:	000f4240 	.word	0x000f4240
10003a3c:	20001e40 	.word	0x20001e40

10003a40 <stdio_usb_out_chars>:
10003a40:	e92d 43f8 	stmdb	sp!, {r3, r4, r5, r6, r7, r8, r9, lr}
10003a44:	4680      	mov	r8, r0
10003a46:	460f      	mov	r7, r1
10003a48:	f7fd fca0 	bl	1000138c <time_us_64>
10003a4c:	f04f 35ff 	mov.w	r5, #4294967295	@ 0xffffffff
10003a50:	f06f 4400 	mvn.w	r4, #2147483648	@ 0x80000000
10003a54:	4a33      	ldr	r2, [pc, #204]	@ (10003b24 <stdio_usb_out_chars+0xe4>)
10003a56:	1882      	adds	r2, r0, r2
10003a58:	f141 0300 	adc.w	r3, r1, #0
10003a5c:	4295      	cmp	r5, r2
10003a5e:	eb74 0103 	sbcs.w	r1, r4, r3
10003a62:	bf3c      	itt	cc
10003a64:	462a      	movcc	r2, r5
10003a66:	4623      	movcc	r3, r4
10003a68:	482f      	ldr	r0, [pc, #188]	@ (10003b28 <stdio_usb_out_chars+0xe8>)
10003a6a:	f002 fd49 	bl	10006500 <__mutex_try_enter_block_until_veneer>
10003a6e:	b908      	cbnz	r0, 10003a74 <stdio_usb_out_chars+0x34>
10003a70:	e8bd 83f8 	ldmia.w	sp!, {r3, r4, r5, r6, r7, r8, r9, pc}
10003a74:	2000      	movs	r0, #0
10003a76:	f001 fa7f 	bl	10004f78 <tud_cdc_n_connected>
10003a7a:	2800      	cmp	r0, #0
10003a7c:	d047      	beq.n	10003b0e <stdio_usb_out_chars+0xce>
10003a7e:	2f00      	cmp	r7, #0
10003a80:	dd40      	ble.n	10003b04 <stdio_usb_out_chars+0xc4>
10003a82:	2500      	movs	r5, #0
10003a84:	f8df 90a8 	ldr.w	r9, [pc, #168]	@ 10003b30 <stdio_usb_out_chars+0xf0>
10003a88:	4e28      	ldr	r6, [pc, #160]	@ (10003b2c <stdio_usb_out_chars+0xec>)
10003a8a:	e013      	b.n	10003ab4 <stdio_usb_out_chars+0x74>
10003a8c:	4622      	mov	r2, r4
10003a8e:	2000      	movs	r0, #0
10003a90:	f001 fb20 	bl	100050d4 <tud_cdc_n_write>
10003a94:	2100      	movs	r1, #0
10003a96:	4604      	mov	r4, r0
10003a98:	f04f 30ff 	mov.w	r0, #4294967295	@ 0xffffffff
10003a9c:	f000 fc94 	bl	100043c8 <tud_task_ext>
10003aa0:	2000      	movs	r0, #0
10003aa2:	f001 fad1 	bl	10005048 <tud_cdc_n_write_flush>
10003aa6:	f7fd fc71 	bl	1000138c <time_us_64>
10003aaa:	e9c9 0100 	strd	r0, r1, [r9]
10003aae:	4425      	add	r5, r4
10003ab0:	42af      	cmp	r7, r5
10003ab2:	dd27      	ble.n	10003b04 <stdio_usb_out_chars+0xc4>
10003ab4:	2000      	movs	r0, #0
10003ab6:	f001 fb2d 	bl	10005114 <tud_cdc_n_write_available>
10003aba:	1b7c      	subs	r4, r7, r5
10003abc:	4284      	cmp	r4, r0
10003abe:	bfa8      	it	ge
10003ac0:	4604      	movge	r4, r0
10003ac2:	eb08 0105 	add.w	r1, r8, r5
10003ac6:	2c00      	cmp	r4, #0
10003ac8:	d1e0      	bne.n	10003a8c <stdio_usb_out_chars+0x4c>
10003aca:	4621      	mov	r1, r4
10003acc:	f04f 30ff 	mov.w	r0, #4294967295	@ 0xffffffff
10003ad0:	f000 fc7a 	bl	100043c8 <tud_task_ext>
10003ad4:	4620      	mov	r0, r4
10003ad6:	f001 fab7 	bl	10005048 <tud_cdc_n_write_flush>
10003ada:	4620      	mov	r0, r4
10003adc:	f001 fa4c 	bl	10004f78 <tud_cdc_n_connected>
10003ae0:	b180      	cbz	r0, 10003b04 <stdio_usb_out_chars+0xc4>
10003ae2:	4620      	mov	r0, r4
10003ae4:	f001 fb16 	bl	10005114 <tud_cdc_n_write_available>
10003ae8:	2800      	cmp	r0, #0
10003aea:	d1e1      	bne.n	10003ab0 <stdio_usb_out_chars+0x70>
10003aec:	f7fd fc4e 	bl	1000138c <time_us_64>
10003af0:	f8d9 3000 	ldr.w	r3, [r9]
10003af4:	f8d9 2004 	ldr.w	r2, [r9, #4]
10003af8:	199b      	adds	r3, r3, r6
10003afa:	f142 0200 	adc.w	r2, r2, #0
10003afe:	4283      	cmp	r3, r0
10003b00:	418a      	sbcs	r2, r1
10003b02:	d2d5      	bcs.n	10003ab0 <stdio_usb_out_chars+0x70>
10003b04:	4808      	ldr	r0, [pc, #32]	@ (10003b28 <stdio_usb_out_chars+0xe8>)
10003b06:	e8bd 43f8 	ldmia.w	sp!, {r3, r4, r5, r6, r7, r8, r9, lr}
10003b0a:	f002 bcf1 	b.w	100064f0 <__mutex_exit_veneer>
10003b0e:	2000      	movs	r0, #0
10003b10:	2100      	movs	r1, #0
10003b12:	4b07      	ldr	r3, [pc, #28]	@ (10003b30 <stdio_usb_out_chars+0xf0>)
10003b14:	e9c3 0100 	strd	r0, r1, [r3]
10003b18:	e8bd 43f8 	ldmia.w	sp!, {r3, r4, r5, r6, r7, r8, r9, lr}
10003b1c:	4802      	ldr	r0, [pc, #8]	@ (10003b28 <stdio_usb_out_chars+0xe8>)
10003b1e:	f002 bce7 	b.w	100064f0 <__mutex_exit_veneer>
10003b22:	bf00      	nop
10003b24:	000f4240 	.word	0x000f4240
10003b28:	20001e40 	.word	0x20001e40
10003b2c:	0007a120 	.word	0x0007a120
10003b30:	200013b0 	.word	0x200013b0

10003b34 <low_priority_worker_irq>:
10003b34:	b530      	push	{r4, r5, lr}
10003b36:	2100      	movs	r1, #0
10003b38:	b085      	sub	sp, #20
10003b3a:	482e      	ldr	r0, [pc, #184]	@ (10003bf4 <low_priority_worker_irq+0xc0>)
10003b3c:	f002 fcec 	bl	10006518 <__mutex_try_enter_veneer>
10003b40:	b9f0      	cbnz	r0, 10003b80 <low_priority_worker_irq+0x4c>
10003b42:	4b2d      	ldr	r3, [pc, #180]	@ (10003bf8 <low_priority_worker_irq+0xc4>)
10003b44:	681a      	ldr	r2, [r3, #0]
10003b46:	b1ca      	cbz	r2, 10003b7c <low_priority_worker_irq+0x48>
10003b48:	f3ef 8110 	mrs	r1, PRIMASK
10003b4c:	b672      	cpsid	i
10003b4e:	e8d2 5fcf 	ldaexb	r5, [r2]
10003b52:	2401      	movs	r4, #1
10003b54:	2d00      	cmp	r5, #0
10003b56:	d1fa      	bne.n	10003b4e <low_priority_worker_irq+0x1a>
10003b58:	e8c2 4f45 	strexb	r5, r4, [r2]
10003b5c:	2d00      	cmp	r5, #0
10003b5e:	d1f6      	bne.n	10003b4e <low_priority_worker_irq+0x1a>
10003b60:	f3bf 8f5f 	dmb	sy
10003b64:	4c25      	ldr	r4, [pc, #148]	@ (10003bfc <low_priority_worker_irq+0xc8>)
10003b66:	681d      	ldr	r5, [r3, #0]
10003b68:	7822      	ldrb	r2, [r4, #0]
10003b6a:	6059      	str	r1, [r3, #4]
10003b6c:	b2d3      	uxtb	r3, r2
10003b6e:	2201      	movs	r2, #1
10003b70:	7022      	strb	r2, [r4, #0]
10003b72:	e8c5 0f8f 	stlb	r0, [r5]
10003b76:	f381 8810 	msr	PRIMASK, r1
10003b7a:	b1cb      	cbz	r3, 10003bb0 <low_priority_worker_irq+0x7c>
10003b7c:	b005      	add	sp, #20
10003b7e:	bd30      	pop	{r4, r5, pc}
10003b80:	2100      	movs	r1, #0
10003b82:	f04f 30ff 	mov.w	r0, #4294967295	@ 0xffffffff
10003b86:	f000 fc1f 	bl	100043c8 <tud_task_ext>
10003b8a:	2000      	movs	r0, #0
10003b8c:	f001 fa0a 	bl	10004fa4 <tud_cdc_n_available>
10003b90:	4604      	mov	r4, r0
10003b92:	4818      	ldr	r0, [pc, #96]	@ (10003bf4 <low_priority_worker_irq+0xc0>)
10003b94:	f002 fcac 	bl	100064f0 <__mutex_exit_veneer>
10003b98:	2c00      	cmp	r4, #0
10003b9a:	d0ef      	beq.n	10003b7c <low_priority_worker_irq+0x48>
10003b9c:	4b18      	ldr	r3, [pc, #96]	@ (10003c00 <low_priority_worker_irq+0xcc>)
10003b9e:	681b      	ldr	r3, [r3, #0]
10003ba0:	2b00      	cmp	r3, #0
10003ba2:	d0eb      	beq.n	10003b7c <low_priority_worker_irq+0x48>
10003ba4:	4a17      	ldr	r2, [pc, #92]	@ (10003c04 <low_priority_worker_irq+0xd0>)
10003ba6:	6810      	ldr	r0, [r2, #0]
10003ba8:	b005      	add	sp, #20
10003baa:	e8bd 4030 	ldmia.w	sp!, {r4, r5, lr}
10003bae:	4718      	bx	r3
10003bb0:	f7fd f9e2 	bl	10000f78 <alarm_pool_get_default>
10003bb4:	4604      	mov	r4, r0
10003bb6:	f7fd fbe9 	bl	1000138c <time_us_64>
10003bba:	f04f 3cff 	mov.w	ip, #4294967295	@ 0xffffffff
10003bbe:	f06f 4500 	mvn.w	r5, #2147483648	@ 0x80000000
10003bc2:	f510 727a 	adds.w	r2, r0, #1000	@ 0x3e8
10003bc6:	f141 0300 	adc.w	r3, r1, #0
10003bca:	4594      	cmp	ip, r2
10003bcc:	eb75 0103 	sbcs.w	r1, r5, r3
10003bd0:	bf38      	it	cc
10003bd2:	462b      	movcc	r3, r5
10003bd4:	f04f 0100 	mov.w	r1, #0
10003bd8:	f04f 0501 	mov.w	r5, #1
10003bdc:	4620      	mov	r0, r4
10003bde:	4c0a      	ldr	r4, [pc, #40]	@ (10003c08 <low_priority_worker_irq+0xd4>)
10003be0:	bf38      	it	cc
10003be2:	4662      	movcc	r2, ip
10003be4:	e9cd 1501 	strd	r1, r5, [sp, #4]
10003be8:	9400      	str	r4, [sp, #0]
10003bea:	f7fd f9c9 	bl	10000f80 <alarm_pool_add_alarm_at>
10003bee:	b005      	add	sp, #20
10003bf0:	bd30      	pop	{r4, r5, pc}
10003bf2:	bf00      	nop
10003bf4:	20001e40 	.word	0x20001e40
10003bf8:	20001e0c 	.word	0x20001e0c
10003bfc:	20001e63 	.word	0x20001e63
10003c00:	2000197c 	.word	0x2000197c
10003c04:	20001980 	.word	0x20001980
10003c08:	100038e9 	.word	0x100038e9

10003c0c <stdio_usb_init>:
10003c0c:	f04f 4350 	mov.w	r3, #3489660928	@ 0xd0000000
10003c10:	b530      	push	{r4, r5, lr}
10003c12:	b085      	sub	sp, #20
10003c14:	681c      	ldr	r4, [r3, #0]
10003c16:	f7fd f9af 	bl	10000f78 <alarm_pool_get_default>
10003c1a:	f7fd fac3 	bl	100011a4 <alarm_pool_core_num>
10003c1e:	42a0      	cmp	r0, r4
10003c20:	d002      	beq.n	10003c28 <stdio_usb_init+0x1c>
10003c22:	2000      	movs	r0, #0
10003c24:	b005      	add	sp, #20
10003c26:	bd30      	pop	{r4, r5, pc}
10003c28:	2100      	movs	r1, #0
10003c2a:	4b2a      	ldr	r3, [pc, #168]	@ (10003cd4 <stdio_usb_init+0xc8>)
10003c2c:	4608      	mov	r0, r1
10003c2e:	781b      	ldrb	r3, [r3, #0]
10003c30:	f001 fd38 	bl	100056a4 <tusb_rhport_init>
10003c34:	4828      	ldr	r0, [pc, #160]	@ (10003cd8 <stdio_usb_init+0xcc>)
10003c36:	6803      	ldr	r3, [r0, #0]
10003c38:	2b00      	cmp	r3, #0
10003c3a:	d047      	beq.n	10003ccc <stdio_usb_init+0xc0>
10003c3c:	2001      	movs	r0, #1
10003c3e:	f7fc ff1f 	bl	10000a80 <user_irq_claim_unused>
10003c42:	4603      	mov	r3, r0
10003c44:	4c25      	ldr	r4, [pc, #148]	@ (10003cdc <stdio_usb_init+0xd0>)
10003c46:	4926      	ldr	r1, [pc, #152]	@ (10003ce0 <stdio_usb_init+0xd4>)
10003c48:	b2c0      	uxtb	r0, r0
10003c4a:	7023      	strb	r3, [r4, #0]
10003c4c:	f7fc fd96 	bl	1000077c <irq_set_exclusive_handler>
10003c50:	7820      	ldrb	r0, [r4, #0]
10003c52:	2101      	movs	r1, #1
10003c54:	f7fc fd50 	bl	100006f8 <irq_set_enabled>
10003c58:	200e      	movs	r0, #14
10003c5a:	f7fc fd7f 	bl	1000075c <irq_has_shared_handler>
10003c5e:	bb40      	cbnz	r0, 10003cb2 <stdio_usb_init+0xa6>
10003c60:	4b20      	ldr	r3, [pc, #128]	@ (10003ce4 <stdio_usb_init+0xd8>)
10003c62:	2501      	movs	r5, #1
10003c64:	e9c3 0000 	strd	r0, r0, [r3]
10003c68:	f7fd f986 	bl	10000f78 <alarm_pool_get_default>
10003c6c:	4604      	mov	r4, r0
10003c6e:	f7fd fb8d 	bl	1000138c <time_us_64>
10003c72:	f04f 3eff 	mov.w	lr, #4294967295	@ 0xffffffff
10003c76:	f06f 4c00 	mvn.w	ip, #2147483648	@ 0x80000000
10003c7a:	f510 727a 	adds.w	r2, r0, #1000	@ 0x3e8
10003c7e:	f141 0300 	adc.w	r3, r1, #0
10003c82:	4596      	cmp	lr, r2
10003c84:	eb7c 0103 	sbcs.w	r1, ip, r3
10003c88:	f04f 0100 	mov.w	r1, #0
10003c8c:	4620      	mov	r0, r4
10003c8e:	4c16      	ldr	r4, [pc, #88]	@ (10003ce8 <stdio_usb_init+0xdc>)
10003c90:	bf3c      	itt	cc
10003c92:	4672      	movcc	r2, lr
10003c94:	4663      	movcc	r3, ip
10003c96:	e9cd 1501 	strd	r1, r5, [sp, #4]
10003c9a:	9400      	str	r4, [sp, #0]
10003c9c:	f7fd f970 	bl	10000f80 <alarm_pool_add_alarm_at>
10003ca0:	2800      	cmp	r0, #0
10003ca2:	dbbe      	blt.n	10003c22 <stdio_usb_init+0x16>
10003ca4:	2101      	movs	r1, #1
10003ca6:	4811      	ldr	r0, [pc, #68]	@ (10003cec <stdio_usb_init+0xe0>)
10003ca8:	f7ff fcbc 	bl	10003624 <stdio_set_driver_enabled>
10003cac:	2001      	movs	r0, #1
10003cae:	b005      	add	sp, #20
10003cb0:	bd30      	pop	{r4, r5, pc}
10003cb2:	2001      	movs	r0, #1
10003cb4:	f7fc fcdc 	bl	10000670 <spin_lock_claim_unused>
10003cb8:	4601      	mov	r1, r0
10003cba:	480a      	ldr	r0, [pc, #40]	@ (10003ce4 <stdio_usb_init+0xd8>)
10003cbc:	f7fc ff3c 	bl	10000b38 <critical_section_init_with_lock_num>
10003cc0:	2200      	movs	r2, #0
10003cc2:	200e      	movs	r0, #14
10003cc4:	490a      	ldr	r1, [pc, #40]	@ (10003cf0 <stdio_usb_init+0xe4>)
10003cc6:	f7fc fd89 	bl	100007dc <irq_add_shared_handler>
10003cca:	e7eb      	b.n	10003ca4 <stdio_usb_init+0x98>
10003ccc:	f7fc ff18 	bl	10000b00 <mutex_init>
10003cd0:	e7b4      	b.n	10003c3c <stdio_usb_init+0x30>
10003cd2:	bf00      	nop
10003cd4:	10006a3c 	.word	0x10006a3c
10003cd8:	20001e40 	.word	0x20001e40
10003cdc:	20001e62 	.word	0x20001e62
10003ce0:	10003b35 	.word	0x10003b35
10003ce4:	20001e0c 	.word	0x20001e0c
10003ce8:	100038e9 	.word	0x100038e9
10003cec:	200011e4 	.word	0x200011e4
10003cf0:	10003959 	.word	0x10003959

10003cf4 <tud_descriptor_device_cb>:
10003cf4:	4800      	ldr	r0, [pc, #0]	@ (10003cf8 <tud_descriptor_device_cb+0x4>)
10003cf6:	4770      	bx	lr
10003cf8:	100069c0 	.word	0x100069c0

10003cfc <tud_descriptor_configuration_cb>:
10003cfc:	4800      	ldr	r0, [pc, #0]	@ (10003d00 <tud_descriptor_configuration_cb+0x4>)
10003cfe:	4770      	bx	lr
10003d00:	1000696c 	.word	0x1000696c

10003d04 <tud_descriptor_string_cb>:
10003d04:	b538      	push	{r3, r4, r5, lr}
10003d06:	4b18      	ldr	r3, [pc, #96]	@ (10003d68 <tud_descriptor_string_cb+0x64>)
10003d08:	4604      	mov	r4, r0
10003d0a:	781a      	ldrb	r2, [r3, #0]
10003d0c:	b30a      	cbz	r2, 10003d52 <tud_descriptor_string_cb+0x4e>
10003d0e:	b944      	cbnz	r4, 10003d22 <tud_descriptor_string_cb+0x1e>
10003d10:	f240 4209 	movw	r2, #1033	@ 0x409
10003d14:	f44f 7341 	mov.w	r3, #772	@ 0x304
10003d18:	4d14      	ldr	r5, [pc, #80]	@ (10003d6c <tud_descriptor_string_cb+0x68>)
10003d1a:	806a      	strh	r2, [r5, #2]
10003d1c:	4813      	ldr	r0, [pc, #76]	@ (10003d6c <tud_descriptor_string_cb+0x68>)
10003d1e:	802b      	strh	r3, [r5, #0]
10003d20:	bd38      	pop	{r3, r4, r5, pc}
10003d22:	2c05      	cmp	r4, #5
10003d24:	d81d      	bhi.n	10003d62 <tud_descriptor_string_cb+0x5e>
10003d26:	4b12      	ldr	r3, [pc, #72]	@ (10003d70 <tud_descriptor_string_cb+0x6c>)
10003d28:	4d10      	ldr	r5, [pc, #64]	@ (10003d6c <tud_descriptor_string_cb+0x68>)
10003d2a:	f853 1024 	ldr.w	r1, [r3, r4, lsl #2]
10003d2e:	4628      	mov	r0, r5
10003d30:	2300      	movs	r3, #0
10003d32:	3901      	subs	r1, #1
10003d34:	e003      	b.n	10003d3e <tud_descriptor_string_cb+0x3a>
10003d36:	2b13      	cmp	r3, #19
10003d38:	f820 2f02 	strh.w	r2, [r0, #2]!
10003d3c:	d00e      	beq.n	10003d5c <tud_descriptor_string_cb+0x58>
10003d3e:	f811 2f01 	ldrb.w	r2, [r1, #1]!
10003d42:	3301      	adds	r3, #1
10003d44:	b2db      	uxtb	r3, r3
10003d46:	2a00      	cmp	r2, #0
10003d48:	d1f5      	bne.n	10003d36 <tud_descriptor_string_cb+0x32>
10003d4a:	005b      	lsls	r3, r3, #1
10003d4c:	f443 7340 	orr.w	r3, r3, #768	@ 0x300
10003d50:	e7e4      	b.n	10003d1c <tud_descriptor_string_cb+0x18>
10003d52:	2111      	movs	r1, #17
10003d54:	4618      	mov	r0, r3
10003d56:	f000 f825 	bl	10003da4 <pico_get_unique_board_id_string>
10003d5a:	e7d8      	b.n	10003d0e <tud_descriptor_string_cb+0xa>
10003d5c:	f44f 734a 	mov.w	r3, #808	@ 0x328
10003d60:	e7dc      	b.n	10003d1c <tud_descriptor_string_cb+0x18>
10003d62:	2000      	movs	r0, #0
10003d64:	bd38      	pop	{r3, r4, r5, pc}
10003d66:	bf00      	nop
10003d68:	20001e4c 	.word	0x20001e4c
10003d6c:	200019b4 	.word	0x200019b4
10003d70:	10006954 	.word	0x10006954

10003d74 <_retrieve_unique_id_on_boot>:
10003d74:	b500      	push	{lr}
10003d76:	f245 3047 	movw	r0, #21319	@ 0x5347
10003d7a:	b08b      	sub	sp, #44	@ 0x2c
10003d7c:	f7fd fcf8 	bl	10001770 <rom_func_lookup>
10003d80:	2201      	movs	r2, #1
10003d82:	4603      	mov	r3, r0
10003d84:	2109      	movs	r1, #9
10003d86:	a801      	add	r0, sp, #4
10003d88:	4798      	blx	r3
10003d8a:	e9dd 3203 	ldrd	r3, r2, [sp, #12]
10003d8e:	4904      	ldr	r1, [pc, #16]	@ (10003da0 <_retrieve_unique_id_on_boot+0x2c>)
10003d90:	ba12      	rev	r2, r2
10003d92:	ba1b      	rev	r3, r3
10003d94:	e9c1 2300 	strd	r2, r3, [r1]
10003d98:	b00b      	add	sp, #44	@ 0x2c
10003d9a:	f85d fb04 	ldr.w	pc, [sp], #4
10003d9e:	bf00      	nop
10003da0:	20001e34 	.word	0x20001e34

10003da4 <pico_get_unique_board_id_string>:
10003da4:	2901      	cmp	r1, #1
10003da6:	f101 33ff 	add.w	r3, r1, #4294967295	@ 0xffffffff
10003daa:	f000 80b3 	beq.w	10003f14 <pico_get_unique_board_id_string+0x170>
10003dae:	495d      	ldr	r1, [pc, #372]	@ (10003f24 <pico_get_unique_board_id_string+0x180>)
10003db0:	780a      	ldrb	r2, [r1, #0]
10003db2:	ea4f 1c12 	mov.w	ip, r2, lsr #4
10003db6:	2a9f      	cmp	r2, #159	@ 0x9f
10003db8:	bf8c      	ite	hi
10003dba:	f10c 0c37 	addhi.w	ip, ip, #55	@ 0x37
10003dbe:	f10c 0c30 	addls.w	ip, ip, #48	@ 0x30
10003dc2:	2b01      	cmp	r3, #1
10003dc4:	f880 c000 	strb.w	ip, [r0]
10003dc8:	f000 80a7 	beq.w	10003f1a <pico_get_unique_board_id_string+0x176>
10003dcc:	f002 020f 	and.w	r2, r2, #15
10003dd0:	2a09      	cmp	r2, #9
10003dd2:	bf8c      	ite	hi
10003dd4:	3237      	addhi	r2, #55	@ 0x37
10003dd6:	3230      	addls	r2, #48	@ 0x30
10003dd8:	2b02      	cmp	r3, #2
10003dda:	7042      	strb	r2, [r0, #1]
10003ddc:	f000 809d 	beq.w	10003f1a <pico_get_unique_board_id_string+0x176>
10003de0:	784a      	ldrb	r2, [r1, #1]
10003de2:	ea4f 1c12 	mov.w	ip, r2, lsr #4
10003de6:	2a9f      	cmp	r2, #159	@ 0x9f
10003de8:	bf8c      	ite	hi
10003dea:	f10c 0c37 	addhi.w	ip, ip, #55	@ 0x37
10003dee:	f10c 0c30 	addls.w	ip, ip, #48	@ 0x30
10003df2:	2b03      	cmp	r3, #3
10003df4:	f880 c002 	strb.w	ip, [r0, #2]
10003df8:	f000 808f 	beq.w	10003f1a <pico_get_unique_board_id_string+0x176>
10003dfc:	f002 020f 	and.w	r2, r2, #15
10003e00:	2a09      	cmp	r2, #9
10003e02:	bf8c      	ite	hi
10003e04:	3237      	addhi	r2, #55	@ 0x37
10003e06:	3230      	addls	r2, #48	@ 0x30
10003e08:	2b04      	cmp	r3, #4
10003e0a:	70c2      	strb	r2, [r0, #3]
10003e0c:	f000 8085 	beq.w	10003f1a <pico_get_unique_board_id_string+0x176>
10003e10:	788a      	ldrb	r2, [r1, #2]
10003e12:	ea4f 1c12 	mov.w	ip, r2, lsr #4
10003e16:	2a9f      	cmp	r2, #159	@ 0x9f
10003e18:	bf8c      	ite	hi
10003e1a:	f10c 0c37 	addhi.w	ip, ip, #55	@ 0x37
10003e1e:	f10c 0c30 	addls.w	ip, ip, #48	@ 0x30
10003e22:	2b05      	cmp	r3, #5
10003e24:	f880 c004 	strb.w	ip, [r0, #4]
10003e28:	d077      	beq.n	10003f1a <pico_get_unique_board_id_string+0x176>
10003e2a:	f002 020f 	and.w	r2, r2, #15
10003e2e:	2a09      	cmp	r2, #9
10003e30:	bf8c      	ite	hi
10003e32:	3237      	addhi	r2, #55	@ 0x37
10003e34:	3230      	addls	r2, #48	@ 0x30
10003e36:	2b06      	cmp	r3, #6
10003e38:	7142      	strb	r2, [r0, #5]
10003e3a:	d06e      	beq.n	10003f1a <pico_get_unique_board_id_string+0x176>
10003e3c:	78ca      	ldrb	r2, [r1, #3]
10003e3e:	ea4f 1c12 	mov.w	ip, r2, lsr #4
10003e42:	2a9f      	cmp	r2, #159	@ 0x9f
10003e44:	bf8c      	ite	hi
10003e46:	f10c 0c37 	addhi.w	ip, ip, #55	@ 0x37
10003e4a:	f10c 0c30 	addls.w	ip, ip, #48	@ 0x30
10003e4e:	2b07      	cmp	r3, #7
10003e50:	f880 c006 	strb.w	ip, [r0, #6]
10003e54:	d061      	beq.n	10003f1a <pico_get_unique_board_id_string+0x176>
10003e56:	f002 020f 	and.w	r2, r2, #15
10003e5a:	2a09      	cmp	r2, #9
10003e5c:	bf8c      	ite	hi
10003e5e:	3237      	addhi	r2, #55	@ 0x37
10003e60:	3230      	addls	r2, #48	@ 0x30
10003e62:	2b08      	cmp	r3, #8
10003e64:	71c2      	strb	r2, [r0, #7]
10003e66:	d058      	beq.n	10003f1a <pico_get_unique_board_id_string+0x176>
10003e68:	790a      	ldrb	r2, [r1, #4]
10003e6a:	ea4f 1c12 	mov.w	ip, r2, lsr #4
10003e6e:	2a9f      	cmp	r2, #159	@ 0x9f
10003e70:	bf8c      	ite	hi
10003e72:	f10c 0c37 	addhi.w	ip, ip, #55	@ 0x37
10003e76:	f10c 0c30 	addls.w	ip, ip, #48	@ 0x30
10003e7a:	2b09      	cmp	r3, #9
10003e7c:	f880 c008 	strb.w	ip, [r0, #8]
10003e80:	d04b      	beq.n	10003f1a <pico_get_unique_board_id_string+0x176>
10003e82:	f002 020f 	and.w	r2, r2, #15
10003e86:	2a09      	cmp	r2, #9
10003e88:	bf8c      	ite	hi
10003e8a:	3237      	addhi	r2, #55	@ 0x37
10003e8c:	3230      	addls	r2, #48	@ 0x30
10003e8e:	2b0a      	cmp	r3, #10
10003e90:	7242      	strb	r2, [r0, #9]
10003e92:	d042      	beq.n	10003f1a <pico_get_unique_board_id_string+0x176>
10003e94:	794a      	ldrb	r2, [r1, #5]
10003e96:	ea4f 1c12 	mov.w	ip, r2, lsr #4
10003e9a:	2a9f      	cmp	r2, #159	@ 0x9f
10003e9c:	bf8c      	ite	hi
10003e9e:	f10c 0c37 	addhi.w	ip, ip, #55	@ 0x37
10003ea2:	f10c 0c30 	addls.w	ip, ip, #48	@ 0x30
10003ea6:	2b0b      	cmp	r3, #11
10003ea8:	f880 c00a 	strb.w	ip, [r0, #10]
10003eac:	d035      	beq.n	10003f1a <pico_get_unique_board_id_string+0x176>
10003eae:	f002 020f 	and.w	r2, r2, #15
10003eb2:	2a09      	cmp	r2, #9
10003eb4:	bf8c      	ite	hi
10003eb6:	3237      	addhi	r2, #55	@ 0x37
10003eb8:	3230      	addls	r2, #48	@ 0x30
10003eba:	2b0c      	cmp	r3, #12
10003ebc:	72c2      	strb	r2, [r0, #11]
10003ebe:	d02c      	beq.n	10003f1a <pico_get_unique_board_id_string+0x176>
10003ec0:	798a      	ldrb	r2, [r1, #6]
10003ec2:	ea4f 1c12 	mov.w	ip, r2, lsr #4
10003ec6:	2a9f      	cmp	r2, #159	@ 0x9f
10003ec8:	bf8c      	ite	hi
10003eca:	f10c 0c37 	addhi.w	ip, ip, #55	@ 0x37
10003ece:	f10c 0c30 	addls.w	ip, ip, #48	@ 0x30
10003ed2:	2b0d      	cmp	r3, #13
10003ed4:	f880 c00c 	strb.w	ip, [r0, #12]
10003ed8:	d01f      	beq.n	10003f1a <pico_get_unique_board_id_string+0x176>
10003eda:	f002 020f 	and.w	r2, r2, #15
10003ede:	2a09      	cmp	r2, #9
10003ee0:	bf8c      	ite	hi
10003ee2:	3237      	addhi	r2, #55	@ 0x37
10003ee4:	3230      	addls	r2, #48	@ 0x30
10003ee6:	2b0e      	cmp	r3, #14
10003ee8:	7342      	strb	r2, [r0, #13]
10003eea:	d016      	beq.n	10003f1a <pico_get_unique_board_id_string+0x176>
10003eec:	79ca      	ldrb	r2, [r1, #7]
10003eee:	0911      	lsrs	r1, r2, #4
10003ef0:	2a9f      	cmp	r2, #159	@ 0x9f
10003ef2:	bf8c      	ite	hi
10003ef4:	3137      	addhi	r1, #55	@ 0x37
10003ef6:	3130      	addls	r1, #48	@ 0x30
10003ef8:	2b0f      	cmp	r3, #15
10003efa:	7381      	strb	r1, [r0, #14]
10003efc:	d00d      	beq.n	10003f1a <pico_get_unique_board_id_string+0x176>
10003efe:	f002 020f 	and.w	r2, r2, #15
10003f02:	2a09      	cmp	r2, #9
10003f04:	bf94      	ite	ls
10003f06:	3230      	addls	r2, #48	@ 0x30
10003f08:	3237      	addhi	r2, #55	@ 0x37
10003f0a:	2b10      	cmp	r3, #16
10003f0c:	73c2      	strb	r2, [r0, #15]
10003f0e:	bf18      	it	ne
10003f10:	3010      	addne	r0, #16
10003f12:	d002      	beq.n	10003f1a <pico_get_unique_board_id_string+0x176>
10003f14:	2300      	movs	r3, #0
10003f16:	7003      	strb	r3, [r0, #0]
10003f18:	4770      	bx	lr
10003f1a:	4418      	add	r0, r3
10003f1c:	2300      	movs	r3, #0
10003f1e:	7003      	strb	r3, [r0, #0]
10003f20:	4770      	bx	lr
10003f22:	bf00      	nop
10003f24:	20001e34 	.word	0x20001e34

10003f28 <dcd_init>:
10003f28:	b570      	push	{r4, r5, r6, lr}
10003f2a:	f000 f92d 	bl	10004188 <rp2040_usb_init>
10003f2e:	230c      	movs	r3, #12
10003f30:	2640      	movs	r6, #64	@ 0x40
10003f32:	4c19      	ldr	r4, [pc, #100]	@ (10003f98 <dcd_init+0x70>)
10003f34:	22ff      	movs	r2, #255	@ 0xff
10003f36:	67a3      	str	r3, [r4, #120]	@ 0x78
10003f38:	200e      	movs	r0, #14
10003f3a:	4918      	ldr	r1, [pc, #96]	@ (10003f9c <dcd_init+0x74>)
10003f3c:	f7fc fc4e 	bl	100007dc <irq_add_shared_handler>
10003f40:	4632      	mov	r2, r6
10003f42:	2100      	movs	r1, #0
10003f44:	4816      	ldr	r0, [pc, #88]	@ (10003fa0 <dcd_init+0x78>)
10003f46:	f002 f9d1 	bl	100062ec <memset>
10003f4a:	2501      	movs	r5, #1
10003f4c:	2300      	movs	r3, #0
10003f4e:	2180      	movs	r1, #128	@ 0x80
10003f50:	4813      	ldr	r0, [pc, #76]	@ (10003fa0 <dcd_init+0x78>)
10003f52:	4a14      	ldr	r2, [pc, #80]	@ (10003fa4 <dcd_init+0x7c>)
10003f54:	8441      	strh	r1, [r0, #34]	@ 0x22
10003f56:	7045      	strb	r5, [r0, #1]
10003f58:	8306      	strh	r6, [r0, #24]
10003f5a:	8706      	strh	r6, [r0, #56]	@ 0x38
10003f5c:	6082      	str	r2, [r0, #8]
10003f5e:	6043      	str	r3, [r0, #4]
10003f60:	6013      	str	r3, [r2, #0]
10003f62:	f842 3c04 	str.w	r3, [r2, #-4]
10003f66:	f880 3021 	strb.w	r3, [r0, #33]	@ 0x21
10003f6a:	f880 303b 	strb.w	r3, [r0, #59]	@ 0x3b
10003f6e:	6243      	str	r3, [r0, #36]	@ 0x24
10003f70:	4b0d      	ldr	r3, [pc, #52]	@ (10003fa8 <dcd_init+0x80>)
10003f72:	f04f 5600 	mov.w	r6, #536870912	@ 0x20000000
10003f76:	60c3      	str	r3, [r0, #12]
10003f78:	62c3      	str	r3, [r0, #44]	@ 0x2c
10003f7a:	3b80      	subs	r3, #128	@ 0x80
10003f7c:	6283      	str	r3, [r0, #40]	@ 0x28
10003f7e:	f002 facf 	bl	10006520 <__reset_non_control_endpoints_veneer>
10003f82:	f44f 3280 	mov.w	r2, #65536	@ 0x10000
10003f86:	4909      	ldr	r1, [pc, #36]	@ (10003fac <dcd_init+0x84>)
10003f88:	4b09      	ldr	r3, [pc, #36]	@ (10003fb0 <dcd_init+0x88>)
10003f8a:	6425      	str	r5, [r4, #64]	@ 0x40
10003f8c:	4628      	mov	r0, r5
10003f8e:	64e6      	str	r6, [r4, #76]	@ 0x4c
10003f90:	f8c4 1090 	str.w	r1, [r4, #144]	@ 0x90
10003f94:	64da      	str	r2, [r3, #76]	@ 0x4c
10003f96:	bd70      	pop	{r4, r5, r6, pc}
10003f98:	50110000 	.word	0x50110000
10003f9c:	2000039d 	.word	0x2000039d
10003fa0:	200019e8 	.word	0x200019e8
10003fa4:	50100084 	.word	0x50100084
10003fa8:	50100100 	.word	0x50100100
10003fac:	0001d010 	.word	0x0001d010
10003fb0:	50112000 	.word	0x50112000

10003fb4 <dcd_int_enable>:
10003fb4:	2101      	movs	r1, #1
10003fb6:	200e      	movs	r0, #14
10003fb8:	f7fc bb9e 	b.w	100006f8 <irq_set_enabled>

10003fbc <dcd_set_address>:
10003fbc:	2200      	movs	r2, #0
10003fbe:	4802      	ldr	r0, [pc, #8]	@ (10003fc8 <dcd_set_address+0xc>)
10003fc0:	4611      	mov	r1, r2
10003fc2:	f000 b901 	b.w	100041c8 <hw_endpoint_xfer_start>
10003fc6:	bf00      	nop
10003fc8:	20001a08 	.word	0x20001a08

10003fcc <dcd_sof_enable>:
10003fcc:	4b04      	ldr	r3, [pc, #16]	@ (10003fe0 <dcd_sof_enable+0x14>)
10003fce:	7019      	strb	r1, [r3, #0]
10003fd0:	b121      	cbz	r1, 10003fdc <dcd_sof_enable+0x10>
10003fd2:	f44f 3200 	mov.w	r2, #131072	@ 0x20000
10003fd6:	4b03      	ldr	r3, [pc, #12]	@ (10003fe4 <dcd_sof_enable+0x18>)
10003fd8:	f8c3 2090 	str.w	r2, [r3, #144]	@ 0x90
10003fdc:	4770      	bx	lr
10003fde:	bf00      	nop
10003fe0:	20001e5e 	.word	0x20001e5e
10003fe4:	50112000 	.word	0x50112000

10003fe8 <dcd_edpt0_status_complete>:
10003fe8:	780b      	ldrb	r3, [r1, #0]
10003fea:	065b      	lsls	r3, r3, #25
10003fec:	d102      	bne.n	10003ff4 <dcd_edpt0_status_complete+0xc>
10003fee:	784b      	ldrb	r3, [r1, #1]
10003ff0:	2b05      	cmp	r3, #5
10003ff2:	d000      	beq.n	10003ff6 <dcd_edpt0_status_complete+0xe>
10003ff4:	4770      	bx	lr
10003ff6:	884b      	ldrh	r3, [r1, #2]
10003ff8:	4a01      	ldr	r2, [pc, #4]	@ (10004000 <dcd_edpt0_status_complete+0x18>)
10003ffa:	b2db      	uxtb	r3, r3
10003ffc:	6013      	str	r3, [r2, #0]
10003ffe:	4770      	bx	lr
10004000:	50110000 	.word	0x50110000

10004004 <dcd_edpt_open>:
10004004:	78cb      	ldrb	r3, [r1, #3]
10004006:	e92d 41f0 	stmdb	sp!, {r4, r5, r6, r7, r8, lr}
1000400a:	f003 0e03 	and.w	lr, r3, #3
1000400e:	f1be 0f01 	cmp.w	lr, #1
10004012:	f3c3 0001 	ubfx	r0, r3, #0, #2
10004016:	d05b      	beq.n	100040d0 <dcd_edpt_open+0xcc>
10004018:	2700      	movs	r7, #0
1000401a:	f891 c002 	ldrb.w	ip, [r1, #2]
1000401e:	4c34      	ldr	r4, [pc, #208]	@ (100040f0 <dcd_edpt_open+0xec>)
10004020:	f00c 027f 	and.w	r2, ip, #127	@ 0x7f
10004024:	0056      	lsls	r6, r2, #1
10004026:	8889      	ldrh	r1, [r1, #4]
10004028:	eb06 13dc 	add.w	r3, r6, ip, lsr #7
1000402c:	eb04 1343 	add.w	r3, r4, r3, lsl #5
10004030:	ea4f 15dc 	mov.w	r5, ip, lsr #7
10004034:	76d8      	strb	r0, [r3, #27]
10004036:	f3c1 010a 	ubfx	r1, r1, #0, #11
1000403a:	f085 0001 	eor.w	r0, r5, #1
1000403e:	f883 c002 	strb.w	ip, [r3, #2]
10004042:	8319      	strh	r1, [r3, #24]
10004044:	7058      	strb	r0, [r3, #1]
10004046:	70df      	strb	r7, [r3, #3]
10004048:	00d3      	lsls	r3, r2, #3
1000404a:	bb8d      	cbnz	r5, 100040b0 <dcd_edpt_open+0xac>
1000404c:	4829      	ldr	r0, [pc, #164]	@ (100040f4 <dcd_edpt_open+0xf0>)
1000404e:	3304      	adds	r3, #4
10004050:	eb04 1c82 	add.w	ip, r4, r2, lsl #6
10004054:	eb03 0800 	add.w	r8, r3, r0
10004058:	f8cc 8008 	str.w	r8, [ip, #8]
1000405c:	501f      	str	r7, [r3, r0]
1000405e:	b382      	cbz	r2, 100040c2 <dcd_edpt_open+0xbe>
10004060:	4b25      	ldr	r3, [pc, #148]	@ (100040f8 <dcd_edpt_open+0xf4>)
10004062:	00d2      	lsls	r2, r2, #3
10004064:	4413      	add	r3, r2
10004066:	f8cc 3004 	str.w	r3, [ip, #4]
1000406a:	4b24      	ldr	r3, [pc, #144]	@ (100040fc <dcd_edpt_open+0xf8>)
1000406c:	313f      	adds	r1, #63	@ 0x3f
1000406e:	681a      	ldr	r2, [r3, #0]
10004070:	f021 013f 	bic.w	r1, r1, #63	@ 0x3f
10004074:	f1be 0f02 	cmp.w	lr, #2
10004078:	bf08      	it	eq
1000407a:	0049      	lsleq	r1, r1, #1
1000407c:	4411      	add	r1, r2
1000407e:	6019      	str	r1, [r3, #0]
10004080:	4b1f      	ldr	r3, [pc, #124]	@ (10004100 <dcd_edpt_open+0xfc>)
10004082:	1977      	adds	r7, r6, r5
10004084:	eb04 1747 	add.w	r7, r4, r7, lsl #5
10004088:	4299      	cmp	r1, r3
1000408a:	60fa      	str	r2, [r7, #12]
1000408c:	d82b      	bhi.n	100040e6 <dcd_edpt_open+0xe2>
1000408e:	442e      	add	r6, r5
10004090:	eb04 1346 	add.w	r3, r4, r6, lsl #5
10004094:	7ed9      	ldrb	r1, [r3, #27]
10004096:	f082 42a0 	eor.w	r2, r2, #1342177280	@ 0x50000000
1000409a:	f482 1280 	eor.w	r2, r2, #1048576	@ 0x100000
1000409e:	685b      	ldr	r3, [r3, #4]
100040a0:	ea42 6281 	orr.w	r2, r2, r1, lsl #26
100040a4:	f042 4200 	orr.w	r2, r2, #2147483648	@ 0x80000000
100040a8:	601a      	str	r2, [r3, #0]
100040aa:	2001      	movs	r0, #1
100040ac:	e8bd 81f0 	ldmia.w	sp!, {r4, r5, r6, r7, r8, pc}
100040b0:	4810      	ldr	r0, [pc, #64]	@ (100040f4 <dcd_edpt_open+0xf0>)
100040b2:	eb04 1c82 	add.w	ip, r4, r2, lsl #6
100040b6:	4403      	add	r3, r0
100040b8:	f8cc 3028 	str.w	r3, [ip, #40]	@ 0x28
100040bc:	f840 7032 	str.w	r7, [r0, r2, lsl #3]
100040c0:	b94a      	cbnz	r2, 100040d6 <dcd_edpt_open+0xd2>
100040c2:	2200      	movs	r2, #0
100040c4:	490f      	ldr	r1, [pc, #60]	@ (10004104 <dcd_edpt_open+0x100>)
100040c6:	eb04 1345 	add.w	r3, r4, r5, lsl #5
100040ca:	60d9      	str	r1, [r3, #12]
100040cc:	605a      	str	r2, [r3, #4]
100040ce:	e7ec      	b.n	100040aa <dcd_edpt_open+0xa6>
100040d0:	2000      	movs	r0, #0
100040d2:	e8bd 81f0 	ldmia.w	sp!, {r4, r5, r6, r7, r8, pc}
100040d6:	00d2      	lsls	r2, r2, #3
100040d8:	f102 42a0 	add.w	r2, r2, #1342177280	@ 0x50000000
100040dc:	f502 1280 	add.w	r2, r2, #1048576	@ 0x100000
100040e0:	f8cc 2024 	str.w	r2, [ip, #36]	@ 0x24
100040e4:	e7c1      	b.n	1000406a <dcd_edpt_open+0x66>
100040e6:	f7fd fb8f 	bl	10001808 <hard_assertion_failure>
100040ea:	68fa      	ldr	r2, [r7, #12]
100040ec:	e7cf      	b.n	1000408e <dcd_edpt_open+0x8a>
100040ee:	bf00      	nop
100040f0:	200019e8 	.word	0x200019e8
100040f4:	50100080 	.word	0x50100080
100040f8:	50100004 	.word	0x50100004
100040fc:	20001df0 	.word	0x20001df0
10004100:	50100fff 	.word	0x50100fff
10004104:	50100100 	.word	0x50100100

10004108 <dcd_edpt_close_all>:
10004108:	f002 ba0a 	b.w	10006520 <__reset_non_control_endpoints_veneer>

1000410c <dcd_edpt_xfer>:
1000410c:	468c      	mov	ip, r1
1000410e:	b508      	push	{r3, lr}
10004110:	4611      	mov	r1, r2
10004112:	4807      	ldr	r0, [pc, #28]	@ (10004130 <dcd_edpt_xfer+0x24>)
10004114:	461a      	mov	r2, r3
10004116:	f00c 037f 	and.w	r3, ip, #127	@ 0x7f
1000411a:	ea4f 1cdc 	mov.w	ip, ip, lsr #7
1000411e:	eb0c 0c43 	add.w	ip, ip, r3, lsl #1
10004122:	eb00 104c 	add.w	r0, r0, ip, lsl #5
10004126:	f000 f84f 	bl	100041c8 <hw_endpoint_xfer_start>
1000412a:	2001      	movs	r0, #1
1000412c:	bd08      	pop	{r3, pc}
1000412e:	bf00      	nop
10004130:	200019e8 	.word	0x200019e8

10004134 <dcd_edpt_stall>:
10004134:	f011 027f 	ands.w	r2, r1, #127	@ 0x7f
10004138:	d105      	bne.n	10004146 <dcd_edpt_stall+0x12>
1000413a:	2900      	cmp	r1, #0
1000413c:	bf0c      	ite	eq
1000413e:	2002      	moveq	r0, #2
10004140:	2001      	movne	r0, #1
10004142:	4b06      	ldr	r3, [pc, #24]	@ (1000415c <dcd_edpt_stall+0x28>)
10004144:	6698      	str	r0, [r3, #104]	@ 0x68
10004146:	09c9      	lsrs	r1, r1, #7
10004148:	4b05      	ldr	r3, [pc, #20]	@ (10004160 <dcd_edpt_stall+0x2c>)
1000414a:	eb01 0042 	add.w	r0, r1, r2, lsl #1
1000414e:	eb03 1040 	add.w	r0, r3, r0, lsl #5
10004152:	f44f 6200 	mov.w	r2, #2048	@ 0x800
10004156:	2100      	movs	r1, #0
10004158:	f002 b9ce 	b.w	100064f8 <___hw_endpoint_buffer_control_update32_veneer>
1000415c:	50112000 	.word	0x50112000
10004160:	200019e8 	.word	0x200019e8

10004164 <dcd_edpt_clear_stall>:
10004164:	f011 037f 	ands.w	r3, r1, #127	@ 0x7f
10004168:	d100      	bne.n	1000416c <dcd_edpt_clear_stall+0x8>
1000416a:	4770      	bx	lr
1000416c:	2200      	movs	r2, #0
1000416e:	4805      	ldr	r0, [pc, #20]	@ (10004184 <dcd_edpt_clear_stall+0x20>)
10004170:	005b      	lsls	r3, r3, #1
10004172:	eb03 13d1 	add.w	r3, r3, r1, lsr #7
10004176:	eb00 1043 	add.w	r0, r0, r3, lsl #5
1000417a:	f46f 6100 	mvn.w	r1, #2048	@ 0x800
1000417e:	70c2      	strb	r2, [r0, #3]
10004180:	f002 b9ba 	b.w	100064f8 <___hw_endpoint_buffer_control_update32_veneer>
10004184:	200019e8 	.word	0x200019e8

10004188 <rp2040_usb_init>:
10004188:	f04f 5280 	mov.w	r2, #268435456	@ 0x10000000
1000418c:	4809      	ldr	r0, [pc, #36]	@ (100041b4 <rp2040_usb_init+0x2c>)
1000418e:	490a      	ldr	r1, [pc, #40]	@ (100041b8 <rp2040_usb_init+0x30>)
10004190:	b508      	push	{r3, lr}
10004192:	4b0a      	ldr	r3, [pc, #40]	@ (100041bc <rp2040_usb_init+0x34>)
10004194:	6002      	str	r2, [r0, #0]
10004196:	600a      	str	r2, [r1, #0]
10004198:	6899      	ldr	r1, [r3, #8]
1000419a:	43c9      	mvns	r1, r1
1000419c:	f011 5180 	ands.w	r1, r1, #268435456	@ 0x10000000
100041a0:	d1fa      	bne.n	10004198 <rp2040_usb_init+0x10>
100041a2:	f44f 5280 	mov.w	r2, #4096	@ 0x1000
100041a6:	4806      	ldr	r0, [pc, #24]	@ (100041c0 <rp2040_usb_init+0x38>)
100041a8:	f002 f8a0 	bl	100062ec <memset>
100041ac:	2209      	movs	r2, #9
100041ae:	4b05      	ldr	r3, [pc, #20]	@ (100041c4 <rp2040_usb_init+0x3c>)
100041b0:	675a      	str	r2, [r3, #116]	@ 0x74
100041b2:	bd08      	pop	{r3, pc}
100041b4:	40022000 	.word	0x40022000
100041b8:	40023000 	.word	0x40023000
100041bc:	40020000 	.word	0x40020000
100041c0:	50100000 	.word	0x50100000
100041c4:	50110000 	.word	0x50110000

100041c8 <hw_endpoint_xfer_start>:
100041c8:	2300      	movs	r3, #0
100041ca:	f04f 0c01 	mov.w	ip, #1
100041ce:	b510      	push	{r4, lr}
100041d0:	f880 c01a 	strb.w	ip, [r0, #26]
100041d4:	8282      	strh	r2, [r0, #20]
100041d6:	82c3      	strh	r3, [r0, #22]
100041d8:	6101      	str	r1, [r0, #16]
100041da:	4604      	mov	r4, r0
100041dc:	f002 f998 	bl	10006510 <__e15_is_bulkin_ep_veneer>
100041e0:	b120      	cbz	r0, 100041ec <hw_endpoint_xfer_start+0x24>
100041e2:	f44f 3200 	mov.w	r2, #131072	@ 0x20000
100041e6:	4b07      	ldr	r3, [pc, #28]	@ (10004204 <hw_endpoint_xfer_start+0x3c>)
100041e8:	f8c3 2090 	str.w	r2, [r3, #144]	@ 0x90
100041ec:	4620      	mov	r0, r4
100041ee:	f002 f98b 	bl	10006508 <__e15_is_critical_frame_period_veneer>
100041f2:	b110      	cbz	r0, 100041fa <hw_endpoint_xfer_start+0x32>
100041f4:	2301      	movs	r3, #1
100041f6:	7723      	strb	r3, [r4, #28]
100041f8:	bd10      	pop	{r4, pc}
100041fa:	4620      	mov	r0, r4
100041fc:	e8bd 4010 	ldmia.w	sp!, {r4, lr}
10004200:	f002 b96e 	b.w	100064e0 <__hw_endpoint_start_next_buffer_veneer>
10004204:	50112000 	.word	0x50112000

10004208 <configuration_reset>:
10004208:	e92d 41f0 	stmdb	sp!, {r4, r5, r6, r7, r8, lr}
1000420c:	2400      	movs	r4, #0
1000420e:	4e1d      	ldr	r6, [pc, #116]	@ (10004284 <configuration_reset+0x7c>)
10004210:	4605      	mov	r5, r0
10004212:	4623      	mov	r3, r4
10004214:	7832      	ldrb	r2, [r6, #0]
10004216:	f8df 8078 	ldr.w	r8, [pc, #120]	@ 10004290 <configuration_reset+0x88>
1000421a:	4f1b      	ldr	r7, [pc, #108]	@ (10004288 <configuration_reset+0x80>)
1000421c:	e00d      	b.n	1000423a <configuration_reset+0x32>
1000421e:	683b      	ldr	r3, [r7, #0]
10004220:	eb13 1344 	adds.w	r3, r3, r4, lsl #5
10004224:	d024      	beq.n	10004270 <configuration_reset+0x68>
10004226:	68db      	ldr	r3, [r3, #12]
10004228:	4628      	mov	r0, r5
1000422a:	4798      	blx	r3
1000422c:	7832      	ldrb	r2, [r6, #0]
1000422e:	3401      	adds	r4, #1
10004230:	b2e4      	uxtb	r4, r4
10004232:	1c51      	adds	r1, r2, #1
10004234:	42a1      	cmp	r1, r4
10004236:	4623      	mov	r3, r4
10004238:	db06      	blt.n	10004248 <configuration_reset+0x40>
1000423a:	42a2      	cmp	r2, r4
1000423c:	eba3 0302 	sub.w	r3, r3, r2
10004240:	d8ed      	bhi.n	1000421e <configuration_reset+0x16>
10004242:	eb08 1343 	add.w	r3, r8, r3, lsl #5
10004246:	e7ee      	b.n	10004226 <configuration_reset+0x1e>
10004248:	2254      	movs	r2, #84	@ 0x54
1000424a:	2100      	movs	r1, #0
1000424c:	480f      	ldr	r0, [pc, #60]	@ (1000428c <configuration_reset+0x84>)
1000424e:	f002 f84d 	bl	100062ec <memset>
10004252:	f04f 33ff 	mov.w	r3, #4294967295	@ 0xffffffff
10004256:	480d      	ldr	r0, [pc, #52]	@ (1000428c <configuration_reset+0x84>)
10004258:	2220      	movs	r2, #32
1000425a:	1d04      	adds	r4, r0, #4
1000425c:	6043      	str	r3, [r0, #4]
1000425e:	e9c4 3301 	strd	r3, r3, [r4, #4]
10004262:	60e3      	str	r3, [r4, #12]
10004264:	21ff      	movs	r1, #255	@ 0xff
10004266:	e8bd 41f0 	ldmia.w	sp!, {r4, r5, r6, r7, r8, lr}
1000426a:	3014      	adds	r0, #20
1000426c:	f002 b83e 	b.w	100062ec <memset>
10004270:	f04f 23e0 	mov.w	r3, #3758153728	@ 0xe000e000
10004274:	f8d3 3df0 	ldr.w	r3, [r3, #3568]	@ 0xdf0
10004278:	07db      	lsls	r3, r3, #31
1000427a:	d500      	bpl.n	1000427e <configuration_reset+0x76>
1000427c:	be00      	bkpt	0x0000
1000427e:	e8bd 81f0 	ldmia.w	sp!, {r4, r5, r6, r7, r8, pc}
10004282:	bf00      	nop
10004284:	20001e5d 	.word	0x20001e5d
10004288:	200013b8 	.word	0x200013b8
1000428c:	20001588 	.word	0x20001588
10004290:	100069d4 	.word	0x100069d4

10004294 <tud_event_hook_cb>:
10004294:	4770      	bx	lr
10004296:	bf00      	nop

10004298 <tud_sof_cb>:
10004298:	4770      	bx	lr
1000429a:	bf00      	nop

1000429c <tud_descriptor_device_qualifier_cb>:
1000429c:	2000      	movs	r0, #0
1000429e:	4770      	bx	lr

100042a0 <tud_descriptor_other_speed_configuration_cb>:
100042a0:	2000      	movs	r0, #0
100042a2:	4770      	bx	lr

100042a4 <tud_mount_cb>:
100042a4:	4770      	bx	lr
100042a6:	bf00      	nop

100042a8 <tud_umount_cb>:
100042a8:	4770      	bx	lr
100042aa:	bf00      	nop

100042ac <tud_suspend_cb>:
100042ac:	4770      	bx	lr
100042ae:	bf00      	nop

100042b0 <tud_resume_cb>:
100042b0:	4770      	bx	lr
100042b2:	bf00      	nop

100042b4 <tud_mounted>:
100042b4:	4b02      	ldr	r3, [pc, #8]	@ (100042c0 <tud_mounted+0xc>)
100042b6:	7858      	ldrb	r0, [r3, #1]
100042b8:	3800      	subs	r0, #0
100042ba:	bf18      	it	ne
100042bc:	2001      	movne	r0, #1
100042be:	4770      	bx	lr
100042c0:	20001588 	.word	0x20001588

100042c4 <tud_suspended>:
100042c4:	4b02      	ldr	r3, [pc, #8]	@ (100042d0 <tud_suspended+0xc>)
100042c6:	7818      	ldrb	r0, [r3, #0]
100042c8:	f3c0 0080 	ubfx	r0, r0, #2, #1
100042cc:	4770      	bx	lr
100042ce:	bf00      	nop
100042d0:	20001588 	.word	0x20001588

100042d4 <tud_rhport_init>:
100042d4:	e92d 47f0 	stmdb	sp!, {r4, r5, r6, r7, r8, r9, sl, lr}
100042d8:	f8df a0e4 	ldr.w	sl, [pc, #228]	@ 100043c0 <tud_rhport_init+0xec>
100042dc:	f89a 3000 	ldrb.w	r3, [sl]
100042e0:	2bff      	cmp	r3, #255	@ 0xff
100042e2:	d156      	bne.n	10004392 <tud_rhport_init+0xbe>
100042e4:	460e      	mov	r6, r1
100042e6:	2900      	cmp	r1, #0
100042e8:	d03e      	beq.n	10004368 <tud_rhport_init+0x94>
100042ea:	2100      	movs	r1, #0
100042ec:	2254      	movs	r2, #84	@ 0x54
100042ee:	4607      	mov	r7, r0
100042f0:	4829      	ldr	r0, [pc, #164]	@ (10004398 <tud_rhport_init+0xc4>)
100042f2:	f001 fffb 	bl	100062ec <memset>
100042f6:	2200      	movs	r2, #0
100042f8:	4c28      	ldr	r4, [pc, #160]	@ (1000439c <tud_rhport_init+0xc8>)
100042fa:	4b29      	ldr	r3, [pc, #164]	@ (100043a0 <tud_rhport_init+0xcc>)
100042fc:	4620      	mov	r0, r4
100042fe:	701a      	strb	r2, [r3, #0]
10004300:	f7fc fbfe 	bl	10000b00 <mutex_init>
10004304:	4b27      	ldr	r3, [pc, #156]	@ (100043a4 <tud_rhport_init+0xd0>)
10004306:	4828      	ldr	r0, [pc, #160]	@ (100043a8 <tud_rhport_init+0xd4>)
10004308:	601c      	str	r4, [r3, #0]
1000430a:	4c28      	ldr	r4, [pc, #160]	@ (100043ac <tud_rhport_init+0xd8>)
1000430c:	f7fc fc06 	bl	10000b1c <critical_section_init>
10004310:	4620      	mov	r0, r4
10004312:	f001 fdab 	bl	10005e6c <tu_fifo_clear>
10004316:	4a26      	ldr	r2, [pc, #152]	@ (100043b0 <tud_rhport_init+0xdc>)
10004318:	4b26      	ldr	r3, [pc, #152]	@ (100043b4 <tud_rhport_init+0xe0>)
1000431a:	6014      	str	r4, [r2, #0]
1000431c:	b123      	cbz	r3, 10004328 <tud_rhport_init+0x54>
1000431e:	4826      	ldr	r0, [pc, #152]	@ (100043b8 <tud_rhport_init+0xe4>)
10004320:	f7ff fac4 	bl	100038ac <usbd_app_driver_get_cb>
10004324:	4b25      	ldr	r3, [pc, #148]	@ (100043bc <tud_rhport_init+0xe8>)
10004326:	6018      	str	r0, [r3, #0]
10004328:	2400      	movs	r4, #0
1000432a:	4d23      	ldr	r5, [pc, #140]	@ (100043b8 <tud_rhport_init+0xe4>)
1000432c:	4623      	mov	r3, r4
1000432e:	782a      	ldrb	r2, [r5, #0]
10004330:	f8df 9090 	ldr.w	r9, [pc, #144]	@ 100043c4 <tud_rhport_init+0xf0>
10004334:	f8df 8084 	ldr.w	r8, [pc, #132]	@ 100043bc <tud_rhport_init+0xe8>
10004338:	e00e      	b.n	10004358 <tud_rhport_init+0x84>
1000433a:	f8d8 3000 	ldr.w	r3, [r8]
1000433e:	eb13 1344 	adds.w	r3, r3, r4, lsl #5
10004342:	d011      	beq.n	10004368 <tud_rhport_init+0x94>
10004344:	685b      	ldr	r3, [r3, #4]
10004346:	b17b      	cbz	r3, 10004368 <tud_rhport_init+0x94>
10004348:	4798      	blx	r3
1000434a:	782a      	ldrb	r2, [r5, #0]
1000434c:	3401      	adds	r4, #1
1000434e:	b2e4      	uxtb	r4, r4
10004350:	1c51      	adds	r1, r2, #1
10004352:	42a1      	cmp	r1, r4
10004354:	4623      	mov	r3, r4
10004356:	db11      	blt.n	1000437c <tud_rhport_init+0xa8>
10004358:	42a2      	cmp	r2, r4
1000435a:	d8ee      	bhi.n	1000433a <tud_rhport_init+0x66>
1000435c:	1a9b      	subs	r3, r3, r2
1000435e:	eb09 1343 	add.w	r3, r9, r3, lsl #5
10004362:	685b      	ldr	r3, [r3, #4]
10004364:	2b00      	cmp	r3, #0
10004366:	d1ef      	bne.n	10004348 <tud_rhport_init+0x74>
10004368:	f04f 23e0 	mov.w	r3, #3758153728	@ 0xe000e000
1000436c:	f8d3 3df0 	ldr.w	r3, [r3, #3568]	@ 0xdf0
10004370:	07db      	lsls	r3, r3, #31
10004372:	d500      	bpl.n	10004376 <tud_rhport_init+0xa2>
10004374:	be00      	bkpt	0x0000
10004376:	2000      	movs	r0, #0
10004378:	e8bd 87f0 	ldmia.w	sp!, {r4, r5, r6, r7, r8, r9, sl, pc}
1000437c:	4631      	mov	r1, r6
1000437e:	4638      	mov	r0, r7
10004380:	f88a 7000 	strb.w	r7, [sl]
10004384:	f7ff fdd0 	bl	10003f28 <dcd_init>
10004388:	2800      	cmp	r0, #0
1000438a:	d0ed      	beq.n	10004368 <tud_rhport_init+0x94>
1000438c:	4638      	mov	r0, r7
1000438e:	f7ff fe11 	bl	10003fb4 <dcd_int_enable>
10004392:	2001      	movs	r0, #1
10004394:	e8bd 87f0 	ldmia.w	sp!, {r4, r5, r6, r7, r8, r9, sl, pc}
10004398:	20001588 	.word	0x20001588
1000439c:	20001580 	.word	0x20001580
100043a0:	20001e5f 	.word	0x20001e5f
100043a4:	200015dc 	.word	0x200015dc
100043a8:	20001210 	.word	0x20001210
100043ac:	200011fc 	.word	0x200011fc
100043b0:	200015e0 	.word	0x200015e0
100043b4:	100038ad 	.word	0x100038ad
100043b8:	20001e5d 	.word	0x20001e5d
100043bc:	200013b8 	.word	0x200013b8
100043c0:	20001218 	.word	0x20001218
100043c4:	100069d4 	.word	0x100069d4

100043c8 <tud_task_ext>:
100043c8:	e92d 4ff0 	stmdb	sp!, {r4, r5, r6, r7, r8, r9, sl, fp, lr}
100043cc:	f8df 92c8 	ldr.w	r9, [pc, #712]	@ 10004698 <tud_task_ext+0x2d0>
100043d0:	b08b      	sub	sp, #44	@ 0x2c
100043d2:	f899 3000 	ldrb.w	r3, [r9]
100043d6:	2bff      	cmp	r3, #255	@ 0xff
100043d8:	f000 80f1 	beq.w	100045be <tud_task_ext+0x1f6>
100043dc:	4ca8      	ldr	r4, [pc, #672]	@ (10004680 <tud_task_ext+0x2b8>)
100043de:	4da9      	ldr	r5, [pc, #676]	@ (10004684 <tud_task_ext+0x2bc>)
100043e0:	f8df a2b0 	ldr.w	sl, [pc, #688]	@ 10004694 <tud_task_ext+0x2cc>
100043e4:	f8df b2b4 	ldr.w	fp, [pc, #692]	@ 1000469c <tud_task_ext+0x2d4>
100043e8:	6826      	ldr	r6, [r4, #0]
100043ea:	6973      	ldr	r3, [r6, #20]
100043ec:	f3ef 8210 	mrs	r2, PRIMASK
100043f0:	b672      	cpsid	i
100043f2:	e8d3 0fcf 	ldaexb	r0, [r3]
100043f6:	2101      	movs	r1, #1
100043f8:	2800      	cmp	r0, #0
100043fa:	d1fa      	bne.n	100043f2 <tud_task_ext+0x2a>
100043fc:	e8c3 1f40 	strexb	r0, r1, [r3]
10004400:	2800      	cmp	r0, #0
10004402:	d1f6      	bne.n	100043f2 <tud_task_ext+0x2a>
10004404:	f3bf 8f5f 	dmb	sy
10004408:	61b2      	str	r2, [r6, #24]
1000440a:	4630      	mov	r0, r6
1000440c:	a907      	add	r1, sp, #28
1000440e:	f001 fb77 	bl	10005b00 <tu_fifo_read>
10004412:	2300      	movs	r3, #0
10004414:	6972      	ldr	r2, [r6, #20]
10004416:	e8c2 3f8f 	stlb	r3, [r2]
1000441a:	69b3      	ldr	r3, [r6, #24]
1000441c:	f383 8810 	msr	PRIMASK, r3
10004420:	2800      	cmp	r0, #0
10004422:	f000 80cc 	beq.w	100045be <tud_task_ext+0x1f6>
10004426:	f89d 301d 	ldrb.w	r3, [sp, #29]
1000442a:	3b01      	subs	r3, #1
1000442c:	2b07      	cmp	r3, #7
1000442e:	f200 837d 	bhi.w	10004b2c <tud_task_ext+0x764>
10004432:	e8df f003 	tbb	[pc, r3]
10004436:	b1a7      	.short	0xb1a7
10004438:	358e9d95 	.word	0x358e9d95
1000443c:	040a      	.short	0x040a
1000443e:	9b08      	ldr	r3, [sp, #32]
10004440:	2b00      	cmp	r3, #0
10004442:	d0d1      	beq.n	100043e8 <tud_task_ext+0x20>
10004444:	9809      	ldr	r0, [sp, #36]	@ 0x24
10004446:	4798      	blx	r3
10004448:	e7ce      	b.n	100043e8 <tud_task_ext+0x20>
1000444a:	f89d 1020 	ldrb.w	r1, [sp, #32]
1000444e:	f001 067f 	and.w	r6, r1, #127	@ 0x7f
10004452:	eb05 0046 	add.w	r0, r5, r6, lsl #1
10004456:	eb00 10d1 	add.w	r0, r0, r1, lsr #7
1000445a:	f890 3034 	ldrb.w	r3, [r0, #52]	@ 0x34
1000445e:	f023 0301 	bic.w	r3, r3, #1
10004462:	f880 3034 	strb.w	r3, [r0, #52]	@ 0x34
10004466:	f890 3034 	ldrb.w	r3, [r0, #52]	@ 0x34
1000446a:	f023 0304 	bic.w	r3, r3, #4
1000446e:	f880 3034 	strb.w	r3, [r0, #52]	@ 0x34
10004472:	2e00      	cmp	r6, #0
10004474:	f000 80a6 	beq.w	100045c4 <tud_task_ext+0x1fc>
10004478:	7d03      	ldrb	r3, [r0, #20]
1000447a:	f89a 2000 	ldrb.w	r2, [sl]
1000447e:	4293      	cmp	r3, r2
10004480:	f080 8093 	bcs.w	100045aa <tud_task_ext+0x1e2>
10004484:	4a80      	ldr	r2, [pc, #512]	@ (10004688 <tud_task_ext+0x2c0>)
10004486:	6812      	ldr	r2, [r2, #0]
10004488:	eb12 1343 	adds.w	r3, r2, r3, lsl #5
1000448c:	f000 8090 	beq.w	100045b0 <tud_task_ext+0x1e8>
10004490:	699e      	ldr	r6, [r3, #24]
10004492:	f89d 2021 	ldrb.w	r2, [sp, #33]	@ 0x21
10004496:	9b09      	ldr	r3, [sp, #36]	@ 0x24
10004498:	f89d 001c 	ldrb.w	r0, [sp, #28]
1000449c:	47b0      	blx	r6
1000449e:	e7a3      	b.n	100043e8 <tud_task_ext+0x20>
100044a0:	f89b 3000 	ldrb.w	r3, [fp]
100044a4:	2b00      	cmp	r3, #0
100044a6:	f000 8083 	beq.w	100045b0 <tud_task_ext+0x1e8>
100044aa:	f89b 3000 	ldrb.w	r3, [fp]
100044ae:	3b01      	subs	r3, #1
100044b0:	b2db      	uxtb	r3, r3
100044b2:	f88b 3000 	strb.w	r3, [fp]
100044b6:	f89b 3000 	ldrb.w	r3, [fp]
100044ba:	f003 00ff 	and.w	r0, r3, #255	@ 0xff
100044be:	2b00      	cmp	r3, #0
100044c0:	d192      	bne.n	100043e8 <tud_task_ext+0x20>
100044c2:	4f70      	ldr	r7, [pc, #448]	@ (10004684 <tud_task_ext+0x2bc>)
100044c4:	f89d 801c 	ldrb.w	r8, [sp, #28]
100044c8:	783b      	ldrb	r3, [r7, #0]
100044ca:	f043 0301 	orr.w	r3, r3, #1
100044ce:	703b      	strb	r3, [r7, #0]
100044d0:	f897 3034 	ldrb.w	r3, [r7, #52]	@ 0x34
100044d4:	f360 0300 	bfi	r3, r0, #0, #1
100044d8:	f887 3034 	strb.w	r3, [r7, #52]	@ 0x34
100044dc:	f897 3034 	ldrb.w	r3, [r7, #52]	@ 0x34
100044e0:	f360 0382 	bfi	r3, r0, #2, #1
100044e4:	f887 3034 	strb.w	r3, [r7, #52]	@ 0x34
100044e8:	f897 3035 	ldrb.w	r3, [r7, #53]	@ 0x35
100044ec:	f360 0300 	bfi	r3, r0, #0, #1
100044f0:	f887 3035 	strb.w	r3, [r7, #53]	@ 0x35
100044f4:	f897 3035 	ldrb.w	r3, [r7, #53]	@ 0x35
100044f8:	f360 0382 	bfi	r3, r0, #2, #1
100044fc:	f887 3035 	strb.w	r3, [r7, #53]	@ 0x35
10004500:	f000 fc6c 	bl	10004ddc <usbd_control_set_complete_callback>
10004504:	f89d 3020 	ldrb.w	r3, [sp, #32]
10004508:	f003 0260 	and.w	r2, r3, #96	@ 0x60
1000450c:	2a60      	cmp	r2, #96	@ 0x60
1000450e:	d06c      	beq.n	100045ea <tud_task_ext+0x222>
10004510:	2a40      	cmp	r2, #64	@ 0x40
10004512:	d07c      	beq.n	1000460e <tud_task_ext+0x246>
10004514:	f003 031f 	and.w	r3, r3, #31
10004518:	2b01      	cmp	r3, #1
1000451a:	f000 80c1 	beq.w	100046a0 <tud_task_ext+0x2d8>
1000451e:	2b02      	cmp	r3, #2
10004520:	f000 8081 	beq.w	10004626 <tud_task_ext+0x25e>
10004524:	2b00      	cmp	r3, #0
10004526:	d160      	bne.n	100045ea <tud_task_ext+0x222>
10004528:	2a20      	cmp	r2, #32
1000452a:	f000 81e9 	beq.w	10004900 <tud_task_ext+0x538>
1000452e:	2a00      	cmp	r2, #0
10004530:	d15b      	bne.n	100045ea <tud_task_ext+0x222>
10004532:	f89d 3021 	ldrb.w	r3, [sp, #33]	@ 0x21
10004536:	2b09      	cmp	r3, #9
10004538:	d857      	bhi.n	100045ea <tud_task_ext+0x222>
1000453a:	e8df f013 	tbh	[pc, r3, lsl #1]
1000453e:	01b0      	.short	0x01b0
10004540:	005601a2 	.word	0x005601a2
10004544:	005601c1 	.word	0x005601c1
10004548:	016b0195 	.word	0x016b0195
1000454c:	01600056 	.word	0x01600056
10004550:	00f4      	.short	0x00f4
10004552:	782b      	ldrb	r3, [r5, #0]
10004554:	07d9      	lsls	r1, r3, #31
10004556:	f57f af47 	bpl.w	100043e8 <tud_task_ext+0x20>
1000455a:	f7ff fea9 	bl	100042b0 <tud_resume_cb>
1000455e:	e743      	b.n	100043e8 <tud_task_ext+0x20>
10004560:	78eb      	ldrb	r3, [r5, #3]
10004562:	07da      	lsls	r2, r3, #31
10004564:	f57f af40 	bpl.w	100043e8 <tud_task_ext+0x20>
10004568:	9808      	ldr	r0, [sp, #32]
1000456a:	f7ff fe95 	bl	10004298 <tud_sof_cb>
1000456e:	e73b      	b.n	100043e8 <tud_task_ext+0x20>
10004570:	782b      	ldrb	r3, [r5, #0]
10004572:	07d8      	lsls	r0, r3, #31
10004574:	f57f af38 	bpl.w	100043e8 <tud_task_ext+0x20>
10004578:	7828      	ldrb	r0, [r5, #0]
1000457a:	f3c0 00c0 	ubfx	r0, r0, #3, #1
1000457e:	f7ff fe95 	bl	100042ac <tud_suspend_cb>
10004582:	e731      	b.n	100043e8 <tud_task_ext+0x20>
10004584:	f89d 001c 	ldrb.w	r0, [sp, #28]
10004588:	f7ff fe3e 	bl	10004208 <configuration_reset>
1000458c:	f000 fc1c 	bl	10004dc8 <usbd_control_reset>
10004590:	f89d 3020 	ldrb.w	r3, [sp, #32]
10004594:	70ab      	strb	r3, [r5, #2]
10004596:	e727      	b.n	100043e8 <tud_task_ext+0x20>
10004598:	f89d 001c 	ldrb.w	r0, [sp, #28]
1000459c:	f7ff fe34 	bl	10004208 <configuration_reset>
100045a0:	f000 fc12 	bl	10004dc8 <usbd_control_reset>
100045a4:	f7ff fe80 	bl	100042a8 <tud_umount_cb>
100045a8:	e71e      	b.n	100043e8 <tud_task_ext+0x20>
100045aa:	1c50      	adds	r0, r2, #1
100045ac:	4298      	cmp	r0, r3
100045ae:	da11      	bge.n	100045d4 <tud_task_ext+0x20c>
100045b0:	f04f 23e0 	mov.w	r3, #3758153728	@ 0xe000e000
100045b4:	f8d3 3df0 	ldr.w	r3, [r3, #3568]	@ 0xdf0
100045b8:	07dc      	lsls	r4, r3, #31
100045ba:	d500      	bpl.n	100045be <tud_task_ext+0x1f6>
100045bc:	be00      	bkpt	0x0000
100045be:	b00b      	add	sp, #44	@ 0x2c
100045c0:	e8bd 8ff0 	ldmia.w	sp!, {r4, r5, r6, r7, r8, r9, sl, fp, pc}
100045c4:	9b09      	ldr	r3, [sp, #36]	@ 0x24
100045c6:	f89d 2021 	ldrb.w	r2, [sp, #33]	@ 0x21
100045ca:	f89d 001c 	ldrb.w	r0, [sp, #28]
100045ce:	f000 fc19 	bl	10004e04 <usbd_control_xfer_cb>
100045d2:	e709      	b.n	100043e8 <tud_task_ext+0x20>
100045d4:	1a9b      	subs	r3, r3, r2
100045d6:	4a2d      	ldr	r2, [pc, #180]	@ (1000468c <tud_task_ext+0x2c4>)
100045d8:	eb02 1343 	add.w	r3, r2, r3, lsl #5
100045dc:	e758      	b.n	10004490 <tud_task_ext+0xc8>
100045de:	f7ff fb8d 	bl	10003cfc <tud_descriptor_configuration_cb>
100045e2:	4602      	mov	r2, r0
100045e4:	2800      	cmp	r0, #0
100045e6:	f040 8182 	bne.w	100048ee <tud_task_ext+0x526>
100045ea:	f04f 23e0 	mov.w	r3, #3758153728	@ 0xe000e000
100045ee:	f8d3 3df0 	ldr.w	r3, [r3, #3568]	@ 0xdf0
100045f2:	07de      	lsls	r6, r3, #31
100045f4:	d500      	bpl.n	100045f8 <tud_task_ext+0x230>
100045f6:	be00      	bkpt	0x0000
100045f8:	f89d 001c 	ldrb.w	r0, [sp, #28]
100045fc:	2100      	movs	r1, #0
100045fe:	f7ff fd99 	bl	10004134 <dcd_edpt_stall>
10004602:	2180      	movs	r1, #128	@ 0x80
10004604:	f89d 001c 	ldrb.w	r0, [sp, #28]
10004608:	f7ff fd94 	bl	10004134 <dcd_edpt_stall>
1000460c:	e6ec      	b.n	100043e8 <tud_task_ext+0x20>
1000460e:	4820      	ldr	r0, [pc, #128]	@ (10004690 <tud_task_ext+0x2c8>)
10004610:	f000 fbe4 	bl	10004ddc <usbd_control_set_complete_callback>
10004614:	2101      	movs	r1, #1
10004616:	4640      	mov	r0, r8
10004618:	aa08      	add	r2, sp, #32
1000461a:	f7ff f933 	bl	10003884 <tud_vendor_control_xfer_cb>
1000461e:	2800      	cmp	r0, #0
10004620:	f47f aee2 	bne.w	100043e8 <tud_task_ext+0x20>
10004624:	e7e8      	b.n	100045f8 <tud_task_ext+0x230>
10004626:	f89d 1024 	ldrb.w	r1, [sp, #36]	@ 0x24
1000462a:	f011 0f70 	tst.w	r1, #112	@ 0x70
1000462e:	d1dc      	bne.n	100045ea <tud_task_ext+0x222>
10004630:	f001 067f 	and.w	r6, r1, #127	@ 0x7f
10004634:	eb07 0046 	add.w	r0, r7, r6, lsl #1
10004638:	4b16      	ldr	r3, [pc, #88]	@ (10004694 <tud_task_ext+0x2cc>)
1000463a:	eb00 10d1 	add.w	r0, r0, r1, lsr #7
1000463e:	781b      	ldrb	r3, [r3, #0]
10004640:	7d00      	ldrb	r0, [r0, #20]
10004642:	0076      	lsls	r6, r6, #1
10004644:	9601      	str	r6, [sp, #4]
10004646:	4298      	cmp	r0, r3
10004648:	ea4f 16d1 	mov.w	r6, r1, lsr #7
1000464c:	9600      	str	r6, [sp, #0]
1000464e:	d359      	bcc.n	10004704 <tud_task_ext+0x33c>
10004650:	1c5e      	adds	r6, r3, #1
10004652:	4286      	cmp	r6, r0
10004654:	f2c0 8166 	blt.w	10004924 <tud_task_ext+0x55c>
10004658:	1ac0      	subs	r0, r0, r3
1000465a:	4b0c      	ldr	r3, [pc, #48]	@ (1000468c <tud_task_ext+0x2c4>)
1000465c:	eb03 1640 	add.w	r6, r3, r0, lsl #5
10004660:	2a00      	cmp	r2, #0
10004662:	f000 8163 	beq.w	1000492c <tud_task_ext+0x564>
10004666:	6970      	ldr	r0, [r6, #20]
10004668:	f000 fbb8 	bl	10004ddc <usbd_control_set_complete_callback>
1000466c:	2101      	movs	r1, #1
1000466e:	4640      	mov	r0, r8
10004670:	6973      	ldr	r3, [r6, #20]
10004672:	aa08      	add	r2, sp, #32
10004674:	4798      	blx	r3
10004676:	2800      	cmp	r0, #0
10004678:	f47f aeb6 	bne.w	100043e8 <tud_task_ext+0x20>
1000467c:	e7bc      	b.n	100045f8 <tud_task_ext+0x230>
1000467e:	bf00      	nop
10004680:	200015e0 	.word	0x200015e0
10004684:	20001588 	.word	0x20001588
10004688:	200013b8 	.word	0x200013b8
1000468c:	100069d4 	.word	0x100069d4
10004690:	10003885 	.word	0x10003885
10004694:	20001e5d 	.word	0x20001e5d
10004698:	20001218 	.word	0x20001218
1000469c:	20001e5f 	.word	0x20001e5f
100046a0:	f89d 3024 	ldrb.w	r3, [sp, #36]	@ 0x24
100046a4:	2b0f      	cmp	r3, #15
100046a6:	d8a7      	bhi.n	100045f8 <tud_task_ext+0x230>
100046a8:	4aae      	ldr	r2, [pc, #696]	@ (10004964 <tud_task_ext+0x59c>)
100046aa:	443b      	add	r3, r7
100046ac:	791b      	ldrb	r3, [r3, #4]
100046ae:	7812      	ldrb	r2, [r2, #0]
100046b0:	4293      	cmp	r3, r2
100046b2:	d332      	bcc.n	1000471a <tud_task_ext+0x352>
100046b4:	1c51      	adds	r1, r2, #1
100046b6:	4299      	cmp	r1, r3
100046b8:	db9e      	blt.n	100045f8 <tud_task_ext+0x230>
100046ba:	4eab      	ldr	r6, [pc, #684]	@ (10004968 <tud_task_ext+0x5a0>)
100046bc:	1a9b      	subs	r3, r3, r2
100046be:	eb06 1643 	add.w	r6, r6, r3, lsl #5
100046c2:	6970      	ldr	r0, [r6, #20]
100046c4:	f000 fb8a 	bl	10004ddc <usbd_control_set_complete_callback>
100046c8:	2101      	movs	r1, #1
100046ca:	4640      	mov	r0, r8
100046cc:	6973      	ldr	r3, [r6, #20]
100046ce:	aa08      	add	r2, sp, #32
100046d0:	4798      	blx	r3
100046d2:	2800      	cmp	r0, #0
100046d4:	f47f ae88 	bne.w	100043e8 <tud_task_ext+0x20>
100046d8:	f89d 3020 	ldrb.w	r3, [sp, #32]
100046dc:	f013 0660 	ands.w	r6, r3, #96	@ 0x60
100046e0:	d18a      	bne.n	100045f8 <tud_task_ext+0x230>
100046e2:	f89d 3021 	ldrb.w	r3, [sp, #33]	@ 0x21
100046e6:	3b0a      	subs	r3, #10
100046e8:	2b01      	cmp	r3, #1
100046ea:	d885      	bhi.n	100045f8 <tud_task_ext+0x230>
100046ec:	f000 fb76 	bl	10004ddc <usbd_control_set_complete_callback>
100046f0:	f89d 3021 	ldrb.w	r3, [sp, #33]	@ 0x21
100046f4:	2b0a      	cmp	r3, #10
100046f6:	f000 81f2 	beq.w	10004ade <tud_task_ext+0x716>
100046fa:	4640      	mov	r0, r8
100046fc:	a908      	add	r1, sp, #32
100046fe:	f000 faf1 	bl	10004ce4 <tud_control_status>
10004702:	e671      	b.n	100043e8 <tud_task_ext+0x20>
10004704:	4b99      	ldr	r3, [pc, #612]	@ (1000496c <tud_task_ext+0x5a4>)
10004706:	681b      	ldr	r3, [r3, #0]
10004708:	eb03 1640 	add.w	r6, r3, r0, lsl #5
1000470c:	2a00      	cmp	r2, #0
1000470e:	f000 810d 	beq.w	1000492c <tud_task_ext+0x564>
10004712:	2e00      	cmp	r6, #0
10004714:	f43f af70 	beq.w	100045f8 <tud_task_ext+0x230>
10004718:	e7a5      	b.n	10004666 <tud_task_ext+0x29e>
1000471a:	4a94      	ldr	r2, [pc, #592]	@ (1000496c <tud_task_ext+0x5a4>)
1000471c:	6816      	ldr	r6, [r2, #0]
1000471e:	eb16 1643 	adds.w	r6, r6, r3, lsl #5
10004722:	d1ce      	bne.n	100046c2 <tud_task_ext+0x2fa>
10004724:	e768      	b.n	100045f8 <tud_task_ext+0x230>
10004726:	787b      	ldrb	r3, [r7, #1]
10004728:	f89d 6022 	ldrb.w	r6, [sp, #34]	@ 0x22
1000472c:	429e      	cmp	r6, r3
1000472e:	f000 814f 	beq.w	100049d0 <tud_task_ext+0x608>
10004732:	787b      	ldrb	r3, [r7, #1]
10004734:	2b00      	cmp	r3, #0
10004736:	f040 81be 	bne.w	10004ab6 <tud_task_ext+0x6ee>
1000473a:	707e      	strb	r6, [r7, #1]
1000473c:	2e00      	cmp	r6, #0
1000473e:	f000 8145 	beq.w	100049cc <tud_task_ext+0x604>
10004742:	1e70      	subs	r0, r6, #1
10004744:	b2c0      	uxtb	r0, r0
10004746:	f7ff fad9 	bl	10003cfc <tud_descriptor_configuration_cb>
1000474a:	4603      	mov	r3, r0
1000474c:	2800      	cmp	r0, #0
1000474e:	f000 815f 	beq.w	10004a10 <tud_task_ext+0x648>
10004752:	7842      	ldrb	r2, [r0, #1]
10004754:	2a02      	cmp	r2, #2
10004756:	f040 815b 	bne.w	10004a10 <tud_task_ext+0x648>
1000475a:	79c1      	ldrb	r1, [r0, #7]
1000475c:	f103 0609 	add.w	r6, r3, #9
10004760:	f3c1 1240 	ubfx	r2, r1, #5, #1
10004764:	0112      	lsls	r2, r2, #4
10004766:	f3c1 1180 	ubfx	r1, r1, #6, #1
1000476a:	ea42 1241 	orr.w	r2, r2, r1, lsl #5
1000476e:	4631      	mov	r1, r6
10004770:	7838      	ldrb	r0, [r7, #0]
10004772:	f020 0030 	bic.w	r0, r0, #48	@ 0x30
10004776:	4302      	orrs	r2, r0
10004778:	703a      	strb	r2, [r7, #0]
1000477a:	885a      	ldrh	r2, [r3, #2]
1000477c:	f8cd 800c 	str.w	r8, [sp, #12]
10004780:	189a      	adds	r2, r3, r2
10004782:	9201      	str	r2, [sp, #4]
10004784:	9b01      	ldr	r3, [sp, #4]
10004786:	428b      	cmp	r3, r1
10004788:	f240 81a4 	bls.w	10004ad4 <tud_task_ext+0x70c>
1000478c:	784a      	ldrb	r2, [r1, #1]
1000478e:	2a0b      	cmp	r2, #11
10004790:	f000 81af 	beq.w	10004af2 <tud_task_ext+0x72a>
10004794:	2301      	movs	r3, #1
10004796:	2a04      	cmp	r2, #4
10004798:	f040 813a 	bne.w	10004a10 <tud_task_ext+0x648>
1000479c:	2600      	movs	r6, #0
1000479e:	9a01      	ldr	r2, [sp, #4]
100047a0:	9600      	str	r6, [sp, #0]
100047a2:	1a52      	subs	r2, r2, r1
100047a4:	b292      	uxth	r2, r2
100047a6:	9202      	str	r2, [sp, #8]
100047a8:	4a6e      	ldr	r2, [pc, #440]	@ (10004964 <tud_task_ext+0x59c>)
100047aa:	9304      	str	r3, [sp, #16]
100047ac:	7812      	ldrb	r2, [r2, #0]
100047ae:	e01d      	b.n	100047ec <tud_task_ext+0x424>
100047b0:	4b6e      	ldr	r3, [pc, #440]	@ (1000496c <tud_task_ext+0x5a4>)
100047b2:	681b      	ldr	r3, [r3, #0]
100047b4:	eb13 1846 	adds.w	r8, r3, r6, lsl #5
100047b8:	f000 812a 	beq.w	10004a10 <tud_task_ext+0x648>
100047bc:	9a02      	ldr	r2, [sp, #8]
100047be:	f8d8 3010 	ldr.w	r3, [r8, #16]
100047c2:	9803      	ldr	r0, [sp, #12]
100047c4:	9105      	str	r1, [sp, #20]
100047c6:	4798      	blx	r3
100047c8:	2808      	cmp	r0, #8
100047ca:	4602      	mov	r2, r0
100047cc:	9905      	ldr	r1, [sp, #20]
100047ce:	f106 0301 	add.w	r3, r6, #1
100047d2:	d903      	bls.n	100047dc <tud_task_ext+0x414>
100047d4:	9802      	ldr	r0, [sp, #8]
100047d6:	4290      	cmp	r0, r2
100047d8:	f080 80ff 	bcs.w	100049da <tud_task_ext+0x612>
100047dc:	b2de      	uxtb	r6, r3
100047de:	4b61      	ldr	r3, [pc, #388]	@ (10004964 <tud_task_ext+0x59c>)
100047e0:	9600      	str	r6, [sp, #0]
100047e2:	781a      	ldrb	r2, [r3, #0]
100047e4:	1c53      	adds	r3, r2, #1
100047e6:	429e      	cmp	r6, r3
100047e8:	f300 8112 	bgt.w	10004a10 <tud_task_ext+0x648>
100047ec:	9b00      	ldr	r3, [sp, #0]
100047ee:	42b2      	cmp	r2, r6
100047f0:	eba3 0202 	sub.w	r2, r3, r2
100047f4:	d8dc      	bhi.n	100047b0 <tud_task_ext+0x3e8>
100047f6:	4b5c      	ldr	r3, [pc, #368]	@ (10004968 <tud_task_ext+0x5a0>)
100047f8:	eb03 1842 	add.w	r8, r3, r2, lsl #5
100047fc:	e7de      	b.n	100047bc <tud_task_ext+0x3f4>
100047fe:	787b      	ldrb	r3, [r7, #1]
10004800:	4640      	mov	r0, r8
10004802:	f88d 301a 	strb.w	r3, [sp, #26]
10004806:	f10d 021a 	add.w	r2, sp, #26
1000480a:	2301      	movs	r3, #1
1000480c:	a908      	add	r1, sp, #32
1000480e:	f000 fa83 	bl	10004d18 <tud_control_xfer>
10004812:	e5e9      	b.n	100043e8 <tud_task_ext+0x20>
10004814:	f8bd 0022 	ldrh.w	r0, [sp, #34]	@ 0x22
10004818:	0a03      	lsrs	r3, r0, #8
1000481a:	3b01      	subs	r3, #1
1000481c:	0a02      	lsrs	r2, r0, #8
1000481e:	b2c0      	uxtb	r0, r0
10004820:	2b0e      	cmp	r3, #14
10004822:	f63f aee9 	bhi.w	100045f8 <tud_task_ext+0x230>
10004826:	a101      	add	r1, pc, #4	@ (adr r1, 1000482c <tud_task_ext+0x464>)
10004828:	f851 f023 	ldr.w	pc, [r1, r3, lsl #2]
1000482c:	10004a41 	.word	0x10004a41
10004830:	100048dd 	.word	0x100048dd
10004834:	10004a7d 	.word	0x10004a7d
10004838:	100045f9 	.word	0x100045f9
1000483c:	100045f9 	.word	0x100045f9
10004840:	10004a5f 	.word	0x10004a5f
10004844:	100048dd 	.word	0x100048dd
10004848:	100045f9 	.word	0x100045f9
1000484c:	100045f9 	.word	0x100045f9
10004850:	100045f9 	.word	0x100045f9
10004854:	100045f9 	.word	0x100045f9
10004858:	100045f9 	.word	0x100045f9
1000485c:	100045f9 	.word	0x100045f9
10004860:	100045f9 	.word	0x100045f9
10004864:	10004a33 	.word	0x10004a33
10004868:	a808      	add	r0, sp, #32
1000486a:	f000 fabd 	bl	10004de8 <usbd_control_set_request>
1000486e:	4640      	mov	r0, r8
10004870:	f89d 1022 	ldrb.w	r1, [sp, #34]	@ 0x22
10004874:	f7ff fba2 	bl	10003fbc <dcd_set_address>
10004878:	783b      	ldrb	r3, [r7, #0]
1000487a:	f043 0302 	orr.w	r3, r3, #2
1000487e:	703b      	strb	r3, [r7, #0]
10004880:	e5b2      	b.n	100043e8 <tud_task_ext+0x20>
10004882:	f8bd 3022 	ldrh.w	r3, [sp, #34]	@ 0x22
10004886:	2b01      	cmp	r3, #1
10004888:	f47f aeb6 	bne.w	100045f8 <tud_task_ext+0x230>
1000488c:	783b      	ldrb	r3, [r7, #0]
1000488e:	4640      	mov	r0, r8
10004890:	f023 0308 	bic.w	r3, r3, #8
10004894:	a908      	add	r1, sp, #32
10004896:	703b      	strb	r3, [r7, #0]
10004898:	f000 fa24 	bl	10004ce4 <tud_control_status>
1000489c:	e5a4      	b.n	100043e8 <tud_task_ext+0x20>
1000489e:	4640      	mov	r0, r8
100048a0:	783b      	ldrb	r3, [r7, #0]
100048a2:	089a      	lsrs	r2, r3, #2
100048a4:	f002 0202 	and.w	r2, r2, #2
100048a8:	f3c3 1340 	ubfx	r3, r3, #5, #1
100048ac:	4313      	orrs	r3, r2
100048ae:	f8ad 301a 	strh.w	r3, [sp, #26]
100048b2:	f10d 021a 	add.w	r2, sp, #26
100048b6:	2302      	movs	r3, #2
100048b8:	a908      	add	r1, sp, #32
100048ba:	f000 fa2d 	bl	10004d18 <tud_control_xfer>
100048be:	e593      	b.n	100043e8 <tud_task_ext+0x20>
100048c0:	f8bd 3022 	ldrh.w	r3, [sp, #34]	@ 0x22
100048c4:	2b01      	cmp	r3, #1
100048c6:	f47f ae97 	bne.w	100045f8 <tud_task_ext+0x230>
100048ca:	783b      	ldrb	r3, [r7, #0]
100048cc:	4640      	mov	r0, r8
100048ce:	f043 0308 	orr.w	r3, r3, #8
100048d2:	a908      	add	r1, sp, #32
100048d4:	703b      	strb	r3, [r7, #0]
100048d6:	f000 fa05 	bl	10004ce4 <tud_control_status>
100048da:	e585      	b.n	100043e8 <tud_task_ext+0x20>
100048dc:	2a02      	cmp	r2, #2
100048de:	f43f ae7e 	beq.w	100045de <tud_task_ext+0x216>
100048e2:	f7ff fcdd 	bl	100042a0 <tud_descriptor_other_speed_configuration_cb>
100048e6:	4602      	mov	r2, r0
100048e8:	2800      	cmp	r0, #0
100048ea:	f43f ae85 	beq.w	100045f8 <tud_task_ext+0x230>
100048ee:	4640      	mov	r0, r8
100048f0:	8853      	ldrh	r3, [r2, #2]
100048f2:	a908      	add	r1, sp, #32
100048f4:	f000 fa10 	bl	10004d18 <tud_control_xfer>
100048f8:	2800      	cmp	r0, #0
100048fa:	f47f ad75 	bne.w	100043e8 <tud_task_ext+0x20>
100048fe:	e67b      	b.n	100045f8 <tud_task_ext+0x230>
10004900:	f89d 3024 	ldrb.w	r3, [sp, #36]	@ 0x24
10004904:	2b0f      	cmp	r3, #15
10004906:	f63f ae77 	bhi.w	100045f8 <tud_task_ext+0x230>
1000490a:	4a16      	ldr	r2, [pc, #88]	@ (10004964 <tud_task_ext+0x59c>)
1000490c:	443b      	add	r3, r7
1000490e:	791b      	ldrb	r3, [r3, #4]
10004910:	7812      	ldrb	r2, [r2, #0]
10004912:	4293      	cmp	r3, r2
10004914:	d21d      	bcs.n	10004952 <tud_task_ext+0x58a>
10004916:	4a15      	ldr	r2, [pc, #84]	@ (1000496c <tud_task_ext+0x5a4>)
10004918:	6816      	ldr	r6, [r2, #0]
1000491a:	eb16 1643 	adds.w	r6, r6, r3, lsl #5
1000491e:	f47f aea2 	bne.w	10004666 <tud_task_ext+0x29e>
10004922:	e669      	b.n	100045f8 <tud_task_ext+0x230>
10004924:	2a00      	cmp	r2, #0
10004926:	f47f ae67 	bne.w	100045f8 <tud_task_ext+0x230>
1000492a:	2600      	movs	r6, #0
1000492c:	f89d 2021 	ldrb.w	r2, [sp, #33]	@ 0x21
10004930:	f002 03fd 	and.w	r3, r2, #253	@ 0xfd
10004934:	2b01      	cmp	r3, #1
10004936:	d01b      	beq.n	10004970 <tud_task_ext+0x5a8>
10004938:	2a00      	cmp	r2, #0
1000493a:	f47f ae56 	bne.w	100045ea <tud_task_ext+0x222>
1000493e:	9b01      	ldr	r3, [sp, #4]
10004940:	9a00      	ldr	r2, [sp, #0]
10004942:	443b      	add	r3, r7
10004944:	4413      	add	r3, r2
10004946:	f893 3034 	ldrb.w	r3, [r3, #52]	@ 0x34
1000494a:	4640      	mov	r0, r8
1000494c:	f3c3 0340 	ubfx	r3, r3, #1, #1
10004950:	e7ad      	b.n	100048ae <tud_task_ext+0x4e6>
10004952:	1c51      	adds	r1, r2, #1
10004954:	4299      	cmp	r1, r3
10004956:	f6ff ae4f 	blt.w	100045f8 <tud_task_ext+0x230>
1000495a:	4e03      	ldr	r6, [pc, #12]	@ (10004968 <tud_task_ext+0x5a0>)
1000495c:	1a9b      	subs	r3, r3, r2
1000495e:	eb06 1643 	add.w	r6, r6, r3, lsl #5
10004962:	e680      	b.n	10004666 <tud_task_ext+0x29e>
10004964:	20001e5d 	.word	0x20001e5d
10004968:	100069d4 	.word	0x100069d4
1000496c:	200013b8 	.word	0x200013b8
10004970:	f8bd 3022 	ldrh.w	r3, [sp, #34]	@ 0x22
10004974:	b9b3      	cbnz	r3, 100049a4 <tud_task_ext+0x5dc>
10004976:	2a01      	cmp	r2, #1
10004978:	f899 0000 	ldrb.w	r0, [r9]
1000497c:	f000 8086 	beq.w	10004a8c <tud_task_ext+0x6c4>
10004980:	f7ff fbd8 	bl	10004134 <dcd_edpt_stall>
10004984:	9b01      	ldr	r3, [sp, #4]
10004986:	9a00      	ldr	r2, [sp, #0]
10004988:	443b      	add	r3, r7
1000498a:	4413      	add	r3, r2
1000498c:	f893 2034 	ldrb.w	r2, [r3, #52]	@ 0x34
10004990:	f042 0202 	orr.w	r2, r2, #2
10004994:	f883 2034 	strb.w	r2, [r3, #52]	@ 0x34
10004998:	f893 2034 	ldrb.w	r2, [r3, #52]	@ 0x34
1000499c:	f042 0201 	orr.w	r2, r2, #1
100049a0:	f883 2034 	strb.w	r2, [r3, #52]	@ 0x34
100049a4:	2e00      	cmp	r6, #0
100049a6:	f43f ad1f 	beq.w	100043e8 <tud_task_ext+0x20>
100049aa:	6970      	ldr	r0, [r6, #20]
100049ac:	f000 fa16 	bl	10004ddc <usbd_control_set_complete_callback>
100049b0:	6973      	ldr	r3, [r6, #20]
100049b2:	2101      	movs	r1, #1
100049b4:	aa08      	add	r2, sp, #32
100049b6:	4640      	mov	r0, r8
100049b8:	4798      	blx	r3
100049ba:	2000      	movs	r0, #0
100049bc:	f000 fa0e 	bl	10004ddc <usbd_control_set_complete_callback>
100049c0:	f897 3035 	ldrb.w	r3, [r7, #53]	@ 0x35
100049c4:	07df      	lsls	r7, r3, #31
100049c6:	f53f ad0f 	bmi.w	100043e8 <tud_task_ext+0x20>
100049ca:	e696      	b.n	100046fa <tud_task_ext+0x332>
100049cc:	f7ff fc6c 	bl	100042a8 <tud_umount_cb>
100049d0:	4640      	mov	r0, r8
100049d2:	a908      	add	r1, sp, #32
100049d4:	f000 f986 	bl	10004ce4 <tud_control_status>
100049d8:	e506      	b.n	100043e8 <tud_task_ext+0x20>
100049da:	9b04      	ldr	r3, [sp, #16]
100049dc:	2b01      	cmp	r3, #1
100049de:	f000 809e 	beq.w	10004b1e <tud_task_ext+0x756>
100049e2:	2b00      	cmp	r3, #0
100049e4:	f000 808a 	beq.w	10004afc <tud_task_ext+0x734>
100049e8:	2000      	movs	r0, #0
100049ea:	f891 8002 	ldrb.w	r8, [r1, #2]
100049ee:	e005      	b.n	100049fc <tud_task_ext+0x634>
100049f0:	f88c 6004 	strb.w	r6, [ip, #4]
100049f4:	fa5f fc80 	uxtb.w	ip, r0
100049f8:	4563      	cmp	r3, ip
100049fa:	d97f      	bls.n	10004afc <tud_task_ext+0x734>
100049fc:	eb08 0c00 	add.w	ip, r8, r0
10004a00:	fa57 fc8c 	uxtab	ip, r7, ip
10004a04:	f89c e004 	ldrb.w	lr, [ip, #4]
10004a08:	3001      	adds	r0, #1
10004a0a:	f1be 0fff 	cmp.w	lr, #255	@ 0xff
10004a0e:	d0ef      	beq.n	100049f0 <tud_task_ext+0x628>
10004a10:	f04f 23e0 	mov.w	r3, #3758153728	@ 0xe000e000
10004a14:	f8d3 3df0 	ldr.w	r3, [r3, #3568]	@ 0xdf0
10004a18:	07da      	lsls	r2, r3, #31
10004a1a:	d500      	bpl.n	10004a1e <tud_task_ext+0x656>
10004a1c:	be00      	bkpt	0x0000
10004a1e:	f04f 23e0 	mov.w	r3, #3758153728	@ 0xe000e000
10004a22:	f8d3 3df0 	ldr.w	r3, [r3, #3568]	@ 0xdf0
10004a26:	07db      	lsls	r3, r3, #31
10004a28:	d500      	bpl.n	10004a2c <tud_task_ext+0x664>
10004a2a:	be00      	bkpt	0x0000
10004a2c:	2300      	movs	r3, #0
10004a2e:	707b      	strb	r3, [r7, #1]
10004a30:	e5e2      	b.n	100045f8 <tud_task_ext+0x230>
10004a32:	f7fe ff23 	bl	1000387c <tud_descriptor_bos_cb>
10004a36:	4602      	mov	r2, r0
10004a38:	2800      	cmp	r0, #0
10004a3a:	f47f af58 	bne.w	100048ee <tud_task_ext+0x526>
10004a3e:	e5db      	b.n	100045f8 <tud_task_ext+0x230>
10004a40:	f7ff f958 	bl	10003cf4 <tud_descriptor_device_cb>
10004a44:	4602      	mov	r2, r0
10004a46:	2800      	cmp	r0, #0
10004a48:	f43f adcf 	beq.w	100045ea <tud_task_ext+0x222>
10004a4c:	4640      	mov	r0, r8
10004a4e:	2312      	movs	r3, #18
10004a50:	a908      	add	r1, sp, #32
10004a52:	f000 f961 	bl	10004d18 <tud_control_xfer>
10004a56:	2800      	cmp	r0, #0
10004a58:	f47f acc6 	bne.w	100043e8 <tud_task_ext+0x20>
10004a5c:	e5cc      	b.n	100045f8 <tud_task_ext+0x230>
10004a5e:	f7ff fc1d 	bl	1000429c <tud_descriptor_device_qualifier_cb>
10004a62:	4602      	mov	r2, r0
10004a64:	2800      	cmp	r0, #0
10004a66:	f43f adc7 	beq.w	100045f8 <tud_task_ext+0x230>
10004a6a:	4640      	mov	r0, r8
10004a6c:	7813      	ldrb	r3, [r2, #0]
10004a6e:	a908      	add	r1, sp, #32
10004a70:	f000 f952 	bl	10004d18 <tud_control_xfer>
10004a74:	2800      	cmp	r0, #0
10004a76:	f47f acb7 	bne.w	100043e8 <tud_task_ext+0x20>
10004a7a:	e5bd      	b.n	100045f8 <tud_task_ext+0x230>
10004a7c:	f8bd 1024 	ldrh.w	r1, [sp, #36]	@ 0x24
10004a80:	f7ff f940 	bl	10003d04 <tud_descriptor_string_cb>
10004a84:	4602      	mov	r2, r0
10004a86:	2800      	cmp	r0, #0
10004a88:	d1ef      	bne.n	10004a6a <tud_task_ext+0x6a2>
10004a8a:	e5b5      	b.n	100045f8 <tud_task_ext+0x230>
10004a8c:	9302      	str	r3, [sp, #8]
10004a8e:	f7ff fb69 	bl	10004164 <dcd_edpt_clear_stall>
10004a92:	9a01      	ldr	r2, [sp, #4]
10004a94:	9b00      	ldr	r3, [sp, #0]
10004a96:	443a      	add	r2, r7
10004a98:	441a      	add	r2, r3
10004a9a:	f892 1034 	ldrb.w	r1, [r2, #52]	@ 0x34
10004a9e:	9b02      	ldr	r3, [sp, #8]
10004aa0:	f363 0141 	bfi	r1, r3, #1, #1
10004aa4:	f882 1034 	strb.w	r1, [r2, #52]	@ 0x34
10004aa8:	f892 1034 	ldrb.w	r1, [r2, #52]	@ 0x34
10004aac:	f363 0100 	bfi	r1, r3, #0, #1
10004ab0:	f882 1034 	strb.w	r1, [r2, #52]	@ 0x34
10004ab4:	e776      	b.n	100049a4 <tud_task_ext+0x5dc>
10004ab6:	2100      	movs	r1, #0
10004ab8:	4640      	mov	r0, r8
10004aba:	f7ff fa87 	bl	10003fcc <dcd_sof_enable>
10004abe:	4640      	mov	r0, r8
10004ac0:	f7ff fb22 	bl	10004108 <dcd_edpt_close_all>
10004ac4:	78bb      	ldrb	r3, [r7, #2]
10004ac6:	4640      	mov	r0, r8
10004ac8:	9300      	str	r3, [sp, #0]
10004aca:	f7ff fb9d 	bl	10004208 <configuration_reset>
10004ace:	9b00      	ldr	r3, [sp, #0]
10004ad0:	70bb      	strb	r3, [r7, #2]
10004ad2:	e632      	b.n	1000473a <tud_task_ext+0x372>
10004ad4:	f8dd 800c 	ldr.w	r8, [sp, #12]
10004ad8:	f7ff fbe4 	bl	100042a4 <tud_mount_cb>
10004adc:	e778      	b.n	100049d0 <tud_task_ext+0x608>
10004ade:	4640      	mov	r0, r8
10004ae0:	2301      	movs	r3, #1
10004ae2:	a908      	add	r1, sp, #32
10004ae4:	f10d 021a 	add.w	r2, sp, #26
10004ae8:	f88d 601a 	strb.w	r6, [sp, #26]
10004aec:	f000 f914 	bl	10004d18 <tud_control_xfer>
10004af0:	e47a      	b.n	100043e8 <tud_task_ext+0x20>
10004af2:	780a      	ldrb	r2, [r1, #0]
10004af4:	78cb      	ldrb	r3, [r1, #3]
10004af6:	4411      	add	r1, r2
10004af8:	784a      	ldrb	r2, [r1, #1]
10004afa:	e64c      	b.n	10004796 <tud_task_ext+0x3ce>
10004afc:	4633      	mov	r3, r6
10004afe:	4810      	ldr	r0, [pc, #64]	@ (10004b40 <tud_task_ext+0x778>)
10004b00:	9204      	str	r2, [sp, #16]
10004b02:	9102      	str	r1, [sp, #8]
10004b04:	f000 fe76 	bl	100057f4 <tu_edpt_bind_driver>
10004b08:	4b0e      	ldr	r3, [pc, #56]	@ (10004b44 <tud_task_ext+0x77c>)
10004b0a:	9a04      	ldr	r2, [sp, #16]
10004b0c:	9902      	ldr	r1, [sp, #8]
10004b0e:	781b      	ldrb	r3, [r3, #0]
10004b10:	4411      	add	r1, r2
10004b12:	9a00      	ldr	r2, [sp, #0]
10004b14:	3301      	adds	r3, #1
10004b16:	4293      	cmp	r3, r2
10004b18:	f6bf ae34 	bge.w	10004784 <tud_task_ext+0x3bc>
10004b1c:	e778      	b.n	10004a10 <tud_task_ext+0x648>
10004b1e:	f8d8 c010 	ldr.w	ip, [r8, #16]
10004b22:	4809      	ldr	r0, [pc, #36]	@ (10004b48 <tud_task_ext+0x780>)
10004b24:	4584      	cmp	ip, r0
10004b26:	bf08      	it	eq
10004b28:	2302      	moveq	r3, #2
10004b2a:	e75d      	b.n	100049e8 <tud_task_ext+0x620>
10004b2c:	f04f 23e0 	mov.w	r3, #3758153728	@ 0xe000e000
10004b30:	f8d3 3df0 	ldr.w	r3, [r3, #3568]	@ 0xdf0
10004b34:	07db      	lsls	r3, r3, #31
10004b36:	f57f ac57 	bpl.w	100043e8 <tud_task_ext+0x20>
10004b3a:	be00      	bkpt	0x0000
10004b3c:	e454      	b.n	100043e8 <tud_task_ext+0x20>
10004b3e:	bf00      	nop
10004b40:	2000159c 	.word	0x2000159c
10004b44:	20001e5d 	.word	0x20001e5d
10004b48:	10005215 	.word	0x10005215

10004b4c <usbd_open_edpt_pair>:
10004b4c:	e92d 4ff8 	stmdb	sp!, {r3, r4, r5, r6, r7, r8, r9, sl, fp, lr}
10004b50:	9f0a      	ldr	r7, [sp, #40]	@ 0x28
10004b52:	2a00      	cmp	r2, #0
10004b54:	d040      	beq.n	10004bd8 <usbd_open_edpt_pair+0x8c>
10004b56:	460c      	mov	r4, r1
10004b58:	461e      	mov	r6, r3
10004b5a:	4615      	mov	r5, r2
10004b5c:	f04f 0a00 	mov.w	sl, #0
10004b60:	f8df 907c 	ldr.w	r9, [pc, #124]	@ 10004be0 <usbd_open_edpt_pair+0x94>
10004b64:	f8df 807c 	ldr.w	r8, [pc, #124]	@ 10004be4 <usbd_open_edpt_pair+0x98>
10004b68:	e018      	b.n	10004b9c <usbd_open_edpt_pair+0x50>
10004b6a:	4620      	mov	r0, r4
10004b6c:	f898 1002 	ldrb.w	r1, [r8, #2]
10004b70:	f899 b000 	ldrb.w	fp, [r9]
10004b74:	f000 fe0e 	bl	10005794 <tu_edpt_validate>
10004b78:	b1e0      	cbz	r0, 10004bb4 <usbd_open_edpt_pair+0x68>
10004b7a:	4621      	mov	r1, r4
10004b7c:	4658      	mov	r0, fp
10004b7e:	f7ff fa41 	bl	10004004 <dcd_edpt_open>
10004b82:	b1f0      	cbz	r0, 10004bc2 <usbd_open_edpt_pair+0x76>
10004b84:	78a2      	ldrb	r2, [r4, #2]
10004b86:	f10a 0a01 	add.w	sl, sl, #1
10004b8a:	09d1      	lsrs	r1, r2, #7
10004b8c:	bf16      	itet	ne
10004b8e:	9b0b      	ldrne	r3, [sp, #44]	@ 0x2c
10004b90:	703a      	strbeq	r2, [r7, #0]
10004b92:	701a      	strbne	r2, [r3, #0]
10004b94:	7822      	ldrb	r2, [r4, #0]
10004b96:	45aa      	cmp	sl, r5
10004b98:	4414      	add	r4, r2
10004b9a:	d01d      	beq.n	10004bd8 <usbd_open_edpt_pair+0x8c>
10004b9c:	7862      	ldrb	r2, [r4, #1]
10004b9e:	2a05      	cmp	r2, #5
10004ba0:	d10f      	bne.n	10004bc2 <usbd_open_edpt_pair+0x76>
10004ba2:	78e1      	ldrb	r1, [r4, #3]
10004ba4:	f001 0103 	and.w	r1, r1, #3
10004ba8:	42b1      	cmp	r1, r6
10004baa:	d10a      	bne.n	10004bc2 <usbd_open_edpt_pair+0x76>
10004bac:	78a2      	ldrb	r2, [r4, #2]
10004bae:	f012 0f70 	tst.w	r2, #112	@ 0x70
10004bb2:	d0da      	beq.n	10004b6a <usbd_open_edpt_pair+0x1e>
10004bb4:	f04f 23e0 	mov.w	r3, #3758153728	@ 0xe000e000
10004bb8:	f8d3 3df0 	ldr.w	r3, [r3, #3568]	@ 0xdf0
10004bbc:	07da      	lsls	r2, r3, #31
10004bbe:	d500      	bpl.n	10004bc2 <usbd_open_edpt_pair+0x76>
10004bc0:	be00      	bkpt	0x0000
10004bc2:	f04f 23e0 	mov.w	r3, #3758153728	@ 0xe000e000
10004bc6:	f8d3 3df0 	ldr.w	r3, [r3, #3568]	@ 0xdf0
10004bca:	07db      	lsls	r3, r3, #31
10004bcc:	d402      	bmi.n	10004bd4 <usbd_open_edpt_pair+0x88>
10004bce:	2000      	movs	r0, #0
10004bd0:	e8bd 8ff8 	ldmia.w	sp!, {r3, r4, r5, r6, r7, r8, r9, sl, fp, pc}
10004bd4:	be00      	bkpt	0x0000
10004bd6:	e7fa      	b.n	10004bce <usbd_open_edpt_pair+0x82>
10004bd8:	2001      	movs	r0, #1
10004bda:	e8bd 8ff8 	ldmia.w	sp!, {r3, r4, r5, r6, r7, r8, r9, sl, fp, pc}
10004bde:	bf00      	nop
10004be0:	20001218 	.word	0x20001218
10004be4:	20001588 	.word	0x20001588

10004be8 <usbd_edpt_open>:
10004be8:	b538      	push	{r3, r4, r5, lr}
10004bea:	788b      	ldrb	r3, [r1, #2]
10004bec:	f013 0f70 	tst.w	r3, #112	@ 0x70
10004bf0:	d008      	beq.n	10004c04 <usbd_edpt_open+0x1c>
10004bf2:	f04f 23e0 	mov.w	r3, #3758153728	@ 0xe000e000
10004bf6:	f8d3 3df0 	ldr.w	r3, [r3, #3568]	@ 0xdf0
10004bfa:	07db      	lsls	r3, r3, #31
10004bfc:	d500      	bpl.n	10004c00 <usbd_edpt_open+0x18>
10004bfe:	be00      	bkpt	0x0000
10004c00:	2000      	movs	r0, #0
10004c02:	bd38      	pop	{r3, r4, r5, pc}
10004c04:	4a07      	ldr	r2, [pc, #28]	@ (10004c24 <usbd_edpt_open+0x3c>)
10004c06:	4b08      	ldr	r3, [pc, #32]	@ (10004c28 <usbd_edpt_open+0x40>)
10004c08:	460c      	mov	r4, r1
10004c0a:	4608      	mov	r0, r1
10004c0c:	7891      	ldrb	r1, [r2, #2]
10004c0e:	781d      	ldrb	r5, [r3, #0]
10004c10:	f000 fdc0 	bl	10005794 <tu_edpt_validate>
10004c14:	2800      	cmp	r0, #0
10004c16:	d0ec      	beq.n	10004bf2 <usbd_edpt_open+0xa>
10004c18:	4621      	mov	r1, r4
10004c1a:	4628      	mov	r0, r5
10004c1c:	e8bd 4038 	ldmia.w	sp!, {r3, r4, r5, lr}
10004c20:	f7ff b9f0 	b.w	10004004 <dcd_edpt_open>
10004c24:	20001588 	.word	0x20001588
10004c28:	20001218 	.word	0x20001218

10004c2c <usbd_edpt_claim>:
10004c2c:	460b      	mov	r3, r1
10004c2e:	4a06      	ldr	r2, [pc, #24]	@ (10004c48 <usbd_edpt_claim+0x1c>)
10004c30:	4806      	ldr	r0, [pc, #24]	@ (10004c4c <usbd_edpt_claim+0x20>)
10004c32:	6811      	ldr	r1, [r2, #0]
10004c34:	09da      	lsrs	r2, r3, #7
10004c36:	3234      	adds	r2, #52	@ 0x34
10004c38:	f003 037f 	and.w	r3, r3, #127	@ 0x7f
10004c3c:	eb02 0343 	add.w	r3, r2, r3, lsl #1
10004c40:	4418      	add	r0, r3
10004c42:	f000 bd61 	b.w	10005708 <tu_edpt_claim>
10004c46:	bf00      	nop
10004c48:	200015dc 	.word	0x200015dc
10004c4c:	20001588 	.word	0x20001588

10004c50 <usbd_edpt_release>:
10004c50:	460b      	mov	r3, r1
10004c52:	4a06      	ldr	r2, [pc, #24]	@ (10004c6c <usbd_edpt_release+0x1c>)
10004c54:	4806      	ldr	r0, [pc, #24]	@ (10004c70 <usbd_edpt_release+0x20>)
10004c56:	6811      	ldr	r1, [r2, #0]
10004c58:	09da      	lsrs	r2, r3, #7
10004c5a:	3234      	adds	r2, #52	@ 0x34
10004c5c:	f003 037f 	and.w	r3, r3, #127	@ 0x7f
10004c60:	eb02 0343 	add.w	r3, r2, r3, lsl #1
10004c64:	4418      	add	r0, r3
10004c66:	f000 bd79 	b.w	1000575c <tu_edpt_release>
10004c6a:	bf00      	nop
10004c6c:	200015dc 	.word	0x200015dc
10004c70:	20001588 	.word	0x20001588

10004c74 <usbd_edpt_xfer>:
10004c74:	b510      	push	{r4, lr}
10004c76:	4819      	ldr	r0, [pc, #100]	@ (10004cdc <usbd_edpt_xfer+0x68>)
10004c78:	f001 0c7f 	and.w	ip, r1, #127	@ 0x7f
10004c7c:	eb00 004c 	add.w	r0, r0, ip, lsl #1
10004c80:	eb00 10d1 	add.w	r0, r0, r1, lsr #7
10004c84:	f890 c034 	ldrb.w	ip, [r0, #52]	@ 0x34
10004c88:	f01c 0f01 	tst.w	ip, #1
10004c8c:	d008      	beq.n	10004ca0 <usbd_edpt_xfer+0x2c>
10004c8e:	f04f 23e0 	mov.w	r3, #3758153728	@ 0xe000e000
10004c92:	f8d3 3df0 	ldr.w	r3, [r3, #3568]	@ 0xdf0
10004c96:	07da      	lsls	r2, r3, #31
10004c98:	d500      	bpl.n	10004c9c <usbd_edpt_xfer+0x28>
10004c9a:	be00      	bkpt	0x0000
10004c9c:	2000      	movs	r0, #0
10004c9e:	bd10      	pop	{r4, pc}
10004ca0:	f100 0430 	add.w	r4, r0, #48	@ 0x30
10004ca4:	f894 c004 	ldrb.w	ip, [r4, #4]
10004ca8:	480d      	ldr	r0, [pc, #52]	@ (10004ce0 <usbd_edpt_xfer+0x6c>)
10004caa:	f04c 0c01 	orr.w	ip, ip, #1
10004cae:	7800      	ldrb	r0, [r0, #0]
10004cb0:	f884 c004 	strb.w	ip, [r4, #4]
10004cb4:	f7ff fa2a 	bl	1000410c <dcd_edpt_xfer>
10004cb8:	2800      	cmp	r0, #0
10004cba:	d1f0      	bne.n	10004c9e <usbd_edpt_xfer+0x2a>
10004cbc:	f04f 21e0 	mov.w	r1, #3758153728	@ 0xe000e000
10004cc0:	7922      	ldrb	r2, [r4, #4]
10004cc2:	f360 0200 	bfi	r2, r0, #0, #1
10004cc6:	7122      	strb	r2, [r4, #4]
10004cc8:	7922      	ldrb	r2, [r4, #4]
10004cca:	f360 0282 	bfi	r2, r0, #2, #1
10004cce:	7122      	strb	r2, [r4, #4]
10004cd0:	f8d1 3df0 	ldr.w	r3, [r1, #3568]	@ 0xdf0
10004cd4:	07db      	lsls	r3, r3, #31
10004cd6:	d5e1      	bpl.n	10004c9c <usbd_edpt_xfer+0x28>
10004cd8:	be00      	bkpt	0x0000
10004cda:	e7df      	b.n	10004c9c <usbd_edpt_xfer+0x28>
10004cdc:	20001588 	.word	0x20001588
10004ce0:	20001218 	.word	0x20001218

10004ce4 <tud_control_status>:
10004ce4:	b530      	push	{r4, r5, lr}
10004ce6:	4c0b      	ldr	r4, [pc, #44]	@ (10004d14 <tud_control_status+0x30>)
10004ce8:	468c      	mov	ip, r1
10004cea:	46a6      	mov	lr, r4
10004cec:	4605      	mov	r5, r0
10004cee:	6808      	ldr	r0, [r1, #0]
10004cf0:	6849      	ldr	r1, [r1, #4]
10004cf2:	2300      	movs	r3, #0
10004cf4:	e8ae 0003 	stmia.w	lr!, {r0, r1}
10004cf8:	f89c 1000 	ldrb.w	r1, [ip]
10004cfc:	4628      	mov	r0, r5
10004cfe:	43c9      	mvns	r1, r1
10004d00:	e9c4 3302 	strd	r3, r3, [r4, #8]
10004d04:	e8bd 4030 	ldmia.w	sp!, {r4, r5, lr}
10004d08:	461a      	mov	r2, r3
10004d0a:	f001 0180 	and.w	r1, r1, #128	@ 0x80
10004d0e:	f7ff bfb1 	b.w	10004c74 <usbd_edpt_xfer>
10004d12:	bf00      	nop
10004d14:	20001548 	.word	0x20001548

10004d18 <tud_control_xfer>:
10004d18:	e92d 41f0 	stmdb	sp!, {r4, r5, r6, r7, r8, lr}
10004d1c:	4f28      	ldr	r7, [pc, #160]	@ (10004dc0 <tud_control_xfer+0xa8>)
10004d1e:	f04f 0800 	mov.w	r8, #0
10004d22:	46be      	mov	lr, r7
10004d24:	468c      	mov	ip, r1
10004d26:	4606      	mov	r6, r0
10004d28:	6808      	ldr	r0, [r1, #0]
10004d2a:	6849      	ldr	r1, [r1, #4]
10004d2c:	60ba      	str	r2, [r7, #8]
10004d2e:	e8ae 0003 	stmia.w	lr!, {r0, r1}
10004d32:	f8a7 800e 	strh.w	r8, [r7, #14]
10004d36:	4615      	mov	r5, r2
10004d38:	f8bc 2006 	ldrh.w	r2, [ip, #6]
10004d3c:	4293      	cmp	r3, r2
10004d3e:	bf28      	it	cs
10004d40:	4613      	movcs	r3, r2
10004d42:	81bb      	strh	r3, [r7, #12]
10004d44:	b19a      	cbz	r2, 10004d6e <tud_control_xfer+0x56>
10004d46:	461c      	mov	r4, r3
10004d48:	b333      	cbz	r3, 10004d98 <tud_control_xfer+0x80>
10004d4a:	b1dd      	cbz	r5, 10004d84 <tud_control_xfer+0x6c>
10004d4c:	f997 3000 	ldrsb.w	r3, [r7]
10004d50:	2c40      	cmp	r4, #64	@ 0x40
10004d52:	bf28      	it	cs
10004d54:	2440      	movcs	r4, #64	@ 0x40
10004d56:	2b00      	cmp	r3, #0
10004d58:	db29      	blt.n	10004dae <tud_control_xfer+0x96>
10004d5a:	4641      	mov	r1, r8
10004d5c:	4623      	mov	r3, r4
10004d5e:	4630      	mov	r0, r6
10004d60:	4a18      	ldr	r2, [pc, #96]	@ (10004dc4 <tud_control_xfer+0xac>)
10004d62:	f7ff ff87 	bl	10004c74 <usbd_edpt_xfer>
10004d66:	b168      	cbz	r0, 10004d84 <tud_control_xfer+0x6c>
10004d68:	2001      	movs	r0, #1
10004d6a:	e8bd 81f0 	ldmia.w	sp!, {r4, r5, r6, r7, r8, pc}
10004d6e:	f89c 1000 	ldrb.w	r1, [ip]
10004d72:	4613      	mov	r3, r2
10004d74:	43c9      	mvns	r1, r1
10004d76:	4630      	mov	r0, r6
10004d78:	f001 0180 	and.w	r1, r1, #128	@ 0x80
10004d7c:	f7ff ff7a 	bl	10004c74 <usbd_edpt_xfer>
10004d80:	2800      	cmp	r0, #0
10004d82:	d1f1      	bne.n	10004d68 <tud_control_xfer+0x50>
10004d84:	f04f 23e0 	mov.w	r3, #3758153728	@ 0xe000e000
10004d88:	f8d3 3df0 	ldr.w	r3, [r3, #3568]	@ 0xdf0
10004d8c:	07db      	lsls	r3, r3, #31
10004d8e:	d500      	bpl.n	10004d92 <tud_control_xfer+0x7a>
10004d90:	be00      	bkpt	0x0000
10004d92:	2000      	movs	r0, #0
10004d94:	e8bd 81f0 	ldmia.w	sp!, {r4, r5, r6, r7, r8, pc}
10004d98:	461a      	mov	r2, r3
10004d9a:	7839      	ldrb	r1, [r7, #0]
10004d9c:	f001 0180 	and.w	r1, r1, #128	@ 0x80
10004da0:	4623      	mov	r3, r4
10004da2:	4630      	mov	r0, r6
10004da4:	f7ff ff66 	bl	10004c74 <usbd_edpt_xfer>
10004da8:	2800      	cmp	r0, #0
10004daa:	d1dd      	bne.n	10004d68 <tud_control_xfer+0x50>
10004dac:	e7ea      	b.n	10004d84 <tud_control_xfer+0x6c>
10004dae:	4622      	mov	r2, r4
10004db0:	4629      	mov	r1, r5
10004db2:	4804      	ldr	r0, [pc, #16]	@ (10004dc4 <tud_control_xfer+0xac>)
10004db4:	f001 fae8 	bl	10006388 <memcpy>
10004db8:	2180      	movs	r1, #128	@ 0x80
10004dba:	4a02      	ldr	r2, [pc, #8]	@ (10004dc4 <tud_control_xfer+0xac>)
10004dbc:	e7f0      	b.n	10004da0 <tud_control_xfer+0x88>
10004dbe:	bf00      	nop
10004dc0:	20001548 	.word	0x20001548
10004dc4:	20001508 	.word	0x20001508

10004dc8 <usbd_control_reset>:
10004dc8:	2200      	movs	r2, #0
10004dca:	4b03      	ldr	r3, [pc, #12]	@ (10004dd8 <usbd_control_reset+0x10>)
10004dcc:	e9c3 2200 	strd	r2, r2, [r3]
10004dd0:	e9c3 2202 	strd	r2, r2, [r3, #8]
10004dd4:	611a      	str	r2, [r3, #16]
10004dd6:	4770      	bx	lr
10004dd8:	20001548 	.word	0x20001548

10004ddc <usbd_control_set_complete_callback>:
10004ddc:	4b01      	ldr	r3, [pc, #4]	@ (10004de4 <usbd_control_set_complete_callback+0x8>)
10004dde:	6118      	str	r0, [r3, #16]
10004de0:	4770      	bx	lr
10004de2:	bf00      	nop
10004de4:	20001548 	.word	0x20001548

10004de8 <usbd_control_set_request>:
10004de8:	b430      	push	{r4, r5}
10004dea:	4602      	mov	r2, r0
10004dec:	4c04      	ldr	r4, [pc, #16]	@ (10004e00 <usbd_control_set_request+0x18>)
10004dee:	2500      	movs	r5, #0
10004df0:	4623      	mov	r3, r4
10004df2:	6800      	ldr	r0, [r0, #0]
10004df4:	6851      	ldr	r1, [r2, #4]
10004df6:	e9c4 5502 	strd	r5, r5, [r4, #8]
10004dfa:	bc30      	pop	{r4, r5}
10004dfc:	c303      	stmia	r3!, {r0, r1}
10004dfe:	4770      	bx	lr
10004e00:	20001548 	.word	0x20001548

10004e04 <usbd_control_xfer_cb>:
10004e04:	b570      	push	{r4, r5, r6, lr}
10004e06:	4c3d      	ldr	r4, [pc, #244]	@ (10004efc <usbd_control_xfer_cb+0xf8>)
10004e08:	09c9      	lsrs	r1, r1, #7
10004e0a:	7822      	ldrb	r2, [r4, #0]
10004e0c:	4606      	mov	r6, r0
10004e0e:	ebb1 1fd2 	cmp.w	r1, r2, lsr #7
10004e12:	461d      	mov	r5, r3
10004e14:	b082      	sub	sp, #8
10004e16:	d017      	beq.n	10004e48 <usbd_control_xfer_cb+0x44>
10004e18:	b153      	cbz	r3, 10004e30 <usbd_control_xfer_cb+0x2c>
10004e1a:	f04f 23e0 	mov.w	r3, #3758153728	@ 0xe000e000
10004e1e:	f8d3 3df0 	ldr.w	r3, [r3, #3568]	@ 0xdf0
10004e22:	07db      	lsls	r3, r3, #31
10004e24:	d402      	bmi.n	10004e2c <usbd_control_xfer_cb+0x28>
10004e26:	2000      	movs	r0, #0
10004e28:	b002      	add	sp, #8
10004e2a:	bd70      	pop	{r4, r5, r6, pc}
10004e2c:	be00      	bkpt	0x0000
10004e2e:	e7fa      	b.n	10004e26 <usbd_control_xfer_cb+0x22>
10004e30:	4621      	mov	r1, r4
10004e32:	f7ff f8d9 	bl	10003fe8 <dcd_edpt0_status_complete>
10004e36:	6923      	ldr	r3, [r4, #16]
10004e38:	b11b      	cbz	r3, 10004e42 <usbd_control_xfer_cb+0x3e>
10004e3a:	4622      	mov	r2, r4
10004e3c:	2103      	movs	r1, #3
10004e3e:	4630      	mov	r0, r6
10004e40:	4798      	blx	r3
10004e42:	2001      	movs	r0, #1
10004e44:	b002      	add	sp, #8
10004e46:	bd70      	pop	{r4, r5, r6, pc}
10004e48:	f994 3000 	ldrsb.w	r3, [r4]
10004e4c:	2b00      	cmp	r3, #0
10004e4e:	db06      	blt.n	10004e5e <usbd_control_xfer_cb+0x5a>
10004e50:	68a0      	ldr	r0, [r4, #8]
10004e52:	2800      	cmp	r0, #0
10004e54:	d0e7      	beq.n	10004e26 <usbd_control_xfer_cb+0x22>
10004e56:	462a      	mov	r2, r5
10004e58:	4929      	ldr	r1, [pc, #164]	@ (10004f00 <usbd_control_xfer_cb+0xfc>)
10004e5a:	f001 fa95 	bl	10006388 <memcpy>
10004e5e:	89e0      	ldrh	r0, [r4, #14]
10004e60:	68a1      	ldr	r1, [r4, #8]
10004e62:	88e3      	ldrh	r3, [r4, #6]
10004e64:	4428      	add	r0, r5
10004e66:	b280      	uxth	r0, r0
10004e68:	4429      	add	r1, r5
10004e6a:	4283      	cmp	r3, r0
10004e6c:	81e0      	strh	r0, [r4, #14]
10004e6e:	60a1      	str	r1, [r4, #8]
10004e70:	d016      	beq.n	10004ea0 <usbd_control_xfer_cb+0x9c>
10004e72:	2d3f      	cmp	r5, #63	@ 0x3f
10004e74:	d914      	bls.n	10004ea0 <usbd_control_xfer_cb+0x9c>
10004e76:	89a2      	ldrh	r2, [r4, #12]
10004e78:	f994 4000 	ldrsb.w	r4, [r4]
10004e7c:	1a13      	subs	r3, r2, r0
10004e7e:	b29b      	uxth	r3, r3
10004e80:	2b40      	cmp	r3, #64	@ 0x40
10004e82:	bf28      	it	cs
10004e84:	2340      	movcs	r3, #64	@ 0x40
10004e86:	2c00      	cmp	r4, #0
10004e88:	db27      	blt.n	10004eda <usbd_control_xfer_cb+0xd6>
10004e8a:	4290      	cmp	r0, r2
10004e8c:	f04f 0100 	mov.w	r1, #0
10004e90:	d031      	beq.n	10004ef6 <usbd_control_xfer_cb+0xf2>
10004e92:	4a1b      	ldr	r2, [pc, #108]	@ (10004f00 <usbd_control_xfer_cb+0xfc>)
10004e94:	4630      	mov	r0, r6
10004e96:	f7ff feed 	bl	10004c74 <usbd_edpt_xfer>
10004e9a:	2800      	cmp	r0, #0
10004e9c:	d1d1      	bne.n	10004e42 <usbd_control_xfer_cb+0x3e>
10004e9e:	e7bc      	b.n	10004e1a <usbd_control_xfer_cb+0x16>
10004ea0:	6923      	ldr	r3, [r4, #16]
10004ea2:	b123      	cbz	r3, 10004eae <usbd_control_xfer_cb+0xaa>
10004ea4:	2102      	movs	r1, #2
10004ea6:	4630      	mov	r0, r6
10004ea8:	4a14      	ldr	r2, [pc, #80]	@ (10004efc <usbd_control_xfer_cb+0xf8>)
10004eaa:	4798      	blx	r3
10004eac:	b160      	cbz	r0, 10004ec8 <usbd_control_xfer_cb+0xc4>
10004eae:	7821      	ldrb	r1, [r4, #0]
10004eb0:	2300      	movs	r3, #0
10004eb2:	43c9      	mvns	r1, r1
10004eb4:	4630      	mov	r0, r6
10004eb6:	461a      	mov	r2, r3
10004eb8:	f001 0180 	and.w	r1, r1, #128	@ 0x80
10004ebc:	f7ff feda 	bl	10004c74 <usbd_edpt_xfer>
10004ec0:	2800      	cmp	r0, #0
10004ec2:	d0aa      	beq.n	10004e1a <usbd_control_xfer_cb+0x16>
10004ec4:	2001      	movs	r0, #1
10004ec6:	e7bd      	b.n	10004e44 <usbd_control_xfer_cb+0x40>
10004ec8:	4601      	mov	r1, r0
10004eca:	4630      	mov	r0, r6
10004ecc:	f7ff f932 	bl	10004134 <dcd_edpt_stall>
10004ed0:	2180      	movs	r1, #128	@ 0x80
10004ed2:	4630      	mov	r0, r6
10004ed4:	f7ff f92e 	bl	10004134 <dcd_edpt_stall>
10004ed8:	e7b3      	b.n	10004e42 <usbd_control_xfer_cb+0x3e>
10004eda:	4290      	cmp	r0, r2
10004edc:	d008      	beq.n	10004ef0 <usbd_control_xfer_cb+0xec>
10004ede:	461a      	mov	r2, r3
10004ee0:	4807      	ldr	r0, [pc, #28]	@ (10004f00 <usbd_control_xfer_cb+0xfc>)
10004ee2:	9301      	str	r3, [sp, #4]
10004ee4:	f001 fa50 	bl	10006388 <memcpy>
10004ee8:	2180      	movs	r1, #128	@ 0x80
10004eea:	4a05      	ldr	r2, [pc, #20]	@ (10004f00 <usbd_control_xfer_cb+0xfc>)
10004eec:	9b01      	ldr	r3, [sp, #4]
10004eee:	e7d1      	b.n	10004e94 <usbd_control_xfer_cb+0x90>
10004ef0:	2180      	movs	r1, #128	@ 0x80
10004ef2:	2200      	movs	r2, #0
10004ef4:	e7ce      	b.n	10004e94 <usbd_control_xfer_cb+0x90>
10004ef6:	460a      	mov	r2, r1
10004ef8:	e7cc      	b.n	10004e94 <usbd_control_xfer_cb+0x90>
10004efa:	bf00      	nop
10004efc:	20001548 	.word	0x20001548
10004f00:	20001508 	.word	0x20001508

10004f04 <_prep_out_transaction.isra.0>:
10004f04:	e92d 41f0 	stmdb	sp!, {r4, r5, r6, r7, r8, lr}
10004f08:	4604      	mov	r4, r0
10004f0a:	f7ff f9d3 	bl	100042b4 <tud_mounted>
10004f0e:	b908      	cbnz	r0, 10004f14 <_prep_out_transaction.isra.0+0x10>
10004f10:	e8bd 81f0 	ldmia.w	sp!, {r4, r5, r6, r7, r8, pc}
10004f14:	f7ff f9d6 	bl	100042c4 <tud_suspended>
10004f18:	4605      	mov	r5, r0
10004f1a:	2800      	cmp	r0, #0
10004f1c:	d1f8      	bne.n	10004f10 <_prep_out_transaction.isra.0+0xc>
10004f1e:	23c8      	movs	r3, #200	@ 0xc8
10004f20:	fb04 f303 	mul.w	r3, r4, r3
10004f24:	4e12      	ldr	r6, [pc, #72]	@ (10004f70 <_prep_out_transaction.isra.0+0x6c>)
10004f26:	18f7      	adds	r7, r6, r3
10004f28:	78f9      	ldrb	r1, [r7, #3]
10004f2a:	2900      	cmp	r1, #0
10004f2c:	d0f0      	beq.n	10004f10 <_prep_out_transaction.isra.0+0xc>
10004f2e:	3310      	adds	r3, #16
10004f30:	441e      	add	r6, r3
10004f32:	4630      	mov	r0, r6
10004f34:	f000 fdd2 	bl	10005adc <tu_fifo_remaining>
10004f38:	283f      	cmp	r0, #63	@ 0x3f
10004f3a:	d9e9      	bls.n	10004f10 <_prep_out_transaction.isra.0+0xc>
10004f3c:	4628      	mov	r0, r5
10004f3e:	78f9      	ldrb	r1, [r7, #3]
10004f40:	f7ff fe74 	bl	10004c2c <usbd_edpt_claim>
10004f44:	2800      	cmp	r0, #0
10004f46:	d0e3      	beq.n	10004f10 <_prep_out_transaction.isra.0+0xc>
10004f48:	4630      	mov	r0, r6
10004f4a:	f000 fdc7 	bl	10005adc <tu_fifo_remaining>
10004f4e:	283f      	cmp	r0, #63	@ 0x3f
10004f50:	78f9      	ldrb	r1, [r7, #3]
10004f52:	d908      	bls.n	10004f66 <_prep_out_transaction.isra.0+0x62>
10004f54:	4a07      	ldr	r2, [pc, #28]	@ (10004f74 <_prep_out_transaction.isra.0+0x70>)
10004f56:	4628      	mov	r0, r5
10004f58:	eb02 12c4 	add.w	r2, r2, r4, lsl #7
10004f5c:	2340      	movs	r3, #64	@ 0x40
10004f5e:	e8bd 41f0 	ldmia.w	sp!, {r4, r5, r6, r7, r8, lr}
10004f62:	f7ff be87 	b.w	10004c74 <usbd_edpt_xfer>
10004f66:	4628      	mov	r0, r5
10004f68:	e8bd 41f0 	ldmia.w	sp!, {r4, r5, r6, r7, r8, lr}
10004f6c:	f7ff be70 	b.w	10004c50 <usbd_edpt_release>
10004f70:	20001440 	.word	0x20001440
10004f74:	200013bc 	.word	0x200013bc

10004f78 <tud_cdc_n_connected>:
10004f78:	b510      	push	{r4, lr}
10004f7a:	4604      	mov	r4, r0
10004f7c:	f7ff f99a 	bl	100042b4 <tud_mounted>
10004f80:	b908      	cbnz	r0, 10004f86 <tud_cdc_n_connected+0xe>
10004f82:	2000      	movs	r0, #0
10004f84:	bd10      	pop	{r4, pc}
10004f86:	f7ff f99d 	bl	100042c4 <tud_suspended>
10004f8a:	2800      	cmp	r0, #0
10004f8c:	d1f9      	bne.n	10004f82 <tud_cdc_n_connected+0xa>
10004f8e:	22c8      	movs	r2, #200	@ 0xc8
10004f90:	4b03      	ldr	r3, [pc, #12]	@ (10004fa0 <tud_cdc_n_connected+0x28>)
10004f92:	fb02 3304 	mla	r3, r2, r4, r3
10004f96:	7918      	ldrb	r0, [r3, #4]
10004f98:	f000 0001 	and.w	r0, r0, #1
10004f9c:	bd10      	pop	{r4, pc}
10004f9e:	bf00      	nop
10004fa0:	20001440 	.word	0x20001440

10004fa4 <tud_cdc_n_available>:
10004fa4:	22c8      	movs	r2, #200	@ 0xc8
10004fa6:	b508      	push	{r3, lr}
10004fa8:	4b02      	ldr	r3, [pc, #8]	@ (10004fb4 <tud_cdc_n_available+0x10>)
10004faa:	fb02 3000 	mla	r0, r2, r0, r3
10004fae:	f000 fd7b 	bl	10005aa8 <tu_fifo_count>
10004fb2:	bd08      	pop	{r3, pc}
10004fb4:	20001450 	.word	0x20001450

10004fb8 <tud_cdc_n_read>:
10004fb8:	e92d 43f8 	stmdb	sp!, {r3, r4, r5, r6, r7, r8, r9, lr}
10004fbc:	f64f 73ff 	movw	r3, #65535	@ 0xffff
10004fc0:	24c8      	movs	r4, #200	@ 0xc8
10004fc2:	429a      	cmp	r2, r3
10004fc4:	bf28      	it	cs
10004fc6:	461a      	movcs	r2, r3
10004fc8:	fb00 f404 	mul.w	r4, r0, r4
10004fcc:	f8df 8074 	ldr.w	r8, [pc, #116]	@ 10005044 <tud_cdc_n_read+0x8c>
10004fd0:	f104 0510 	add.w	r5, r4, #16
10004fd4:	4445      	add	r5, r8
10004fd6:	4606      	mov	r6, r0
10004fd8:	b292      	uxth	r2, r2
10004fda:	4628      	mov	r0, r5
10004fdc:	f000 fdda 	bl	10005b94 <tu_fifo_read_n>
10004fe0:	4607      	mov	r7, r0
10004fe2:	f7ff f967 	bl	100042b4 <tud_mounted>
10004fe6:	b910      	cbnz	r0, 10004fee <tud_cdc_n_read+0x36>
10004fe8:	4638      	mov	r0, r7
10004fea:	e8bd 83f8 	ldmia.w	sp!, {r3, r4, r5, r6, r7, r8, r9, pc}
10004fee:	f7ff f969 	bl	100042c4 <tud_suspended>
10004ff2:	4681      	mov	r9, r0
10004ff4:	2800      	cmp	r0, #0
10004ff6:	d1f7      	bne.n	10004fe8 <tud_cdc_n_read+0x30>
10004ff8:	44a0      	add	r8, r4
10004ffa:	f898 3003 	ldrb.w	r3, [r8, #3]
10004ffe:	2b00      	cmp	r3, #0
10005000:	d0f2      	beq.n	10004fe8 <tud_cdc_n_read+0x30>
10005002:	4628      	mov	r0, r5
10005004:	f000 fd6a 	bl	10005adc <tu_fifo_remaining>
10005008:	283f      	cmp	r0, #63	@ 0x3f
1000500a:	d9ed      	bls.n	10004fe8 <tud_cdc_n_read+0x30>
1000500c:	4648      	mov	r0, r9
1000500e:	f898 1003 	ldrb.w	r1, [r8, #3]
10005012:	f7ff fe0b 	bl	10004c2c <usbd_edpt_claim>
10005016:	2800      	cmp	r0, #0
10005018:	d0e6      	beq.n	10004fe8 <tud_cdc_n_read+0x30>
1000501a:	4628      	mov	r0, r5
1000501c:	f000 fd5e 	bl	10005adc <tu_fifo_remaining>
10005020:	283f      	cmp	r0, #63	@ 0x3f
10005022:	f898 1003 	ldrb.w	r1, [r8, #3]
10005026:	d907      	bls.n	10005038 <tud_cdc_n_read+0x80>
10005028:	4a05      	ldr	r2, [pc, #20]	@ (10005040 <tud_cdc_n_read+0x88>)
1000502a:	4648      	mov	r0, r9
1000502c:	2340      	movs	r3, #64	@ 0x40
1000502e:	eb02 12c6 	add.w	r2, r2, r6, lsl #7
10005032:	f7ff fe1f 	bl	10004c74 <usbd_edpt_xfer>
10005036:	e7d7      	b.n	10004fe8 <tud_cdc_n_read+0x30>
10005038:	4648      	mov	r0, r9
1000503a:	f7ff fe09 	bl	10004c50 <usbd_edpt_release>
1000503e:	e7d3      	b.n	10004fe8 <tud_cdc_n_read+0x30>
10005040:	200013bc 	.word	0x200013bc
10005044:	20001440 	.word	0x20001440

10005048 <tud_cdc_n_write_flush>:
10005048:	e92d 41f0 	stmdb	sp!, {r4, r5, r6, r7, r8, lr}
1000504c:	4604      	mov	r4, r0
1000504e:	f7ff f931 	bl	100042b4 <tud_mounted>
10005052:	b910      	cbnz	r0, 1000505a <tud_cdc_n_write_flush+0x12>
10005054:	2000      	movs	r0, #0
10005056:	e8bd 81f0 	ldmia.w	sp!, {r4, r5, r6, r7, r8, pc}
1000505a:	f7ff f933 	bl	100042c4 <tud_suspended>
1000505e:	4605      	mov	r5, r0
10005060:	2800      	cmp	r0, #0
10005062:	d1f7      	bne.n	10005054 <tud_cdc_n_write_flush+0xc>
10005064:	26c8      	movs	r6, #200	@ 0xc8
10005066:	fb04 f606 	mul.w	r6, r4, r6
1000506a:	f8df 8064 	ldr.w	r8, [pc, #100]	@ 100050d0 <tud_cdc_n_write_flush+0x88>
1000506e:	f106 0724 	add.w	r7, r6, #36	@ 0x24
10005072:	4447      	add	r7, r8
10005074:	4638      	mov	r0, r7
10005076:	f000 fd17 	bl	10005aa8 <tu_fifo_count>
1000507a:	2800      	cmp	r0, #0
1000507c:	d0ea      	beq.n	10005054 <tud_cdc_n_write_flush+0xc>
1000507e:	44b0      	add	r8, r6
10005080:	4628      	mov	r0, r5
10005082:	f898 1002 	ldrb.w	r1, [r8, #2]
10005086:	f7ff fdd1 	bl	10004c2c <usbd_edpt_claim>
1000508a:	2800      	cmp	r0, #0
1000508c:	d0e2      	beq.n	10005054 <tud_cdc_n_write_flush+0xc>
1000508e:	4e0f      	ldr	r6, [pc, #60]	@ (100050cc <tud_cdc_n_write_flush+0x84>)
10005090:	4638      	mov	r0, r7
10005092:	eb06 16c4 	add.w	r6, r6, r4, lsl #7
10005096:	4631      	mov	r1, r6
10005098:	2240      	movs	r2, #64	@ 0x40
1000509a:	f000 fd7b 	bl	10005b94 <tu_fifo_read_n>
1000509e:	f898 1002 	ldrb.w	r1, [r8, #2]
100050a2:	4604      	mov	r4, r0
100050a4:	b168      	cbz	r0, 100050c2 <tud_cdc_n_write_flush+0x7a>
100050a6:	4603      	mov	r3, r0
100050a8:	4632      	mov	r2, r6
100050aa:	4628      	mov	r0, r5
100050ac:	f7ff fde2 	bl	10004c74 <usbd_edpt_xfer>
100050b0:	b950      	cbnz	r0, 100050c8 <tud_cdc_n_write_flush+0x80>
100050b2:	f04f 23e0 	mov.w	r3, #3758153728	@ 0xe000e000
100050b6:	f8d3 3df0 	ldr.w	r3, [r3, #3568]	@ 0xdf0
100050ba:	07db      	lsls	r3, r3, #31
100050bc:	d5ca      	bpl.n	10005054 <tud_cdc_n_write_flush+0xc>
100050be:	be00      	bkpt	0x0000
100050c0:	e7c8      	b.n	10005054 <tud_cdc_n_write_flush+0xc>
100050c2:	f7ff fdc5 	bl	10004c50 <usbd_edpt_release>
100050c6:	e7c5      	b.n	10005054 <tud_cdc_n_write_flush+0xc>
100050c8:	4620      	mov	r0, r4
100050ca:	e7c4      	b.n	10005056 <tud_cdc_n_write_flush+0xe>
100050cc:	200013fc 	.word	0x200013fc
100050d0:	20001440 	.word	0x20001440

100050d4 <tud_cdc_n_write>:
100050d4:	b538      	push	{r3, r4, r5, lr}
100050d6:	f64f 75ff 	movw	r5, #65535	@ 0xffff
100050da:	23c8      	movs	r3, #200	@ 0xc8
100050dc:	42aa      	cmp	r2, r5
100050de:	bf28      	it	cs
100050e0:	462a      	movcs	r2, r5
100050e2:	4c0b      	ldr	r4, [pc, #44]	@ (10005110 <tud_cdc_n_write+0x3c>)
100050e4:	b292      	uxth	r2, r2
100050e6:	fb03 4400 	mla	r4, r3, r0, r4
100050ea:	4605      	mov	r5, r0
100050ec:	4620      	mov	r0, r4
100050ee:	f000 fe0f 	bl	10005d10 <tu_fifo_write_n>
100050f2:	4603      	mov	r3, r0
100050f4:	4620      	mov	r0, r4
100050f6:	461c      	mov	r4, r3
100050f8:	f000 fcd6 	bl	10005aa8 <tu_fifo_count>
100050fc:	283f      	cmp	r0, #63	@ 0x3f
100050fe:	d801      	bhi.n	10005104 <tud_cdc_n_write+0x30>
10005100:	4620      	mov	r0, r4
10005102:	bd38      	pop	{r3, r4, r5, pc}
10005104:	4628      	mov	r0, r5
10005106:	f7ff ff9f 	bl	10005048 <tud_cdc_n_write_flush>
1000510a:	4620      	mov	r0, r4
1000510c:	bd38      	pop	{r3, r4, r5, pc}
1000510e:	bf00      	nop
10005110:	20001464 	.word	0x20001464

10005114 <tud_cdc_n_write_available>:
10005114:	22c8      	movs	r2, #200	@ 0xc8
10005116:	b508      	push	{r3, lr}
10005118:	4b02      	ldr	r3, [pc, #8]	@ (10005124 <tud_cdc_n_write_available+0x10>)
1000511a:	fb02 3000 	mla	r0, r2, r0, r3
1000511e:	f000 fcdd 	bl	10005adc <tu_fifo_remaining>
10005122:	bd08      	pop	{r3, pc}
10005124:	20001464 	.word	0x20001464

10005128 <cdcd_init>:
10005128:	b5f0      	push	{r4, r5, r6, r7, lr}
1000512a:	2400      	movs	r4, #0
1000512c:	b083      	sub	sp, #12
1000512e:	22c8      	movs	r2, #200	@ 0xc8
10005130:	2100      	movs	r1, #0
10005132:	4817      	ldr	r0, [pc, #92]	@ (10005190 <cdcd_init+0x68>)
10005134:	f001 f8da 	bl	100062ec <memset>
10005138:	23ff      	movs	r3, #255	@ 0xff
1000513a:	f44f 31e1 	mov.w	r1, #115200	@ 0x1c200
1000513e:	2208      	movs	r2, #8
10005140:	4814      	ldr	r0, [pc, #80]	@ (10005194 <cdcd_init+0x6c>)
10005142:	7004      	strb	r4, [r0, #0]
10005144:	4812      	ldr	r0, [pc, #72]	@ (10005190 <cdcd_init+0x68>)
10005146:	9400      	str	r4, [sp, #0]
10005148:	4607      	mov	r7, r0
1000514a:	7143      	strb	r3, [r0, #5]
1000514c:	6081      	str	r1, [r0, #8]
1000514e:	7382      	strb	r2, [r0, #14]
10005150:	f100 0138 	add.w	r1, r0, #56	@ 0x38
10005154:	2301      	movs	r3, #1
10005156:	2240      	movs	r2, #64	@ 0x40
10005158:	3010      	adds	r0, #16
1000515a:	f000 fc75 	bl	10005a48 <tu_fifo_config>
1000515e:	2301      	movs	r3, #1
10005160:	2240      	movs	r2, #64	@ 0x40
10005162:	f107 0178 	add.w	r1, r7, #120	@ 0x78
10005166:	9300      	str	r3, [sp, #0]
10005168:	f107 06b8 	add.w	r6, r7, #184	@ 0xb8
1000516c:	f107 0024 	add.w	r0, r7, #36	@ 0x24
10005170:	f000 fc6a 	bl	10005a48 <tu_fifo_config>
10005174:	f107 05c0 	add.w	r5, r7, #192	@ 0xc0
10005178:	4630      	mov	r0, r6
1000517a:	f7fb fcc1 	bl	10000b00 <mutex_init>
1000517e:	4628      	mov	r0, r5
10005180:	f7fb fcbe 	bl	10000b00 <mutex_init>
10005184:	e9c7 4607 	strd	r4, r6, [r7, #28]
10005188:	e9c7 540c 	strd	r5, r4, [r7, #48]	@ 0x30
1000518c:	b003      	add	sp, #12
1000518e:	bdf0      	pop	{r4, r5, r6, r7, pc}
10005190:	20001440 	.word	0x20001440
10005194:	2000143c 	.word	0x2000143c

10005198 <cdcd_deinit>:
10005198:	4a0a      	ldr	r2, [pc, #40]	@ (100051c4 <cdcd_deinit+0x2c>)
1000519a:	6b11      	ldr	r1, [r2, #48]	@ 0x30
1000519c:	6a13      	ldr	r3, [r2, #32]
1000519e:	b161      	cbz	r1, 100051ba <cdcd_deinit+0x22>
100051a0:	b13b      	cbz	r3, 100051b2 <cdcd_deinit+0x1a>
100051a2:	2300      	movs	r3, #0
100051a4:	e9c2 330c 	strd	r3, r3, [r2, #48]	@ 0x30
100051a8:	61d3      	str	r3, [r2, #28]
100051aa:	2300      	movs	r3, #0
100051ac:	6213      	str	r3, [r2, #32]
100051ae:	2001      	movs	r0, #1
100051b0:	4770      	bx	lr
100051b2:	2001      	movs	r0, #1
100051b4:	e9c2 330c 	strd	r3, r3, [r2, #48]	@ 0x30
100051b8:	4770      	bx	lr
100051ba:	2b00      	cmp	r3, #0
100051bc:	d0f7      	beq.n	100051ae <cdcd_deinit+0x16>
100051be:	61d1      	str	r1, [r2, #28]
100051c0:	e7f3      	b.n	100051aa <cdcd_deinit+0x12>
100051c2:	bf00      	nop
100051c4:	20001440 	.word	0x20001440

100051c8 <cdcd_reset>:
100051c8:	2200      	movs	r2, #0
100051ca:	b510      	push	{r4, lr}
100051cc:	4c0e      	ldr	r4, [pc, #56]	@ (10005208 <cdcd_reset+0x40>)
100051ce:	480f      	ldr	r0, [pc, #60]	@ (1000520c <cdcd_reset+0x44>)
100051d0:	7823      	ldrb	r3, [r4, #0]
100051d2:	6002      	str	r2, [r0, #0]
100051d4:	7102      	strb	r2, [r0, #4]
100051d6:	07da      	lsls	r2, r3, #31
100051d8:	d507      	bpl.n	100051ea <cdcd_reset+0x22>
100051da:	079b      	lsls	r3, r3, #30
100051dc:	d50b      	bpl.n	100051f6 <cdcd_reset+0x2e>
100051de:	e8bd 4010 	ldmia.w	sp!, {r4, lr}
100051e2:	2101      	movs	r1, #1
100051e4:	480a      	ldr	r0, [pc, #40]	@ (10005210 <cdcd_reset+0x48>)
100051e6:	f000 be5d 	b.w	10005ea4 <tu_fifo_set_overwritable>
100051ea:	3010      	adds	r0, #16
100051ec:	f000 fe3e 	bl	10005e6c <tu_fifo_clear>
100051f0:	7823      	ldrb	r3, [r4, #0]
100051f2:	079b      	lsls	r3, r3, #30
100051f4:	d4f3      	bmi.n	100051de <cdcd_reset+0x16>
100051f6:	4806      	ldr	r0, [pc, #24]	@ (10005210 <cdcd_reset+0x48>)
100051f8:	f000 fe38 	bl	10005e6c <tu_fifo_clear>
100051fc:	e8bd 4010 	ldmia.w	sp!, {r4, lr}
10005200:	2101      	movs	r1, #1
10005202:	4803      	ldr	r0, [pc, #12]	@ (10005210 <cdcd_reset+0x48>)
10005204:	f000 be4e 	b.w	10005ea4 <tu_fifo_set_overwritable>
10005208:	2000143c 	.word	0x2000143c
1000520c:	20001440 	.word	0x20001440
10005210:	20001464 	.word	0x20001464

10005214 <cdcd_open>:
10005214:	b5f0      	push	{r4, r5, r6, r7, lr}
10005216:	794b      	ldrb	r3, [r1, #5]
10005218:	b083      	sub	sp, #12
1000521a:	2b02      	cmp	r3, #2
1000521c:	d102      	bne.n	10005224 <cdcd_open+0x10>
1000521e:	798b      	ldrb	r3, [r1, #6]
10005220:	2b02      	cmp	r3, #2
10005222:	d003      	beq.n	1000522c <cdcd_open+0x18>
10005224:	2500      	movs	r5, #0
10005226:	4628      	mov	r0, r5
10005228:	b003      	add	sp, #12
1000522a:	bdf0      	pop	{r4, r5, r6, r7, pc}
1000522c:	4f27      	ldr	r7, [pc, #156]	@ (100052cc <cdcd_open+0xb8>)
1000522e:	78bb      	ldrb	r3, [r7, #2]
10005230:	b13b      	cbz	r3, 10005242 <cdcd_open+0x2e>
10005232:	f04f 23e0 	mov.w	r3, #3758153728	@ 0xe000e000
10005236:	f8d3 3df0 	ldr.w	r3, [r3, #3568]	@ 0xdf0
1000523a:	07db      	lsls	r3, r3, #31
1000523c:	d5f2      	bpl.n	10005224 <cdcd_open+0x10>
1000523e:	be00      	bkpt	0x0000
10005240:	e7f0      	b.n	10005224 <cdcd_open+0x10>
10005242:	788b      	ldrb	r3, [r1, #2]
10005244:	4606      	mov	r6, r0
10005246:	703b      	strb	r3, [r7, #0]
10005248:	780b      	ldrb	r3, [r1, #0]
1000524a:	18cc      	adds	r4, r1, r3
1000524c:	7861      	ldrb	r1, [r4, #1]
1000524e:	2924      	cmp	r1, #36	@ 0x24
10005250:	bf08      	it	eq
10005252:	2509      	moveq	r5, #9
10005254:	d007      	beq.n	10005266 <cdcd_open+0x52>
10005256:	e036      	b.n	100052c6 <cdcd_open+0xb2>
10005258:	7823      	ldrb	r3, [r4, #0]
1000525a:	441c      	add	r4, r3
1000525c:	7861      	ldrb	r1, [r4, #1]
1000525e:	442b      	add	r3, r5
10005260:	2924      	cmp	r1, #36	@ 0x24
10005262:	b29d      	uxth	r5, r3
10005264:	d107      	bne.n	10005276 <cdcd_open+0x62>
10005266:	42aa      	cmp	r2, r5
10005268:	d2f6      	bcs.n	10005258 <cdcd_open+0x44>
1000526a:	2000      	movs	r0, #0
1000526c:	f7ff fe4a 	bl	10004f04 <_prep_out_transaction.isra.0>
10005270:	4628      	mov	r0, r5
10005272:	b003      	add	sp, #12
10005274:	bdf0      	pop	{r4, r5, r6, r7, pc}
10005276:	460b      	mov	r3, r1
10005278:	2905      	cmp	r1, #5
1000527a:	d016      	beq.n	100052aa <cdcd_open+0x96>
1000527c:	2b04      	cmp	r3, #4
1000527e:	d1f4      	bne.n	1000526a <cdcd_open+0x56>
10005280:	7963      	ldrb	r3, [r4, #5]
10005282:	2b0a      	cmp	r3, #10
10005284:	d1f1      	bne.n	1000526a <cdcd_open+0x56>
10005286:	4b12      	ldr	r3, [pc, #72]	@ (100052d0 <cdcd_open+0xbc>)
10005288:	7827      	ldrb	r7, [r4, #0]
1000528a:	9301      	str	r3, [sp, #4]
1000528c:	3301      	adds	r3, #1
1000528e:	9300      	str	r3, [sp, #0]
10005290:	2302      	movs	r3, #2
10005292:	4630      	mov	r0, r6
10005294:	461a      	mov	r2, r3
10005296:	19e1      	adds	r1, r4, r7
10005298:	f7ff fc58 	bl	10004b4c <usbd_open_edpt_pair>
1000529c:	2800      	cmp	r0, #0
1000529e:	d0c8      	beq.n	10005232 <cdcd_open+0x1e>
100052a0:	350e      	adds	r5, #14
100052a2:	fa17 f585 	uxtah	r5, r7, r5
100052a6:	b2ad      	uxth	r5, r5
100052a8:	e7df      	b.n	1000526a <cdcd_open+0x56>
100052aa:	4621      	mov	r1, r4
100052ac:	4630      	mov	r0, r6
100052ae:	f7ff fc9b 	bl	10004be8 <usbd_edpt_open>
100052b2:	2800      	cmp	r0, #0
100052b4:	d0bd      	beq.n	10005232 <cdcd_open+0x1e>
100052b6:	78a3      	ldrb	r3, [r4, #2]
100052b8:	707b      	strb	r3, [r7, #1]
100052ba:	7823      	ldrb	r3, [r4, #0]
100052bc:	195a      	adds	r2, r3, r5
100052be:	441c      	add	r4, r3
100052c0:	7863      	ldrb	r3, [r4, #1]
100052c2:	b295      	uxth	r5, r2
100052c4:	e7da      	b.n	1000527c <cdcd_open+0x68>
100052c6:	460b      	mov	r3, r1
100052c8:	2509      	movs	r5, #9
100052ca:	e7d5      	b.n	10005278 <cdcd_open+0x64>
100052cc:	20001440 	.word	0x20001440
100052d0:	20001442 	.word	0x20001442

100052d4 <cdcd_control_xfer_cb>:
100052d4:	7813      	ldrb	r3, [r2, #0]
100052d6:	f003 0360 	and.w	r3, r3, #96	@ 0x60
100052da:	2b20      	cmp	r3, #32
100052dc:	d108      	bne.n	100052f0 <cdcd_control_xfer_cb+0x1c>
100052de:	b570      	push	{r4, r5, r6, lr}
100052e0:	4c26      	ldr	r4, [pc, #152]	@ (1000537c <cdcd_control_xfer_cb+0xa8>)
100052e2:	8893      	ldrh	r3, [r2, #4]
100052e4:	f894 c000 	ldrb.w	ip, [r4]
100052e8:	459c      	cmp	ip, r3
100052ea:	d003      	beq.n	100052f4 <cdcd_control_xfer_cb+0x20>
100052ec:	2000      	movs	r0, #0
100052ee:	bd70      	pop	{r4, r5, r6, pc}
100052f0:	2000      	movs	r0, #0
100052f2:	4770      	bx	lr
100052f4:	7853      	ldrb	r3, [r2, #1]
100052f6:	3b20      	subs	r3, #32
100052f8:	2b03      	cmp	r3, #3
100052fa:	d8f7      	bhi.n	100052ec <cdcd_control_xfer_cb+0x18>
100052fc:	e8df f003 	tbb	[pc, r3]
10005300:	020d2327 	.word	0x020d2327
10005304:	2901      	cmp	r1, #1
10005306:	d02e      	beq.n	10005366 <cdcd_control_xfer_cb+0x92>
10005308:	2903      	cmp	r1, #3
1000530a:	d11e      	bne.n	1000534a <cdcd_control_xfer_cb+0x76>
1000530c:	4b1c      	ldr	r3, [pc, #112]	@ (10005380 <cdcd_control_xfer_cb+0xac>)
1000530e:	b1e3      	cbz	r3, 1000534a <cdcd_control_xfer_cb+0x76>
10005310:	2000      	movs	r0, #0
10005312:	8851      	ldrh	r1, [r2, #2]
10005314:	f3af 8000 	nop.w
10005318:	e017      	b.n	1000534a <cdcd_control_xfer_cb+0x76>
1000531a:	2901      	cmp	r1, #1
1000531c:	d023      	beq.n	10005366 <cdcd_control_xfer_cb+0x92>
1000531e:	2903      	cmp	r1, #3
10005320:	d113      	bne.n	1000534a <cdcd_control_xfer_cb+0x76>
10005322:	8855      	ldrh	r5, [r2, #2]
10005324:	4817      	ldr	r0, [pc, #92]	@ (10005384 <cdcd_control_xfer_cb+0xb0>)
10005326:	f005 0601 	and.w	r6, r5, #1
1000532a:	f086 0101 	eor.w	r1, r6, #1
1000532e:	7125      	strb	r5, [r4, #4]
10005330:	f000 fdb8 	bl	10005ea4 <tu_fifo_set_overwritable>
10005334:	4b14      	ldr	r3, [pc, #80]	@ (10005388 <cdcd_control_xfer_cb+0xb4>)
10005336:	b143      	cbz	r3, 1000534a <cdcd_control_xfer_cb+0x76>
10005338:	4631      	mov	r1, r6
1000533a:	2000      	movs	r0, #0
1000533c:	f3c5 0240 	ubfx	r2, r5, #1, #1
10005340:	f3af 8000 	nop.w
10005344:	e001      	b.n	1000534a <cdcd_control_xfer_cb+0x76>
10005346:	2901      	cmp	r1, #1
10005348:	d011      	beq.n	1000536e <cdcd_control_xfer_cb+0x9a>
1000534a:	2001      	movs	r0, #1
1000534c:	bd70      	pop	{r4, r5, r6, pc}
1000534e:	2901      	cmp	r1, #1
10005350:	d00d      	beq.n	1000536e <cdcd_control_xfer_cb+0x9a>
10005352:	2903      	cmp	r1, #3
10005354:	d1f9      	bne.n	1000534a <cdcd_control_xfer_cb+0x76>
10005356:	4b0d      	ldr	r3, [pc, #52]	@ (1000538c <cdcd_control_xfer_cb+0xb8>)
10005358:	2b00      	cmp	r3, #0
1000535a:	d0f6      	beq.n	1000534a <cdcd_control_xfer_cb+0x76>
1000535c:	2000      	movs	r0, #0
1000535e:	490c      	ldr	r1, [pc, #48]	@ (10005390 <cdcd_control_xfer_cb+0xbc>)
10005360:	f7fe faac 	bl	100038bc <tud_cdc_line_coding_cb>
10005364:	e7f1      	b.n	1000534a <cdcd_control_xfer_cb+0x76>
10005366:	4611      	mov	r1, r2
10005368:	f7ff fcbc 	bl	10004ce4 <tud_control_status>
1000536c:	e7ed      	b.n	1000534a <cdcd_control_xfer_cb+0x76>
1000536e:	4611      	mov	r1, r2
10005370:	2307      	movs	r3, #7
10005372:	4a07      	ldr	r2, [pc, #28]	@ (10005390 <cdcd_control_xfer_cb+0xbc>)
10005374:	f7ff fcd0 	bl	10004d18 <tud_control_xfer>
10005378:	e7e7      	b.n	1000534a <cdcd_control_xfer_cb+0x76>
1000537a:	bf00      	nop
1000537c:	20001440 	.word	0x20001440
10005380:	00000000 	.word	0x00000000
10005384:	20001464 	.word	0x20001464
10005388:	00000000 	.word	0x00000000
1000538c:	100038bd 	.word	0x100038bd
10005390:	20001448 	.word	0x20001448

10005394 <cdcd_xfer_cb>:
10005394:	e92d 43f8 	stmdb	sp!, {r3, r4, r5, r6, r7, r8, r9, lr}
10005398:	4e35      	ldr	r6, [pc, #212]	@ (10005470 <cdcd_xfer_cb+0xdc>)
1000539a:	460c      	mov	r4, r1
1000539c:	78f2      	ldrb	r2, [r6, #3]
1000539e:	4607      	mov	r7, r0
100053a0:	428a      	cmp	r2, r1
100053a2:	461d      	mov	r5, r3
100053a4:	d03d      	beq.n	10005422 <cdcd_xfer_cb+0x8e>
100053a6:	78b3      	ldrb	r3, [r6, #2]
100053a8:	428b      	cmp	r3, r1
100053aa:	d012      	beq.n	100053d2 <cdcd_xfer_cb+0x3e>
100053ac:	f04f 23e0 	mov.w	r3, #3758153728	@ 0xe000e000
100053b0:	f8d3 3df0 	ldr.w	r3, [r3, #3568]	@ 0xdf0
100053b4:	07db      	lsls	r3, r3, #31
100053b6:	d432      	bmi.n	1000541e <cdcd_xfer_cb+0x8a>
100053b8:	2000      	movs	r0, #0
100053ba:	e8bd 83f8 	ldmia.w	sp!, {r3, r4, r5, r6, r7, r8, r9, pc}
100053be:	4b2d      	ldr	r3, [pc, #180]	@ (10005474 <cdcd_xfer_cb+0xe0>)
100053c0:	b123      	cbz	r3, 100053cc <cdcd_xfer_cb+0x38>
100053c2:	482d      	ldr	r0, [pc, #180]	@ (10005478 <cdcd_xfer_cb+0xe4>)
100053c4:	f000 fb80 	bl	10005ac8 <tu_fifo_empty>
100053c8:	2800      	cmp	r0, #0
100053ca:	d04d      	beq.n	10005468 <cdcd_xfer_cb+0xd4>
100053cc:	2000      	movs	r0, #0
100053ce:	f7ff fd99 	bl	10004f04 <_prep_out_transaction.isra.0>
100053d2:	78b3      	ldrb	r3, [r6, #2]
100053d4:	42a3      	cmp	r3, r4
100053d6:	d001      	beq.n	100053dc <cdcd_xfer_cb+0x48>
100053d8:	2001      	movs	r0, #1
100053da:	e7ee      	b.n	100053ba <cdcd_xfer_cb+0x26>
100053dc:	4b27      	ldr	r3, [pc, #156]	@ (1000547c <cdcd_xfer_cb+0xe8>)
100053de:	b113      	cbz	r3, 100053e6 <cdcd_xfer_cb+0x52>
100053e0:	2000      	movs	r0, #0
100053e2:	f3af 8000 	nop.w
100053e6:	2000      	movs	r0, #0
100053e8:	f7ff fe2e 	bl	10005048 <tud_cdc_n_write_flush>
100053ec:	2800      	cmp	r0, #0
100053ee:	d1f3      	bne.n	100053d8 <cdcd_xfer_cb+0x44>
100053f0:	4823      	ldr	r0, [pc, #140]	@ (10005480 <cdcd_xfer_cb+0xec>)
100053f2:	f000 fb59 	bl	10005aa8 <tu_fifo_count>
100053f6:	2800      	cmp	r0, #0
100053f8:	d1ee      	bne.n	100053d8 <cdcd_xfer_cb+0x44>
100053fa:	2d00      	cmp	r5, #0
100053fc:	d0ec      	beq.n	100053d8 <cdcd_xfer_cb+0x44>
100053fe:	f015 053f 	ands.w	r5, r5, #63	@ 0x3f
10005402:	d1e9      	bne.n	100053d8 <cdcd_xfer_cb+0x44>
10005404:	4638      	mov	r0, r7
10005406:	78b1      	ldrb	r1, [r6, #2]
10005408:	f7ff fc10 	bl	10004c2c <usbd_edpt_claim>
1000540c:	2800      	cmp	r0, #0
1000540e:	d0e3      	beq.n	100053d8 <cdcd_xfer_cb+0x44>
10005410:	462b      	mov	r3, r5
10005412:	462a      	mov	r2, r5
10005414:	4638      	mov	r0, r7
10005416:	78b1      	ldrb	r1, [r6, #2]
10005418:	f7ff fc2c 	bl	10004c74 <usbd_edpt_xfer>
1000541c:	e7dc      	b.n	100053d8 <cdcd_xfer_cb+0x44>
1000541e:	be00      	bkpt	0x0000
10005420:	e7ca      	b.n	100053b8 <cdcd_xfer_cb+0x24>
10005422:	b29a      	uxth	r2, r3
10005424:	4917      	ldr	r1, [pc, #92]	@ (10005484 <cdcd_xfer_cb+0xf0>)
10005426:	f106 0010 	add.w	r0, r6, #16
1000542a:	f000 fc71 	bl	10005d10 <tu_fifo_write_n>
1000542e:	4b16      	ldr	r3, [pc, #88]	@ (10005488 <cdcd_xfer_cb+0xf4>)
10005430:	2b00      	cmp	r3, #0
10005432:	d0c4      	beq.n	100053be <cdcd_xfer_cb+0x2a>
10005434:	7973      	ldrb	r3, [r6, #5]
10005436:	2bff      	cmp	r3, #255	@ 0xff
10005438:	d0c1      	beq.n	100053be <cdcd_xfer_cb+0x2a>
1000543a:	2d00      	cmp	r5, #0
1000543c:	d0bf      	beq.n	100053be <cdcd_xfer_cb+0x2a>
1000543e:	f8df 8044 	ldr.w	r8, [pc, #68]	@ 10005484 <cdcd_xfer_cb+0xf0>
10005442:	eb08 0905 	add.w	r9, r8, r5
10005446:	e002      	b.n	1000544e <cdcd_xfer_cb+0xba>
10005448:	45c8      	cmp	r8, r9
1000544a:	d0b8      	beq.n	100053be <cdcd_xfer_cb+0x2a>
1000544c:	7973      	ldrb	r3, [r6, #5]
1000544e:	f818 2b01 	ldrb.w	r2, [r8], #1
10005452:	429a      	cmp	r2, r3
10005454:	d1f8      	bne.n	10005448 <cdcd_xfer_cb+0xb4>
10005456:	4808      	ldr	r0, [pc, #32]	@ (10005478 <cdcd_xfer_cb+0xe4>)
10005458:	f000 fb36 	bl	10005ac8 <tu_fifo_empty>
1000545c:	2800      	cmp	r0, #0
1000545e:	d1f3      	bne.n	10005448 <cdcd_xfer_cb+0xb4>
10005460:	7971      	ldrb	r1, [r6, #5]
10005462:	f3af 8000 	nop.w
10005466:	e7ef      	b.n	10005448 <cdcd_xfer_cb+0xb4>
10005468:	f3af 8000 	nop.w
1000546c:	e7ae      	b.n	100053cc <cdcd_xfer_cb+0x38>
1000546e:	bf00      	nop
10005470:	20001440 	.word	0x20001440
10005474:	00000000 	.word	0x00000000
10005478:	20001450 	.word	0x20001450
1000547c:	00000000 	.word	0x00000000
10005480:	20001464 	.word	0x20001464
10005484:	200013bc 	.word	0x200013bc
10005488:	00000000 	.word	0x00000000

1000548c <vendord_init>:
1000548c:	b5f0      	push	{r4, r5, r6, r7, lr}
1000548e:	f44f 7213 	mov.w	r2, #588	@ 0x24c
10005492:	b085      	sub	sp, #20
10005494:	2100      	movs	r1, #0
10005496:	4812      	ldr	r0, [pc, #72]	@ (100054e0 <vendord_init+0x54>)
10005498:	f000 ff28 	bl	100062ec <memset>
1000549c:	2640      	movs	r6, #64	@ 0x40
1000549e:	2300      	movs	r3, #0
100054a0:	f44f 7580 	mov.w	r5, #256	@ 0x100
100054a4:	4f0e      	ldr	r7, [pc, #56]	@ (100054e0 <vendord_init+0x54>)
100054a6:	4c0f      	ldr	r4, [pc, #60]	@ (100054e4 <vendord_init+0x58>)
100054a8:	f507 72a6 	add.w	r2, r7, #332	@ 0x14c
100054ac:	4619      	mov	r1, r3
100054ae:	e9cd 4602 	strd	r4, r6, [sp, #8]
100054b2:	9200      	str	r2, [sp, #0]
100054b4:	9501      	str	r5, [sp, #4]
100054b6:	461a      	mov	r2, r3
100054b8:	f507 7094 	add.w	r0, r7, #296	@ 0x128
100054bc:	f000 f9c6 	bl	1000584c <tu_edpt_stream_init>
100054c0:	2300      	movs	r3, #0
100054c2:	4638      	mov	r0, r7
100054c4:	f107 0128 	add.w	r1, r7, #40	@ 0x28
100054c8:	4434      	add	r4, r6
100054ca:	9100      	str	r1, [sp, #0]
100054cc:	2201      	movs	r2, #1
100054ce:	4619      	mov	r1, r3
100054d0:	e9cd 4602 	strd	r4, r6, [sp, #8]
100054d4:	9501      	str	r5, [sp, #4]
100054d6:	3004      	adds	r0, #4
100054d8:	f000 f9b8 	bl	1000584c <tu_edpt_stream_init>
100054dc:	b005      	add	sp, #20
100054de:	bdf0      	pop	{r4, r5, r6, r7, pc}
100054e0:	20001730 	.word	0x20001730
100054e4:	200016b0 	.word	0x200016b0

100054e8 <vendord_deinit>:
100054e8:	b508      	push	{r3, lr}
100054ea:	4805      	ldr	r0, [pc, #20]	@ (10005500 <vendord_deinit+0x18>)
100054ec:	f000 f9da 	bl	100058a4 <tu_edpt_stream_deinit>
100054f0:	4b03      	ldr	r3, [pc, #12]	@ (10005500 <vendord_deinit+0x18>)
100054f2:	f5a3 7092 	sub.w	r0, r3, #292	@ 0x124
100054f6:	f000 f9d5 	bl	100058a4 <tu_edpt_stream_deinit>
100054fa:	2001      	movs	r0, #1
100054fc:	bd08      	pop	{r3, pc}
100054fe:	bf00      	nop
10005500:	20001858 	.word	0x20001858

10005504 <vendord_reset>:
10005504:	b538      	push	{r3, r4, r5, lr}
10005506:	2500      	movs	r5, #0
10005508:	4c06      	ldr	r4, [pc, #24]	@ (10005524 <vendord_reset+0x20>)
1000550a:	f504 7098 	add.w	r0, r4, #304	@ 0x130
1000550e:	7025      	strb	r5, [r4, #0]
10005510:	f000 fcac 	bl	10005e6c <tu_fifo_clear>
10005514:	f104 000c 	add.w	r0, r4, #12
10005518:	f000 fca8 	bl	10005e6c <tu_fifo_clear>
1000551c:	f884 5129 	strb.w	r5, [r4, #297]	@ 0x129
10005520:	7165      	strb	r5, [r4, #5]
10005522:	bd38      	pop	{r3, r4, r5, pc}
10005524:	20001730 	.word	0x20001730

10005528 <vendord_open>:
10005528:	e92d 43f8 	stmdb	sp!, {r3, r4, r5, r6, r7, r8, r9, lr}
1000552c:	794b      	ldrb	r3, [r1, #5]
1000552e:	2bff      	cmp	r3, #255	@ 0xff
10005530:	d151      	bne.n	100055d6 <vendord_open+0xae>
10005532:	4e35      	ldr	r6, [pc, #212]	@ (10005608 <vendord_open+0xe0>)
10005534:	f896 3129 	ldrb.w	r3, [r6, #297]	@ 0x129
10005538:	2b00      	cmp	r3, #0
1000553a:	d14c      	bne.n	100055d6 <vendord_open+0xae>
1000553c:	f896 8005 	ldrb.w	r8, [r6, #5]
10005540:	f1b8 0f00 	cmp.w	r8, #0
10005544:	d147      	bne.n	100055d6 <vendord_open+0xae>
10005546:	788b      	ldrb	r3, [r1, #2]
10005548:	780c      	ldrb	r4, [r1, #0]
1000554a:	7033      	strb	r3, [r6, #0]
1000554c:	790b      	ldrb	r3, [r1, #4]
1000554e:	460f      	mov	r7, r1
10005550:	440c      	add	r4, r1
10005552:	b3ab      	cbz	r3, 100055c0 <vendord_open+0x98>
10005554:	4681      	mov	r9, r0
10005556:	18a5      	adds	r5, r4, r2
10005558:	e003      	b.n	10005562 <vendord_open+0x3a>
1000555a:	42a5      	cmp	r5, r4
1000555c:	d930      	bls.n	100055c0 <vendord_open+0x98>
1000555e:	7823      	ldrb	r3, [r4, #0]
10005560:	441c      	add	r4, r3
10005562:	7863      	ldrb	r3, [r4, #1]
10005564:	2b05      	cmp	r3, #5
10005566:	d1f8      	bne.n	1000555a <vendord_open+0x32>
10005568:	42ac      	cmp	r4, r5
1000556a:	d229      	bcs.n	100055c0 <vendord_open+0x98>
1000556c:	4621      	mov	r1, r4
1000556e:	4648      	mov	r0, r9
10005570:	f7ff fb3a 	bl	10004be8 <usbd_edpt_open>
10005574:	b340      	cbz	r0, 100055c8 <vendord_open+0xa0>
10005576:	78a3      	ldrb	r3, [r4, #2]
10005578:	09db      	lsrs	r3, r3, #7
1000557a:	d12f      	bne.n	100055dc <vendord_open+0xb4>
1000557c:	4823      	ldr	r0, [pc, #140]	@ (1000560c <vendord_open+0xe4>)
1000557e:	f000 fc75 	bl	10005e6c <tu_fifo_clear>
10005582:	78a3      	ldrb	r3, [r4, #2]
10005584:	f896 2128 	ldrb.w	r2, [r6, #296]	@ 0x128
10005588:	f886 3129 	strb.w	r3, [r6, #297]	@ 0x129
1000558c:	88a3      	ldrh	r3, [r4, #4]
1000558e:	4648      	mov	r0, r9
10005590:	f3c3 030a 	ubfx	r3, r3, #0, #11
10005594:	f5a3 7300 	sub.w	r3, r3, #512	@ 0x200
10005598:	fab3 f383 	clz	r3, r3
1000559c:	095b      	lsrs	r3, r3, #5
1000559e:	f363 0241 	bfi	r2, r3, #1, #1
100055a2:	491b      	ldr	r1, [pc, #108]	@ (10005610 <vendord_open+0xe8>)
100055a4:	f886 2128 	strb.w	r2, [r6, #296]	@ 0x128
100055a8:	f000 f9ea 	bl	10005980 <tu_edpt_stream_read_xfer>
100055ac:	b160      	cbz	r0, 100055c8 <vendord_open+0xa0>
100055ae:	7823      	ldrb	r3, [r4, #0]
100055b0:	793a      	ldrb	r2, [r7, #4]
100055b2:	f108 0801 	add.w	r8, r8, #1
100055b6:	441c      	add	r4, r3
100055b8:	fa5f f388 	uxtb.w	r3, r8
100055bc:	429a      	cmp	r2, r3
100055be:	d8d0      	bhi.n	10005562 <vendord_open+0x3a>
100055c0:	1be1      	subs	r1, r4, r7
100055c2:	b288      	uxth	r0, r1
100055c4:	e8bd 83f8 	ldmia.w	sp!, {r3, r4, r5, r6, r7, r8, r9, pc}
100055c8:	f04f 23e0 	mov.w	r3, #3758153728	@ 0xe000e000
100055cc:	f8d3 3df0 	ldr.w	r3, [r3, #3568]	@ 0xdf0
100055d0:	07db      	lsls	r3, r3, #31
100055d2:	d500      	bpl.n	100055d6 <vendord_open+0xae>
100055d4:	be00      	bkpt	0x0000
100055d6:	2000      	movs	r0, #0
100055d8:	e8bd 83f8 	ldmia.w	sp!, {r3, r4, r5, r6, r7, r8, r9, pc}
100055dc:	480d      	ldr	r0, [pc, #52]	@ (10005614 <vendord_open+0xec>)
100055de:	f000 fc45 	bl	10005e6c <tu_fifo_clear>
100055e2:	78a3      	ldrb	r3, [r4, #2]
100055e4:	7932      	ldrb	r2, [r6, #4]
100055e6:	7173      	strb	r3, [r6, #5]
100055e8:	88a3      	ldrh	r3, [r4, #4]
100055ea:	490b      	ldr	r1, [pc, #44]	@ (10005618 <vendord_open+0xf0>)
100055ec:	f3c3 030a 	ubfx	r3, r3, #0, #11
100055f0:	f5a3 7300 	sub.w	r3, r3, #512	@ 0x200
100055f4:	fab3 f383 	clz	r3, r3
100055f8:	095b      	lsrs	r3, r3, #5
100055fa:	f363 0241 	bfi	r2, r3, #1, #1
100055fe:	2000      	movs	r0, #0
10005600:	7132      	strb	r2, [r6, #4]
10005602:	f000 f985 	bl	10005910 <tu_edpt_stream_write_xfer>
10005606:	e7d2      	b.n	100055ae <vendord_open+0x86>
10005608:	20001730 	.word	0x20001730
1000560c:	20001860 	.word	0x20001860
10005610:	20001858 	.word	0x20001858
10005614:	2000173c 	.word	0x2000173c
10005618:	20001734 	.word	0x20001734

1000561c <vendord_xfer_cb>:
1000561c:	b570      	push	{r4, r5, r6, lr}
1000561e:	4c1b      	ldr	r4, [pc, #108]	@ (1000568c <vendord_xfer_cb+0x70>)
10005620:	4606      	mov	r6, r0
10005622:	f894 c129 	ldrb.w	ip, [r4, #297]	@ 0x129
10005626:	461d      	mov	r5, r3
10005628:	458c      	cmp	ip, r1
1000562a:	d011      	beq.n	10005650 <vendord_xfer_cb+0x34>
1000562c:	7963      	ldrb	r3, [r4, #5]
1000562e:	428b      	cmp	r3, r1
10005630:	d001      	beq.n	10005636 <vendord_xfer_cb+0x1a>
10005632:	2000      	movs	r0, #0
10005634:	bd70      	pop	{r4, r5, r6, pc}
10005636:	4b16      	ldr	r3, [pc, #88]	@ (10005690 <vendord_xfer_cb+0x74>)
10005638:	b11b      	cbz	r3, 10005642 <vendord_xfer_cb+0x26>
1000563a:	2000      	movs	r0, #0
1000563c:	b2a9      	uxth	r1, r5
1000563e:	f3af 8000 	nop.w
10005642:	4630      	mov	r0, r6
10005644:	4913      	ldr	r1, [pc, #76]	@ (10005694 <vendord_xfer_cb+0x78>)
10005646:	f000 f963 	bl	10005910 <tu_edpt_stream_write_xfer>
1000564a:	b1c8      	cbz	r0, 10005680 <vendord_xfer_cb+0x64>
1000564c:	2001      	movs	r0, #1
1000564e:	bd70      	pop	{r4, r5, r6, pc}
10005650:	f8b4 3134 	ldrh.w	r3, [r4, #308]	@ 0x134
10005654:	b963      	cbnz	r3, 10005670 <vendord_xfer_cb+0x54>
10005656:	4b10      	ldr	r3, [pc, #64]	@ (10005698 <vendord_xfer_cb+0x7c>)
10005658:	b123      	cbz	r3, 10005664 <vendord_xfer_cb+0x48>
1000565a:	2000      	movs	r0, #0
1000565c:	490f      	ldr	r1, [pc, #60]	@ (1000569c <vendord_xfer_cb+0x80>)
1000565e:	b2aa      	uxth	r2, r5
10005660:	f3af 8000 	nop.w
10005664:	4630      	mov	r0, r6
10005666:	490e      	ldr	r1, [pc, #56]	@ (100056a0 <vendord_xfer_cb+0x84>)
10005668:	f000 f98a 	bl	10005980 <tu_edpt_stream_read_xfer>
1000566c:	2001      	movs	r0, #1
1000566e:	e7ee      	b.n	1000564e <vendord_xfer_cb+0x32>
10005670:	f8d4 112c 	ldr.w	r1, [r4, #300]	@ 0x12c
10005674:	b2aa      	uxth	r2, r5
10005676:	f504 7098 	add.w	r0, r4, #304	@ 0x130
1000567a:	f000 fb49 	bl	10005d10 <tu_fifo_write_n>
1000567e:	e7ea      	b.n	10005656 <vendord_xfer_cb+0x3a>
10005680:	462a      	mov	r2, r5
10005682:	4630      	mov	r0, r6
10005684:	4903      	ldr	r1, [pc, #12]	@ (10005694 <vendord_xfer_cb+0x78>)
10005686:	f000 f90f 	bl	100058a8 <tu_edpt_stream_write_zlp_if_needed>
1000568a:	e7df      	b.n	1000564c <vendord_xfer_cb+0x30>
1000568c:	20001730 	.word	0x20001730
10005690:	00000000 	.word	0x00000000
10005694:	20001734 	.word	0x20001734
10005698:	00000000 	.word	0x00000000
1000569c:	200016b0 	.word	0x200016b0
100056a0:	20001858 	.word	0x20001858

100056a4 <tusb_rhport_init>:
100056a4:	b510      	push	{r4, lr}
100056a6:	b082      	sub	sp, #8
100056a8:	b1c9      	cbz	r1, 100056de <tusb_rhport_init+0x3a>
100056aa:	2801      	cmp	r0, #1
100056ac:	d80c      	bhi.n	100056c8 <tusb_rhport_init+0x24>
100056ae:	780b      	ldrb	r3, [r1, #0]
100056b0:	b153      	cbz	r3, 100056c8 <tusb_rhport_init+0x24>
100056b2:	4c14      	ldr	r4, [pc, #80]	@ (10005704 <tusb_rhport_init+0x60>)
100056b4:	2b01      	cmp	r3, #1
100056b6:	5423      	strb	r3, [r4, r0]
100056b8:	d002      	beq.n	100056c0 <tusb_rhport_init+0x1c>
100056ba:	2001      	movs	r0, #1
100056bc:	b002      	add	sp, #8
100056be:	bd10      	pop	{r4, pc}
100056c0:	f7fe fe08 	bl	100042d4 <tud_rhport_init>
100056c4:	2800      	cmp	r0, #0
100056c6:	d1f8      	bne.n	100056ba <tusb_rhport_init+0x16>
100056c8:	f04f 23e0 	mov.w	r3, #3758153728	@ 0xe000e000
100056cc:	f8d3 3df0 	ldr.w	r3, [r3, #3568]	@ 0xdf0
100056d0:	07db      	lsls	r3, r3, #31
100056d2:	d402      	bmi.n	100056da <tusb_rhport_init+0x36>
100056d4:	2000      	movs	r0, #0
100056d6:	b002      	add	sp, #8
100056d8:	bd10      	pop	{r4, pc}
100056da:	be00      	bkpt	0x0000
100056dc:	e7fa      	b.n	100056d4 <tusb_rhport_init+0x30>
100056de:	2401      	movs	r4, #1
100056e0:	4608      	mov	r0, r1
100056e2:	a901      	add	r1, sp, #4
100056e4:	f8ad 4004 	strh.w	r4, [sp, #4]
100056e8:	f7fe fdf4 	bl	100042d4 <tud_rhport_init>
100056ec:	b938      	cbnz	r0, 100056fe <tusb_rhport_init+0x5a>
100056ee:	f04f 23e0 	mov.w	r3, #3758153728	@ 0xe000e000
100056f2:	f8d3 3df0 	ldr.w	r3, [r3, #3568]	@ 0xdf0
100056f6:	07da      	lsls	r2, r3, #31
100056f8:	d5ed      	bpl.n	100056d6 <tusb_rhport_init+0x32>
100056fa:	be00      	bkpt	0x0000
100056fc:	e7eb      	b.n	100056d6 <tusb_rhport_init+0x32>
100056fe:	4b01      	ldr	r3, [pc, #4]	@ (10005704 <tusb_rhport_init+0x60>)
10005700:	701c      	strb	r4, [r3, #0]
10005702:	e7e8      	b.n	100056d6 <tusb_rhport_init+0x32>
10005704:	2000157c 	.word	0x2000157c

10005708 <tu_edpt_claim>:
10005708:	b5f8      	push	{r3, r4, r5, r6, r7, lr}
1000570a:	7803      	ldrb	r3, [r0, #0]
1000570c:	f013 0401 	ands.w	r4, r3, #1
10005710:	d11a      	bne.n	10005748 <tu_edpt_claim+0x40>
10005712:	7803      	ldrb	r3, [r0, #0]
10005714:	4605      	mov	r5, r0
10005716:	075a      	lsls	r2, r3, #29
10005718:	f3c3 0780 	ubfx	r7, r3, #2, #1
1000571c:	d501      	bpl.n	10005722 <tu_edpt_claim+0x1a>
1000571e:	4620      	mov	r0, r4
10005720:	bdf8      	pop	{r3, r4, r5, r6, r7, pc}
10005722:	460e      	mov	r6, r1
10005724:	f04f 31ff 	mov.w	r1, #4294967295	@ 0xffffffff
10005728:	4630      	mov	r0, r6
1000572a:	f000 fed5 	bl	100064d8 <__mutex_enter_timeout_ms_veneer>
1000572e:	782b      	ldrb	r3, [r5, #0]
10005730:	f013 0401 	ands.w	r4, r3, #1
10005734:	d10b      	bne.n	1000574e <tu_edpt_claim+0x46>
10005736:	782b      	ldrb	r3, [r5, #0]
10005738:	075b      	lsls	r3, r3, #29
1000573a:	d409      	bmi.n	10005750 <tu_edpt_claim+0x48>
1000573c:	782b      	ldrb	r3, [r5, #0]
1000573e:	2401      	movs	r4, #1
10005740:	f043 0304 	orr.w	r3, r3, #4
10005744:	702b      	strb	r3, [r5, #0]
10005746:	e003      	b.n	10005750 <tu_edpt_claim+0x48>
10005748:	2400      	movs	r4, #0
1000574a:	4620      	mov	r0, r4
1000574c:	bdf8      	pop	{r3, r4, r5, r6, r7, pc}
1000574e:	463c      	mov	r4, r7
10005750:	4630      	mov	r0, r6
10005752:	f000 fecd 	bl	100064f0 <__mutex_exit_veneer>
10005756:	4620      	mov	r0, r4
10005758:	bdf8      	pop	{r3, r4, r5, r6, r7, pc}
1000575a:	bf00      	nop

1000575c <tu_edpt_release>:
1000575c:	b570      	push	{r4, r5, r6, lr}
1000575e:	460c      	mov	r4, r1
10005760:	4605      	mov	r5, r0
10005762:	f04f 31ff 	mov.w	r1, #4294967295	@ 0xffffffff
10005766:	4620      	mov	r0, r4
10005768:	f000 feb6 	bl	100064d8 <__mutex_enter_timeout_ms_veneer>
1000576c:	782b      	ldrb	r3, [r5, #0]
1000576e:	f3c3 0680 	ubfx	r6, r3, #2, #1
10005772:	075b      	lsls	r3, r3, #29
10005774:	d508      	bpl.n	10005788 <tu_edpt_release+0x2c>
10005776:	782b      	ldrb	r3, [r5, #0]
10005778:	f013 0301 	ands.w	r3, r3, #1
1000577c:	bf11      	iteee	ne
1000577e:	2600      	movne	r6, #0
10005780:	782a      	ldrbeq	r2, [r5, #0]
10005782:	f363 0282 	bfieq	r2, r3, #2, #1
10005786:	702a      	strbeq	r2, [r5, #0]
10005788:	4620      	mov	r0, r4
1000578a:	f000 feb1 	bl	100064f0 <__mutex_exit_veneer>
1000578e:	4630      	mov	r0, r6
10005790:	bd70      	pop	{r4, r5, r6, pc}
10005792:	bf00      	nop

10005794 <tu_edpt_validate>:
10005794:	78c3      	ldrb	r3, [r0, #3]
10005796:	8882      	ldrh	r2, [r0, #4]
10005798:	f003 0003 	and.w	r0, r3, #3
1000579c:	2802      	cmp	r0, #2
1000579e:	f3c2 020a 	ubfx	r2, r2, #0, #11
100057a2:	d015      	beq.n	100057d0 <tu_edpt_validate+0x3c>
100057a4:	2803      	cmp	r0, #3
100057a6:	d00a      	beq.n	100057be <tu_edpt_validate+0x2a>
100057a8:	2801      	cmp	r0, #1
100057aa:	d11c      	bne.n	100057e6 <tu_edpt_validate+0x52>
100057ac:	2902      	cmp	r1, #2
100057ae:	f240 33ff 	movw	r3, #1023	@ 0x3ff
100057b2:	bf08      	it	eq
100057b4:	f44f 6380 	moveq.w	r3, #1024	@ 0x400
100057b8:	4293      	cmp	r3, r2
100057ba:	d30d      	bcc.n	100057d8 <tu_edpt_validate+0x44>
100057bc:	4770      	bx	lr
100057be:	2902      	cmp	r1, #2
100057c0:	bf14      	ite	ne
100057c2:	2340      	movne	r3, #64	@ 0x40
100057c4:	f44f 6380 	moveq.w	r3, #1024	@ 0x400
100057c8:	4293      	cmp	r3, r2
100057ca:	d305      	bcc.n	100057d8 <tu_edpt_validate+0x44>
100057cc:	2001      	movs	r0, #1
100057ce:	4770      	bx	lr
100057d0:	2902      	cmp	r1, #2
100057d2:	d00a      	beq.n	100057ea <tu_edpt_validate+0x56>
100057d4:	2a40      	cmp	r2, #64	@ 0x40
100057d6:	d9f9      	bls.n	100057cc <tu_edpt_validate+0x38>
100057d8:	f04f 23e0 	mov.w	r3, #3758153728	@ 0xe000e000
100057dc:	f8d3 3df0 	ldr.w	r3, [r3, #3568]	@ 0xdf0
100057e0:	07db      	lsls	r3, r3, #31
100057e2:	d500      	bpl.n	100057e6 <tu_edpt_validate+0x52>
100057e4:	be00      	bkpt	0x0000
100057e6:	2000      	movs	r0, #0
100057e8:	4770      	bx	lr
100057ea:	f5b2 7f00 	cmp.w	r2, #512	@ 0x200
100057ee:	d0ed      	beq.n	100057cc <tu_edpt_validate+0x38>
100057f0:	e7f2      	b.n	100057d8 <tu_edpt_validate+0x44>
100057f2:	bf00      	nop

100057f4 <tu_edpt_bind_driver>:
100057f4:	440a      	add	r2, r1
100057f6:	4291      	cmp	r1, r2
100057f8:	d226      	bcs.n	10005848 <tu_edpt_bind_driver+0x54>
100057fa:	f891 c001 	ldrb.w	ip, [r1, #1]
100057fe:	f1bc 0f05 	cmp.w	ip, #5
10005802:	d005      	beq.n	10005810 <tu_edpt_bind_driver+0x1c>
10005804:	f891 c000 	ldrb.w	ip, [r1]
10005808:	4461      	add	r1, ip
1000580a:	428a      	cmp	r2, r1
1000580c:	d8f5      	bhi.n	100057fa <tu_edpt_bind_driver+0x6>
1000580e:	4770      	bx	lr
10005810:	b500      	push	{lr}
10005812:	f891 c002 	ldrb.w	ip, [r1, #2]
10005816:	f00c 0e7f 	and.w	lr, ip, #127	@ 0x7f
1000581a:	eb00 0e4e 	add.w	lr, r0, lr, lsl #1
1000581e:	ea4f 1cdc 	mov.w	ip, ip, lsr #7
10005822:	f80e 300c 	strb.w	r3, [lr, ip]
10005826:	f891 c000 	ldrb.w	ip, [r1]
1000582a:	4461      	add	r1, ip
1000582c:	428a      	cmp	r2, r1
1000582e:	d909      	bls.n	10005844 <tu_edpt_bind_driver+0x50>
10005830:	f891 c001 	ldrb.w	ip, [r1, #1]
10005834:	f1bc 0f05 	cmp.w	ip, #5
10005838:	d0eb      	beq.n	10005812 <tu_edpt_bind_driver+0x1e>
1000583a:	f891 c000 	ldrb.w	ip, [r1]
1000583e:	4461      	add	r1, ip
10005840:	428a      	cmp	r2, r1
10005842:	d8f5      	bhi.n	10005830 <tu_edpt_bind_driver+0x3c>
10005844:	f85d fb04 	ldr.w	pc, [sp], #4
10005848:	4770      	bx	lr
1000584a:	bf00      	nop

1000584c <tu_edpt_stream_init>:
1000584c:	e92d 41f0 	stmdb	sp!, {r4, r5, r6, r7, r8, lr}
10005850:	468e      	mov	lr, r1
10005852:	b082      	sub	sp, #8
10005854:	9300      	str	r3, [sp, #0]
10005856:	f890 c000 	ldrb.w	ip, [r0]
1000585a:	9e08      	ldr	r6, [sp, #32]
1000585c:	f8bd 7024 	ldrh.w	r7, [sp, #36]	@ 0x24
10005860:	f36e 0c00 	bfi	ip, lr, #0, #1
10005864:	4604      	mov	r4, r0
10005866:	4615      	mov	r5, r2
10005868:	2301      	movs	r3, #1
1000586a:	4631      	mov	r1, r6
1000586c:	463a      	mov	r2, r7
1000586e:	f800 cb08 	strb.w	ip, [r0], #8
10005872:	f8bd 802c 	ldrh.w	r8, [sp, #44]	@ 0x2c
10005876:	f000 f8e7 	bl	10005a48 <tu_fifo_config>
1000587a:	b106      	cbz	r6, 1000587e <tu_edpt_stream_init+0x32>
1000587c:	b93f      	cbnz	r7, 1000588e <tu_edpt_stream_init+0x42>
1000587e:	2001      	movs	r0, #1
10005880:	9b0a      	ldr	r3, [sp, #40]	@ 0x28
10005882:	f8a4 8002 	strh.w	r8, [r4, #2]
10005886:	6063      	str	r3, [r4, #4]
10005888:	b002      	add	sp, #8
1000588a:	e8bd 81f0 	ldmia.w	sp!, {r4, r5, r6, r7, r8, pc}
1000588e:	f104 061c 	add.w	r6, r4, #28
10005892:	4630      	mov	r0, r6
10005894:	f7fb f934 	bl	10000b00 <mutex_init>
10005898:	b10d      	cbz	r5, 1000589e <tu_edpt_stream_init+0x52>
1000589a:	4635      	mov	r5, r6
1000589c:	2600      	movs	r6, #0
1000589e:	e9c4 5605 	strd	r5, r6, [r4, #20]
100058a2:	e7ec      	b.n	1000587e <tu_edpt_stream_init+0x32>

100058a4 <tu_edpt_stream_deinit>:
100058a4:	2001      	movs	r0, #1
100058a6:	4770      	bx	lr

100058a8 <tu_edpt_stream_write_zlp_if_needed>:
100058a8:	b5f8      	push	{r3, r4, r5, r6, r7, lr}
100058aa:	4607      	mov	r7, r0
100058ac:	4608      	mov	r0, r1
100058ae:	f240 13ff 	movw	r3, #511	@ 0x1ff
100058b2:	4615      	mov	r5, r2
100058b4:	f810 2b08 	ldrb.w	r2, [r0], #8
100058b8:	460c      	mov	r4, r1
100058ba:	f012 0f02 	tst.w	r2, #2
100058be:	bf0c      	ite	eq
100058c0:	263f      	moveq	r6, #63	@ 0x3f
100058c2:	461e      	movne	r6, r3
100058c4:	f000 f8f0 	bl	10005aa8 <tu_fifo_count>
100058c8:	b928      	cbnz	r0, 100058d6 <tu_edpt_stream_write_zlp_if_needed+0x2e>
100058ca:	b125      	cbz	r5, 100058d6 <tu_edpt_stream_write_zlp_if_needed+0x2e>
100058cc:	422e      	tst	r6, r5
100058ce:	d102      	bne.n	100058d6 <tu_edpt_stream_write_zlp_if_needed+0x2e>
100058d0:	7823      	ldrb	r3, [r4, #0]
100058d2:	07da      	lsls	r2, r3, #31
100058d4:	d501      	bpl.n	100058da <tu_edpt_stream_write_zlp_if_needed+0x32>
100058d6:	2000      	movs	r0, #0
100058d8:	bdf8      	pop	{r3, r4, r5, r6, r7, pc}
100058da:	4638      	mov	r0, r7
100058dc:	7861      	ldrb	r1, [r4, #1]
100058de:	f7ff f9a5 	bl	10004c2c <usbd_edpt_claim>
100058e2:	2800      	cmp	r0, #0
100058e4:	d0f7      	beq.n	100058d6 <tu_edpt_stream_write_zlp_if_needed+0x2e>
100058e6:	7823      	ldrb	r3, [r4, #0]
100058e8:	f013 0301 	ands.w	r3, r3, #1
100058ec:	d007      	beq.n	100058fe <tu_edpt_stream_write_zlp_if_needed+0x56>
100058ee:	f04f 23e0 	mov.w	r3, #3758153728	@ 0xe000e000
100058f2:	f8d3 3df0 	ldr.w	r3, [r3, #3568]	@ 0xdf0
100058f6:	07db      	lsls	r3, r3, #31
100058f8:	d5ed      	bpl.n	100058d6 <tu_edpt_stream_write_zlp_if_needed+0x2e>
100058fa:	be00      	bkpt	0x0000
100058fc:	e7eb      	b.n	100058d6 <tu_edpt_stream_write_zlp_if_needed+0x2e>
100058fe:	461a      	mov	r2, r3
10005900:	4638      	mov	r0, r7
10005902:	7861      	ldrb	r1, [r4, #1]
10005904:	f7ff f9b6 	bl	10004c74 <usbd_edpt_xfer>
10005908:	2800      	cmp	r0, #0
1000590a:	d0f0      	beq.n	100058ee <tu_edpt_stream_write_zlp_if_needed+0x46>
1000590c:	bdf8      	pop	{r3, r4, r5, r6, r7, pc}
1000590e:	bf00      	nop

10005910 <tu_edpt_stream_write_xfer>:
10005910:	b570      	push	{r4, r5, r6, lr}
10005912:	f101 0508 	add.w	r5, r1, #8
10005916:	4606      	mov	r6, r0
10005918:	4628      	mov	r0, r5
1000591a:	460c      	mov	r4, r1
1000591c:	f000 f8c4 	bl	10005aa8 <tu_fifo_count>
10005920:	b110      	cbz	r0, 10005928 <tu_edpt_stream_write_xfer+0x18>
10005922:	7823      	ldrb	r3, [r4, #0]
10005924:	07da      	lsls	r2, r3, #31
10005926:	d501      	bpl.n	1000592c <tu_edpt_stream_write_xfer+0x1c>
10005928:	2000      	movs	r0, #0
1000592a:	bd70      	pop	{r4, r5, r6, pc}
1000592c:	4630      	mov	r0, r6
1000592e:	7861      	ldrb	r1, [r4, #1]
10005930:	f7ff f97c 	bl	10004c2c <usbd_edpt_claim>
10005934:	2800      	cmp	r0, #0
10005936:	d0f7      	beq.n	10005928 <tu_edpt_stream_write_xfer+0x18>
10005938:	4628      	mov	r0, r5
1000593a:	8862      	ldrh	r2, [r4, #2]
1000593c:	6861      	ldr	r1, [r4, #4]
1000593e:	f000 f929 	bl	10005b94 <tu_fifo_read_n>
10005942:	7823      	ldrb	r3, [r4, #0]
10005944:	4605      	mov	r5, r0
10005946:	f003 0301 	and.w	r3, r3, #1
1000594a:	b140      	cbz	r0, 1000595e <tu_edpt_stream_write_xfer+0x4e>
1000594c:	b173      	cbz	r3, 1000596c <tu_edpt_stream_write_xfer+0x5c>
1000594e:	f04f 23e0 	mov.w	r3, #3758153728	@ 0xe000e000
10005952:	f8d3 3df0 	ldr.w	r3, [r3, #3568]	@ 0xdf0
10005956:	07db      	lsls	r3, r3, #31
10005958:	d5e6      	bpl.n	10005928 <tu_edpt_stream_write_xfer+0x18>
1000595a:	be00      	bkpt	0x0000
1000595c:	e7e4      	b.n	10005928 <tu_edpt_stream_write_xfer+0x18>
1000595e:	2b00      	cmp	r3, #0
10005960:	d1e2      	bne.n	10005928 <tu_edpt_stream_write_xfer+0x18>
10005962:	4630      	mov	r0, r6
10005964:	7861      	ldrb	r1, [r4, #1]
10005966:	f7ff f973 	bl	10004c50 <usbd_edpt_release>
1000596a:	e7dd      	b.n	10005928 <tu_edpt_stream_write_xfer+0x18>
1000596c:	4603      	mov	r3, r0
1000596e:	6862      	ldr	r2, [r4, #4]
10005970:	4630      	mov	r0, r6
10005972:	7861      	ldrb	r1, [r4, #1]
10005974:	f7ff f97e 	bl	10004c74 <usbd_edpt_xfer>
10005978:	2800      	cmp	r0, #0
1000597a:	d0e8      	beq.n	1000594e <tu_edpt_stream_write_xfer+0x3e>
1000597c:	4628      	mov	r0, r5
1000597e:	bd70      	pop	{r4, r5, r6, pc}

10005980 <tu_edpt_stream_read_xfer>:
10005980:	898a      	ldrh	r2, [r1, #12]
10005982:	e92d 41f0 	stmdb	sp!, {r4, r5, r6, r7, r8, lr}
10005986:	780b      	ldrb	r3, [r1, #0]
10005988:	460c      	mov	r4, r1
1000598a:	4606      	mov	r6, r0
1000598c:	b922      	cbnz	r2, 10005998 <tu_edpt_stream_read_xfer+0x18>
1000598e:	07dd      	lsls	r5, r3, #31
10005990:	d534      	bpl.n	100059fc <tu_edpt_stream_read_xfer+0x7c>
10005992:	2000      	movs	r0, #0
10005994:	e8bd 81f0 	ldmia.w	sp!, {r4, r5, r6, r7, r8, pc}
10005998:	f104 0708 	add.w	r7, r4, #8
1000599c:	0799      	lsls	r1, r3, #30
1000599e:	4638      	mov	r0, r7
100059a0:	bf47      	ittee	mi
100059a2:	f44f 487e 	movmi.w	r8, #65024	@ 0xfe00
100059a6:	f44f 7500 	movmi.w	r5, #512	@ 0x200
100059aa:	f64f 78c0 	movwpl	r8, #65472	@ 0xffc0
100059ae:	2540      	movpl	r5, #64	@ 0x40
100059b0:	f000 f894 	bl	10005adc <tu_fifo_remaining>
100059b4:	4285      	cmp	r5, r0
100059b6:	d8ec      	bhi.n	10005992 <tu_edpt_stream_read_xfer+0x12>
100059b8:	7823      	ldrb	r3, [r4, #0]
100059ba:	07da      	lsls	r2, r3, #31
100059bc:	d4e9      	bmi.n	10005992 <tu_edpt_stream_read_xfer+0x12>
100059be:	4630      	mov	r0, r6
100059c0:	7861      	ldrb	r1, [r4, #1]
100059c2:	f7ff f933 	bl	10004c2c <usbd_edpt_claim>
100059c6:	2800      	cmp	r0, #0
100059c8:	d0e3      	beq.n	10005992 <tu_edpt_stream_read_xfer+0x12>
100059ca:	4638      	mov	r0, r7
100059cc:	f000 f886 	bl	10005adc <tu_fifo_remaining>
100059d0:	7823      	ldrb	r3, [r4, #0]
100059d2:	4285      	cmp	r5, r0
100059d4:	f003 0301 	and.w	r3, r3, #1
100059d8:	d82d      	bhi.n	10005a36 <tu_edpt_stream_read_xfer+0xb6>
100059da:	b9bb      	cbnz	r3, 10005a0c <tu_edpt_stream_read_xfer+0x8c>
100059dc:	8865      	ldrh	r5, [r4, #2]
100059de:	ea08 0800 	and.w	r8, r8, r0
100059e2:	4545      	cmp	r5, r8
100059e4:	bf28      	it	cs
100059e6:	4645      	movcs	r5, r8
100059e8:	7861      	ldrb	r1, [r4, #1]
100059ea:	b35d      	cbz	r5, 10005a44 <tu_edpt_stream_read_xfer+0xc4>
100059ec:	6862      	ldr	r2, [r4, #4]
100059ee:	462b      	mov	r3, r5
100059f0:	4630      	mov	r0, r6
100059f2:	f7ff f93f 	bl	10004c74 <usbd_edpt_xfer>
100059f6:	b148      	cbz	r0, 10005a0c <tu_edpt_stream_read_xfer+0x8c>
100059f8:	4628      	mov	r0, r5
100059fa:	e7cb      	b.n	10005994 <tu_edpt_stream_read_xfer+0x14>
100059fc:	7849      	ldrb	r1, [r1, #1]
100059fe:	f7ff f915 	bl	10004c2c <usbd_edpt_claim>
10005a02:	2800      	cmp	r0, #0
10005a04:	d0c5      	beq.n	10005992 <tu_edpt_stream_read_xfer+0x12>
10005a06:	7823      	ldrb	r3, [r4, #0]
10005a08:	07d8      	lsls	r0, r3, #31
10005a0a:	d507      	bpl.n	10005a1c <tu_edpt_stream_read_xfer+0x9c>
10005a0c:	f04f 23e0 	mov.w	r3, #3758153728	@ 0xe000e000
10005a10:	f8d3 3df0 	ldr.w	r3, [r3, #3568]	@ 0xdf0
10005a14:	07db      	lsls	r3, r3, #31
10005a16:	d5bc      	bpl.n	10005992 <tu_edpt_stream_read_xfer+0x12>
10005a18:	be00      	bkpt	0x0000
10005a1a:	e7ba      	b.n	10005992 <tu_edpt_stream_read_xfer+0x12>
10005a1c:	8863      	ldrh	r3, [r4, #2]
10005a1e:	7861      	ldrb	r1, [r4, #1]
10005a20:	b13b      	cbz	r3, 10005a32 <tu_edpt_stream_read_xfer+0xb2>
10005a22:	6862      	ldr	r2, [r4, #4]
10005a24:	4630      	mov	r0, r6
10005a26:	f7ff f925 	bl	10004c74 <usbd_edpt_xfer>
10005a2a:	2800      	cmp	r0, #0
10005a2c:	d0ee      	beq.n	10005a0c <tu_edpt_stream_read_xfer+0x8c>
10005a2e:	8860      	ldrh	r0, [r4, #2]
10005a30:	e7b0      	b.n	10005994 <tu_edpt_stream_read_xfer+0x14>
10005a32:	461a      	mov	r2, r3
10005a34:	e7f6      	b.n	10005a24 <tu_edpt_stream_read_xfer+0xa4>
10005a36:	2b00      	cmp	r3, #0
10005a38:	d1ab      	bne.n	10005992 <tu_edpt_stream_read_xfer+0x12>
10005a3a:	4630      	mov	r0, r6
10005a3c:	7861      	ldrb	r1, [r4, #1]
10005a3e:	f7ff f907 	bl	10004c50 <usbd_edpt_release>
10005a42:	e7a6      	b.n	10005992 <tu_edpt_stream_read_xfer+0x12>
10005a44:	462a      	mov	r2, r5
10005a46:	e7d2      	b.n	100059ee <tu_edpt_stream_read_xfer+0x6e>

10005a48 <tu_fifo_config>:
10005a48:	e92d 41f0 	stmdb	sp!, {r4, r5, r6, r7, r8, lr}
10005a4c:	f5b2 4f00 	cmp.w	r2, #32768	@ 0x8000
10005a50:	f89d 8018 	ldrb.w	r8, [sp, #24]
10005a54:	d824      	bhi.n	10005aa0 <tu_fifo_config+0x58>
10005a56:	4604      	mov	r4, r0
10005a58:	68c0      	ldr	r0, [r0, #12]
10005a5a:	4617      	mov	r7, r2
10005a5c:	460e      	mov	r6, r1
10005a5e:	461d      	mov	r5, r3
10005a60:	b118      	cbz	r0, 10005a6a <tu_fifo_config+0x22>
10005a62:	f04f 31ff 	mov.w	r1, #4294967295	@ 0xffffffff
10005a66:	f000 fd37 	bl	100064d8 <__mutex_enter_timeout_ms_veneer>
10005a6a:	6920      	ldr	r0, [r4, #16]
10005a6c:	b118      	cbz	r0, 10005a76 <tu_fifo_config+0x2e>
10005a6e:	f04f 31ff 	mov.w	r1, #4294967295	@ 0xffffffff
10005a72:	f000 fd31 	bl	100064d8 <__mutex_enter_timeout_ms_veneer>
10005a76:	2200      	movs	r2, #0
10005a78:	f3c5 030e 	ubfx	r3, r5, #0, #15
10005a7c:	68e0      	ldr	r0, [r4, #12]
10005a7e:	ea43 33c8 	orr.w	r3, r3, r8, lsl #15
10005a82:	8162      	strh	r2, [r4, #10]
10005a84:	6026      	str	r6, [r4, #0]
10005a86:	80a7      	strh	r7, [r4, #4]
10005a88:	80e3      	strh	r3, [r4, #6]
10005a8a:	8122      	strh	r2, [r4, #8]
10005a8c:	b108      	cbz	r0, 10005a92 <tu_fifo_config+0x4a>
10005a8e:	f000 fd2f 	bl	100064f0 <__mutex_exit_veneer>
10005a92:	6920      	ldr	r0, [r4, #16]
10005a94:	b108      	cbz	r0, 10005a9a <tu_fifo_config+0x52>
10005a96:	f000 fd2b 	bl	100064f0 <__mutex_exit_veneer>
10005a9a:	2001      	movs	r0, #1
10005a9c:	e8bd 81f0 	ldmia.w	sp!, {r4, r5, r6, r7, r8, pc}
10005aa0:	2000      	movs	r0, #0
10005aa2:	e8bd 81f0 	ldmia.w	sp!, {r4, r5, r6, r7, r8, pc}
10005aa6:	bf00      	nop

10005aa8 <tu_fifo_count>:
10005aa8:	8903      	ldrh	r3, [r0, #8]
10005aaa:	8942      	ldrh	r2, [r0, #10]
10005aac:	b29b      	uxth	r3, r3
10005aae:	b292      	uxth	r2, r2
10005ab0:	8880      	ldrh	r0, [r0, #4]
10005ab2:	4293      	cmp	r3, r2
10005ab4:	bf36      	itet	cc
10005ab6:	ebc2 0240 	rsbcc	r2, r2, r0, lsl #1
10005aba:	1a9b      	subcs	r3, r3, r2
10005abc:	189b      	addcc	r3, r3, r2
10005abe:	b29b      	uxth	r3, r3
10005ac0:	4298      	cmp	r0, r3
10005ac2:	bf28      	it	cs
10005ac4:	4618      	movcs	r0, r3
10005ac6:	4770      	bx	lr

10005ac8 <tu_fifo_empty>:
10005ac8:	8902      	ldrh	r2, [r0, #8]
10005aca:	8943      	ldrh	r3, [r0, #10]
10005acc:	b290      	uxth	r0, r2
10005ace:	b29b      	uxth	r3, r3
10005ad0:	1ac0      	subs	r0, r0, r3
10005ad2:	fab0 f080 	clz	r0, r0
10005ad6:	0940      	lsrs	r0, r0, #5
10005ad8:	4770      	bx	lr
10005ada:	bf00      	nop

10005adc <tu_fifo_remaining>:
10005adc:	8903      	ldrh	r3, [r0, #8]
10005ade:	8942      	ldrh	r2, [r0, #10]
10005ae0:	b29b      	uxth	r3, r3
10005ae2:	8880      	ldrh	r0, [r0, #4]
10005ae4:	b292      	uxth	r2, r2
10005ae6:	4293      	cmp	r3, r2
10005ae8:	bf36      	itet	cc
10005aea:	ebc2 0240 	rsbcc	r2, r2, r0, lsl #1
10005aee:	1a9b      	subcs	r3, r3, r2
10005af0:	189b      	addcc	r3, r3, r2
10005af2:	b29b      	uxth	r3, r3
10005af4:	4298      	cmp	r0, r3
10005af6:	bf86      	itte	hi
10005af8:	1ac0      	subhi	r0, r0, r3
10005afa:	b280      	uxthhi	r0, r0
10005afc:	2000      	movls	r0, #0
10005afe:	4770      	bx	lr

10005b00 <tu_fifo_read>:
10005b00:	b538      	push	{r3, r4, r5, lr}
10005b02:	4604      	mov	r4, r0
10005b04:	6900      	ldr	r0, [r0, #16]
10005b06:	460d      	mov	r5, r1
10005b08:	b118      	cbz	r0, 10005b12 <tu_fifo_read+0x12>
10005b0a:	f04f 31ff 	mov.w	r1, #4294967295	@ 0xffffffff
10005b0e:	f000 fce3 	bl	100064d8 <__mutex_enter_timeout_ms_veneer>
10005b12:	8921      	ldrh	r1, [r4, #8]
10005b14:	8963      	ldrh	r3, [r4, #10]
10005b16:	b289      	uxth	r1, r1
10005b18:	b29b      	uxth	r3, r3
10005b1a:	88a2      	ldrh	r2, [r4, #4]
10005b1c:	4299      	cmp	r1, r3
10005b1e:	bf36      	itet	cc
10005b20:	ebc3 0042 	rsbcc	r0, r3, r2, lsl #1
10005b24:	1ac8      	subcs	r0, r1, r3
10005b26:	1840      	addcc	r0, r0, r1
10005b28:	b280      	uxth	r0, r0
10005b2a:	b350      	cbz	r0, 10005b82 <tu_fifo_read+0x82>
10005b2c:	4282      	cmp	r2, r0
10005b2e:	d209      	bcs.n	10005b44 <tu_fifo_read+0x44>
10005b30:	4291      	cmp	r1, r2
10005b32:	bf2c      	ite	cs
10005b34:	1a89      	subcs	r1, r1, r2
10005b36:	1889      	addcc	r1, r1, r2
10005b38:	b28b      	uxth	r3, r1
10005b3a:	429a      	cmp	r2, r3
10005b3c:	8163      	strh	r3, [r4, #10]
10005b3e:	d803      	bhi.n	10005b48 <tu_fifo_read+0x48>
10005b40:	1a9b      	subs	r3, r3, r2
10005b42:	b29b      	uxth	r3, r3
10005b44:	429a      	cmp	r2, r3
10005b46:	d9fb      	bls.n	10005b40 <tu_fifo_read+0x40>
10005b48:	88e2      	ldrh	r2, [r4, #6]
10005b4a:	6821      	ldr	r1, [r4, #0]
10005b4c:	f3c2 020e 	ubfx	r2, r2, #0, #15
10005b50:	fb02 1103 	mla	r1, r2, r3, r1
10005b54:	4628      	mov	r0, r5
10005b56:	f000 fc17 	bl	10006388 <memcpy>
10005b5a:	8961      	ldrh	r1, [r4, #10]
10005b5c:	2501      	movs	r5, #1
10005b5e:	b289      	uxth	r1, r1
10005b60:	1c4b      	adds	r3, r1, #1
10005b62:	b29b      	uxth	r3, r3
10005b64:	4299      	cmp	r1, r3
10005b66:	88a2      	ldrh	r2, [r4, #4]
10005b68:	d90e      	bls.n	10005b88 <tu_fifo_read+0x88>
10005b6a:	2300      	movs	r3, #0
10005b6c:	fa02 f105 	lsl.w	r1, r2, r5
10005b70:	1a5b      	subs	r3, r3, r1
10005b72:	b29b      	uxth	r3, r3
10005b74:	6920      	ldr	r0, [r4, #16]
10005b76:	8163      	strh	r3, [r4, #10]
10005b78:	b108      	cbz	r0, 10005b7e <tu_fifo_read+0x7e>
10005b7a:	f000 fcb9 	bl	100064f0 <__mutex_exit_veneer>
10005b7e:	4628      	mov	r0, r5
10005b80:	bd38      	pop	{r3, r4, r5, pc}
10005b82:	4605      	mov	r5, r0
10005b84:	8963      	ldrh	r3, [r4, #10]
10005b86:	b29b      	uxth	r3, r3
10005b88:	ebb3 0f42 	cmp.w	r3, r2, lsl #1
10005b8c:	ea4f 0142 	mov.w	r1, r2, lsl #1
10005b90:	dbf0      	blt.n	10005b74 <tu_fifo_read+0x74>
10005b92:	e7ed      	b.n	10005b70 <tu_fifo_read+0x70>

10005b94 <tu_fifo_read_n>:
10005b94:	e92d 47f0 	stmdb	sp!, {r4, r5, r6, r7, r8, r9, sl, lr}
10005b98:	4606      	mov	r6, r0
10005b9a:	6900      	ldr	r0, [r0, #16]
10005b9c:	4688      	mov	r8, r1
10005b9e:	4691      	mov	r9, r2
10005ba0:	b118      	cbz	r0, 10005baa <tu_fifo_read_n+0x16>
10005ba2:	f04f 31ff 	mov.w	r1, #4294967295	@ 0xffffffff
10005ba6:	f000 fc97 	bl	100064d8 <__mutex_enter_timeout_ms_veneer>
10005baa:	8933      	ldrh	r3, [r6, #8]
10005bac:	8974      	ldrh	r4, [r6, #10]
10005bae:	b29b      	uxth	r3, r3
10005bb0:	b2a4      	uxth	r4, r4
10005bb2:	88b5      	ldrh	r5, [r6, #4]
10005bb4:	42a3      	cmp	r3, r4
10005bb6:	bf36      	itet	cc
10005bb8:	ebc4 0745 	rsbcc	r7, r4, r5, lsl #1
10005bbc:	1b1f      	subcs	r7, r3, r4
10005bbe:	18ff      	addcc	r7, r7, r3
10005bc0:	b2bf      	uxth	r7, r7
10005bc2:	2f00      	cmp	r7, #0
10005bc4:	d04a      	beq.n	10005c5c <tu_fifo_read_n+0xc8>
10005bc6:	42bd      	cmp	r5, r7
10005bc8:	d340      	bcc.n	10005c4c <tu_fifo_read_n+0xb8>
10005bca:	45b9      	cmp	r9, r7
10005bcc:	bf28      	it	cs
10005bce:	46b9      	movcs	r9, r7
10005bd0:	42a5      	cmp	r5, r4
10005bd2:	fa1f f789 	uxth.w	r7, r9
10005bd6:	d803      	bhi.n	10005be0 <tu_fifo_read_n+0x4c>
10005bd8:	1b64      	subs	r4, r4, r5
10005bda:	b2a4      	uxth	r4, r4
10005bdc:	42a5      	cmp	r5, r4
10005bde:	d9fb      	bls.n	10005bd8 <tu_fifo_read_n+0x44>
10005be0:	f8b6 a006 	ldrh.w	sl, [r6, #6]
10005be4:	1b2b      	subs	r3, r5, r4
10005be6:	6831      	ldr	r1, [r6, #0]
10005be8:	b29b      	uxth	r3, r3
10005bea:	f3ca 020e 	ubfx	r2, sl, #0, #15
10005bee:	429f      	cmp	r7, r3
10005bf0:	4692      	mov	sl, r2
10005bf2:	fb02 1104 	mla	r1, r2, r4, r1
10005bf6:	d923      	bls.n	10005c40 <tu_fifo_read_n+0xac>
10005bf8:	fb13 f302 	smulbb	r3, r3, r2
10005bfc:	fa1f f983 	uxth.w	r9, r3
10005c00:	464a      	mov	r2, r9
10005c02:	4640      	mov	r0, r8
10005c04:	1b7d      	subs	r5, r7, r5
10005c06:	f000 fbbf 	bl	10006388 <memcpy>
10005c0a:	1962      	adds	r2, r4, r5
10005c0c:	fb12 f20a 	smulbb	r2, r2, sl
10005c10:	6831      	ldr	r1, [r6, #0]
10005c12:	eb08 0009 	add.w	r0, r8, r9
10005c16:	b292      	uxth	r2, r2
10005c18:	f000 fbb6 	bl	10006388 <memcpy>
10005c1c:	8972      	ldrh	r2, [r6, #10]
10005c1e:	88b5      	ldrh	r5, [r6, #4]
10005c20:	b292      	uxth	r2, r2
10005c22:	19d3      	adds	r3, r2, r7
10005c24:	b29b      	uxth	r3, r3
10005c26:	429a      	cmp	r2, r3
10005c28:	d91a      	bls.n	10005c60 <tu_fifo_read_n+0xcc>
10005c2a:	006a      	lsls	r2, r5, #1
10005c2c:	1a9b      	subs	r3, r3, r2
10005c2e:	b29b      	uxth	r3, r3
10005c30:	6930      	ldr	r0, [r6, #16]
10005c32:	8173      	strh	r3, [r6, #10]
10005c34:	b108      	cbz	r0, 10005c3a <tu_fifo_read_n+0xa6>
10005c36:	f000 fc5b 	bl	100064f0 <__mutex_exit_veneer>
10005c3a:	4638      	mov	r0, r7
10005c3c:	e8bd 87f0 	ldmia.w	sp!, {r4, r5, r6, r7, r8, r9, sl, pc}
10005c40:	4640      	mov	r0, r8
10005c42:	fb07 f202 	mul.w	r2, r7, r2
10005c46:	f000 fb9f 	bl	10006388 <memcpy>
10005c4a:	e7e7      	b.n	10005c1c <tu_fifo_read_n+0x88>
10005c4c:	42ab      	cmp	r3, r5
10005c4e:	bf2c      	ite	cs
10005c50:	1b5b      	subcs	r3, r3, r5
10005c52:	195b      	addcc	r3, r3, r5
10005c54:	b29c      	uxth	r4, r3
10005c56:	462f      	mov	r7, r5
10005c58:	8174      	strh	r4, [r6, #10]
10005c5a:	e7b6      	b.n	10005bca <tu_fifo_read_n+0x36>
10005c5c:	8973      	ldrh	r3, [r6, #10]
10005c5e:	b29b      	uxth	r3, r3
10005c60:	ebb3 0f45 	cmp.w	r3, r5, lsl #1
10005c64:	ea4f 0245 	mov.w	r2, r5, lsl #1
10005c68:	dbe2      	blt.n	10005c30 <tu_fifo_read_n+0x9c>
10005c6a:	e7df      	b.n	10005c2c <tu_fifo_read_n+0x98>

10005c6c <tu_fifo_write>:
10005c6c:	b5f8      	push	{r3, r4, r5, r6, r7, lr}
10005c6e:	4604      	mov	r4, r0
10005c70:	68c0      	ldr	r0, [r0, #12]
10005c72:	460e      	mov	r6, r1
10005c74:	b118      	cbz	r0, 10005c7e <tu_fifo_write+0x12>
10005c76:	f04f 31ff 	mov.w	r1, #4294967295	@ 0xffffffff
10005c7a:	f000 fc2d 	bl	100064d8 <__mutex_enter_timeout_ms_veneer>
10005c7e:	8925      	ldrh	r5, [r4, #8]
10005c80:	8923      	ldrh	r3, [r4, #8]
10005c82:	8961      	ldrh	r1, [r4, #10]
10005c84:	b29b      	uxth	r3, r3
10005c86:	b289      	uxth	r1, r1
10005c88:	88a2      	ldrh	r2, [r4, #4]
10005c8a:	428b      	cmp	r3, r1
10005c8c:	bf36      	itet	cc
10005c8e:	ebc1 0142 	rsbcc	r1, r1, r2, lsl #1
10005c92:	1a5b      	subcs	r3, r3, r1
10005c94:	185b      	addcc	r3, r3, r1
10005c96:	b29b      	uxth	r3, r3
10005c98:	429a      	cmp	r2, r3
10005c9a:	b2ad      	uxth	r5, r5
10005c9c:	d808      	bhi.n	10005cb0 <tu_fifo_write+0x44>
10005c9e:	79e7      	ldrb	r7, [r4, #7]
10005ca0:	09ff      	lsrs	r7, r7, #7
10005ca2:	d105      	bne.n	10005cb0 <tu_fifo_write+0x44>
10005ca4:	68e0      	ldr	r0, [r4, #12]
10005ca6:	b108      	cbz	r0, 10005cac <tu_fifo_write+0x40>
10005ca8:	f000 fc22 	bl	100064f0 <__mutex_exit_veneer>
10005cac:	4638      	mov	r0, r7
10005cae:	bdf8      	pop	{r3, r4, r5, r6, r7, pc}
10005cb0:	4295      	cmp	r5, r2
10005cb2:	bf28      	it	cs
10005cb4:	462b      	movcs	r3, r5
10005cb6:	d318      	bcc.n	10005cea <tu_fifo_write+0x7e>
10005cb8:	1a9b      	subs	r3, r3, r2
10005cba:	b29b      	uxth	r3, r3
10005cbc:	4293      	cmp	r3, r2
10005cbe:	d2fb      	bcs.n	10005cb8 <tu_fifo_write+0x4c>
10005cc0:	88e2      	ldrh	r2, [r4, #6]
10005cc2:	6820      	ldr	r0, [r4, #0]
10005cc4:	f3c2 020e 	ubfx	r2, r2, #0, #15
10005cc8:	fb02 0003 	mla	r0, r2, r3, r0
10005ccc:	4631      	mov	r1, r6
10005cce:	f000 fb5b 	bl	10006388 <memcpy>
10005cd2:	1c6b      	adds	r3, r5, #1
10005cd4:	b29b      	uxth	r3, r3
10005cd6:	429d      	cmp	r5, r3
10005cd8:	88a2      	ldrh	r2, [r4, #4]
10005cda:	d912      	bls.n	10005d02 <tu_fifo_write+0x96>
10005cdc:	2300      	movs	r3, #0
10005cde:	0051      	lsls	r1, r2, #1
10005ce0:	1a5b      	subs	r3, r3, r1
10005ce2:	b29b      	uxth	r3, r3
10005ce4:	2701      	movs	r7, #1
10005ce6:	8123      	strh	r3, [r4, #8]
10005ce8:	e7dc      	b.n	10005ca4 <tu_fifo_write+0x38>
10005cea:	88e2      	ldrh	r2, [r4, #6]
10005cec:	6820      	ldr	r0, [r4, #0]
10005cee:	f3c2 020e 	ubfx	r2, r2, #0, #15
10005cf2:	fb05 0002 	mla	r0, r5, r2, r0
10005cf6:	4631      	mov	r1, r6
10005cf8:	f000 fb46 	bl	10006388 <memcpy>
10005cfc:	3501      	adds	r5, #1
10005cfe:	88a2      	ldrh	r2, [r4, #4]
10005d00:	b2ab      	uxth	r3, r5
10005d02:	ebb3 0f42 	cmp.w	r3, r2, lsl #1
10005d06:	ea4f 0142 	mov.w	r1, r2, lsl #1
10005d0a:	dbeb      	blt.n	10005ce4 <tu_fifo_write+0x78>
10005d0c:	e7e8      	b.n	10005ce0 <tu_fifo_write+0x74>
10005d0e:	bf00      	nop

10005d10 <tu_fifo_write_n>:
10005d10:	e92d 4ff0 	stmdb	sp!, {r4, r5, r6, r7, r8, r9, sl, fp, lr}
10005d14:	4617      	mov	r7, r2
10005d16:	b083      	sub	sp, #12
10005d18:	2a00      	cmp	r2, #0
10005d1a:	d075      	beq.n	10005e08 <tu_fifo_write_n+0xf8>
10005d1c:	4606      	mov	r6, r0
10005d1e:	68c0      	ldr	r0, [r0, #12]
10005d20:	4689      	mov	r9, r1
10005d22:	b118      	cbz	r0, 10005d2c <tu_fifo_write_n+0x1c>
10005d24:	f04f 31ff 	mov.w	r1, #4294967295	@ 0xffffffff
10005d28:	f000 fbd6 	bl	100064d8 <__mutex_enter_timeout_ms_veneer>
10005d2c:	79f3      	ldrb	r3, [r6, #7]
10005d2e:	f8b6 8008 	ldrh.w	r8, [r6, #8]
10005d32:	8972      	ldrh	r2, [r6, #10]
10005d34:	09db      	lsrs	r3, r3, #7
10005d36:	88b5      	ldrh	r5, [r6, #4]
10005d38:	fa1f f888 	uxth.w	r8, r8
10005d3c:	b292      	uxth	r2, r2
10005d3e:	d13c      	bne.n	10005dba <tu_fifo_write_n+0xaa>
10005d40:	4590      	cmp	r8, r2
10005d42:	bf36      	itet	cc
10005d44:	ebc2 0245 	rsbcc	r2, r2, r5, lsl #1
10005d48:	eba8 0202 	subcs.w	r2, r8, r2
10005d4c:	4442      	addcc	r2, r8
10005d4e:	b292      	uxth	r2, r2
10005d50:	42aa      	cmp	r2, r5
10005d52:	d25e      	bcs.n	10005e12 <tu_fifo_write_n+0x102>
10005d54:	1aaa      	subs	r2, r5, r2
10005d56:	b292      	uxth	r2, r2
10005d58:	42ba      	cmp	r2, r7
10005d5a:	bf28      	it	cs
10005d5c:	463a      	movcs	r2, r7
10005d5e:	f8b6 b006 	ldrh.w	fp, [r6, #6]
10005d62:	b297      	uxth	r7, r2
10005d64:	1b7b      	subs	r3, r7, r5
10005d66:	eb08 0a07 	add.w	sl, r8, r7
10005d6a:	f3cb 0b0e 	ubfx	fp, fp, #0, #15
10005d6e:	b29b      	uxth	r3, r3
10005d70:	fa1f fa8a 	uxth.w	sl, sl
10005d74:	45a8      	cmp	r8, r5
10005d76:	4644      	mov	r4, r8
10005d78:	d303      	bcc.n	10005d82 <tu_fifo_write_n+0x72>
10005d7a:	1b64      	subs	r4, r4, r5
10005d7c:	b2a4      	uxth	r4, r4
10005d7e:	42ac      	cmp	r4, r5
10005d80:	d2fb      	bcs.n	10005d7a <tu_fifo_write_n+0x6a>
10005d82:	1b2d      	subs	r5, r5, r4
10005d84:	6830      	ldr	r0, [r6, #0]
10005d86:	b2ad      	uxth	r5, r5
10005d88:	42bd      	cmp	r5, r7
10005d8a:	fb0b 0004 	mla	r0, fp, r4, r0
10005d8e:	d357      	bcc.n	10005e40 <tu_fifo_write_n+0x130>
10005d90:	4649      	mov	r1, r9
10005d92:	fb0b f207 	mul.w	r2, fp, r7
10005d96:	f000 faf7 	bl	10006388 <memcpy>
10005d9a:	88b2      	ldrh	r2, [r6, #4]
10005d9c:	45d0      	cmp	r8, sl
10005d9e:	ea4f 0342 	mov.w	r3, r2, lsl #1
10005da2:	d802      	bhi.n	10005daa <tu_fifo_write_n+0x9a>
10005da4:	ebba 0f42 	cmp.w	sl, r2, lsl #1
10005da8:	db03      	blt.n	10005db2 <tu_fifo_write_n+0xa2>
10005daa:	ebaa 0303 	sub.w	r3, sl, r3
10005dae:	fa1f fa83 	uxth.w	sl, r3
10005db2:	463d      	mov	r5, r7
10005db4:	f8a6 a008 	strh.w	sl, [r6, #8]
10005db8:	e02c      	b.n	10005e14 <tu_fifo_write_n+0x104>
10005dba:	f8b6 b006 	ldrh.w	fp, [r6, #6]
10005dbe:	42af      	cmp	r7, r5
10005dc0:	f3cb 0b0e 	ubfx	fp, fp, #0, #15
10005dc4:	d22f      	bcs.n	10005e26 <tu_fifo_write_n+0x116>
10005dc6:	4590      	cmp	r8, r2
10005dc8:	bf36      	itet	cc
10005dca:	ebc2 0145 	rsbcc	r1, r2, r5, lsl #1
10005dce:	eba8 0102 	subcs.w	r1, r8, r2
10005dd2:	4441      	addcc	r1, r8
10005dd4:	b289      	uxth	r1, r1
10005dd6:	0068      	lsls	r0, r5, #1
10005dd8:	4439      	add	r1, r7
10005dda:	1b7b      	subs	r3, r7, r5
10005ddc:	4281      	cmp	r1, r0
10005dde:	b29b      	uxth	r3, r3
10005de0:	db0d      	blt.n	10005dfe <tu_fifo_write_n+0xee>
10005de2:	eb02 0a05 	add.w	sl, r2, r5
10005de6:	fa1f fa8a 	uxth.w	sl, sl
10005dea:	ebaa 0807 	sub.w	r8, sl, r7
10005dee:	fa1f f888 	uxth.w	r8, r8
10005df2:	4542      	cmp	r2, r8
10005df4:	d937      	bls.n	10005e66 <tu_fifo_write_n+0x156>
10005df6:	eba8 0000 	sub.w	r0, r8, r0
10005dfa:	fa1f f880 	uxth.w	r8, r0
10005dfe:	eb07 0a08 	add.w	sl, r7, r8
10005e02:	fa1f fa8a 	uxth.w	sl, sl
10005e06:	e7b5      	b.n	10005d74 <tu_fifo_write_n+0x64>
10005e08:	4615      	mov	r5, r2
10005e0a:	4628      	mov	r0, r5
10005e0c:	b003      	add	sp, #12
10005e0e:	e8bd 8ff0 	ldmia.w	sp!, {r4, r5, r6, r7, r8, r9, sl, fp, pc}
10005e12:	2500      	movs	r5, #0
10005e14:	68f0      	ldr	r0, [r6, #12]
10005e16:	2800      	cmp	r0, #0
10005e18:	d0f7      	beq.n	10005e0a <tu_fifo_write_n+0xfa>
10005e1a:	f000 fb69 	bl	100064f0 <__mutex_exit_veneer>
10005e1e:	4628      	mov	r0, r5
10005e20:	b003      	add	sp, #12
10005e22:	e8bd 8ff0 	ldmia.w	sp!, {r4, r5, r6, r7, r8, r9, sl, fp, pc}
10005e26:	2d00      	cmp	r5, #0
10005e28:	d0f4      	beq.n	10005e14 <tu_fifo_write_n+0x104>
10005e2a:	1b7f      	subs	r7, r7, r5
10005e2c:	eb02 0a05 	add.w	sl, r2, r5
10005e30:	fb0b 9907 	mla	r9, fp, r7, r9
10005e34:	4690      	mov	r8, r2
10005e36:	462f      	mov	r7, r5
10005e38:	2300      	movs	r3, #0
10005e3a:	fa1f fa8a 	uxth.w	sl, sl
10005e3e:	e799      	b.n	10005d74 <tu_fifo_write_n+0x64>
10005e40:	fb15 f50b 	smulbb	r5, r5, fp
10005e44:	b2ad      	uxth	r5, r5
10005e46:	462a      	mov	r2, r5
10005e48:	4649      	mov	r1, r9
10005e4a:	9301      	str	r3, [sp, #4]
10005e4c:	f000 fa9c 	bl	10006388 <memcpy>
10005e50:	9b01      	ldr	r3, [sp, #4]
10005e52:	6830      	ldr	r0, [r6, #0]
10005e54:	18e2      	adds	r2, r4, r3
10005e56:	fb12 f20b 	smulbb	r2, r2, fp
10005e5a:	eb09 0105 	add.w	r1, r9, r5
10005e5e:	b292      	uxth	r2, r2
10005e60:	f000 fa92 	bl	10006388 <memcpy>
10005e64:	e799      	b.n	10005d9a <tu_fifo_write_n+0x8a>
10005e66:	4540      	cmp	r0, r8
10005e68:	dc84      	bgt.n	10005d74 <tu_fifo_write_n+0x64>
10005e6a:	e7c4      	b.n	10005df6 <tu_fifo_write_n+0xe6>

10005e6c <tu_fifo_clear>:
10005e6c:	b510      	push	{r4, lr}
10005e6e:	4604      	mov	r4, r0
10005e70:	68c0      	ldr	r0, [r0, #12]
10005e72:	b118      	cbz	r0, 10005e7c <tu_fifo_clear+0x10>
10005e74:	f04f 31ff 	mov.w	r1, #4294967295	@ 0xffffffff
10005e78:	f000 fb2e 	bl	100064d8 <__mutex_enter_timeout_ms_veneer>
10005e7c:	6920      	ldr	r0, [r4, #16]
10005e7e:	b118      	cbz	r0, 10005e88 <tu_fifo_clear+0x1c>
10005e80:	f04f 31ff 	mov.w	r1, #4294967295	@ 0xffffffff
10005e84:	f000 fb28 	bl	100064d8 <__mutex_enter_timeout_ms_veneer>
10005e88:	2300      	movs	r3, #0
10005e8a:	68e0      	ldr	r0, [r4, #12]
10005e8c:	8163      	strh	r3, [r4, #10]
10005e8e:	8123      	strh	r3, [r4, #8]
10005e90:	b108      	cbz	r0, 10005e96 <tu_fifo_clear+0x2a>
10005e92:	f000 fb2d 	bl	100064f0 <__mutex_exit_veneer>
10005e96:	6920      	ldr	r0, [r4, #16]
10005e98:	b108      	cbz	r0, 10005e9e <tu_fifo_clear+0x32>
10005e9a:	f000 fb29 	bl	100064f0 <__mutex_exit_veneer>
10005e9e:	2001      	movs	r0, #1
10005ea0:	bd10      	pop	{r4, pc}
10005ea2:	bf00      	nop

10005ea4 <tu_fifo_set_overwritable>:
10005ea4:	b538      	push	{r3, r4, r5, lr}
10005ea6:	4604      	mov	r4, r0
10005ea8:	68c0      	ldr	r0, [r0, #12]
10005eaa:	460d      	mov	r5, r1
10005eac:	b118      	cbz	r0, 10005eb6 <tu_fifo_set_overwritable+0x12>
10005eae:	f04f 31ff 	mov.w	r1, #4294967295	@ 0xffffffff
10005eb2:	f000 fb11 	bl	100064d8 <__mutex_enter_timeout_ms_veneer>
10005eb6:	6920      	ldr	r0, [r4, #16]
10005eb8:	b118      	cbz	r0, 10005ec2 <tu_fifo_set_overwritable+0x1e>
10005eba:	f04f 31ff 	mov.w	r1, #4294967295	@ 0xffffffff
10005ebe:	f000 fb0b 	bl	100064d8 <__mutex_enter_timeout_ms_veneer>
10005ec2:	79e3      	ldrb	r3, [r4, #7]
10005ec4:	68e0      	ldr	r0, [r4, #12]
10005ec6:	f365 13c7 	bfi	r3, r5, #7, #1
10005eca:	71e3      	strb	r3, [r4, #7]
10005ecc:	b108      	cbz	r0, 10005ed2 <tu_fifo_set_overwritable+0x2e>
10005ece:	f000 fb0f 	bl	100064f0 <__mutex_exit_veneer>
10005ed2:	6920      	ldr	r0, [r4, #16]
10005ed4:	b108      	cbz	r0, 10005eda <tu_fifo_set_overwritable+0x36>
10005ed6:	f000 fb0b 	bl	100064f0 <__mutex_exit_veneer>
10005eda:	2001      	movs	r0, #1
10005edc:	bd38      	pop	{r3, r4, r5, pc}
10005ede:	bf00      	nop

10005ee0 <spi_init>:
10005ee0:	4b38      	ldr	r3, [pc, #224]	@ (10005fc4 <spi_init+0xe4>)
10005ee2:	e92d 47f0 	stmdb	sp!, {r4, r5, r6, r7, r8, r9, sl, lr}
10005ee6:	4298      	cmp	r0, r3
10005ee8:	bf14      	ite	ne
10005eea:	f44f 2300 	movne.w	r3, #524288	@ 0x80000
10005eee:	f44f 2380 	moveq.w	r3, #262144	@ 0x40000
10005ef2:	4607      	mov	r7, r0
10005ef4:	460e      	mov	r6, r1
10005ef6:	4d34      	ldr	r5, [pc, #208]	@ (10005fc8 <spi_init+0xe8>)
10005ef8:	4c34      	ldr	r4, [pc, #208]	@ (10005fcc <spi_init+0xec>)
10005efa:	4a35      	ldr	r2, [pc, #212]	@ (10005fd0 <spi_init+0xf0>)
10005efc:	602b      	str	r3, [r5, #0]
10005efe:	6023      	str	r3, [r4, #0]
10005f00:	6895      	ldr	r5, [r2, #8]
10005f02:	ea33 0505 	bics.w	r5, r3, r5
10005f06:	d1fb      	bne.n	10005f00 <spi_init+0x20>
10005f08:	2006      	movs	r0, #6
10005f0a:	f7fb fb73 	bl	100015f4 <clock_get_hz>
10005f0e:	4639      	mov	r1, r7
10005f10:	f04f 0a02 	mov.w	sl, #2
10005f14:	f851 ef04 	ldr.w	lr, [r1, #4]!
10005f18:	ea4f 59d6 	mov.w	r9, r6, lsr #23
10005f1c:	ea4f 2c46 	mov.w	ip, r6, lsl #9
10005f20:	f501 5840 	add.w	r8, r1, #12288	@ 0x3000
10005f24:	4663      	mov	r3, ip
10005f26:	464a      	mov	r2, r9
10005f28:	4654      	mov	r4, sl
10005f2a:	ea0e 0e0a 	and.w	lr, lr, sl
10005f2e:	f8c8 a000 	str.w	sl, [r8]
10005f32:	e008      	b.n	10005f46 <spi_init+0x66>
10005f34:	eb13 030c 	adds.w	r3, r3, ip
10005f38:	f104 0402 	add.w	r4, r4, #2
10005f3c:	eb42 0209 	adc.w	r2, r2, r9
10005f40:	f5b4 7f80 	cmp.w	r4, #256	@ 0x100
10005f44:	d003      	beq.n	10005f4e <spi_init+0x6e>
10005f46:	4298      	cmp	r0, r3
10005f48:	eb75 0a02 	sbcs.w	sl, r5, r2
10005f4c:	d2f2      	bcs.n	10005f34 <spi_init+0x54>
10005f4e:	f44f 7380 	mov.w	r3, #256	@ 0x100
10005f52:	ebc4 2204 	rsb	r2, r4, r4, lsl #8
10005f56:	e001      	b.n	10005f5c <spi_init+0x7c>
10005f58:	2b01      	cmp	r3, #1
10005f5a:	d030      	beq.n	10005fbe <spi_init+0xde>
10005f5c:	fbb0 fcf2 	udiv	ip, r0, r2
10005f60:	4566      	cmp	r6, ip
10005f62:	4699      	mov	r9, r3
10005f64:	eba2 0204 	sub.w	r2, r2, r4
10005f68:	f103 33ff 	add.w	r3, r3, #4294967295	@ 0xffffffff
10005f6c:	d2f4      	bcs.n	10005f58 <spi_init+0x78>
10005f6e:	fb09 f904 	mul.w	r9, r9, r4
10005f72:	021d      	lsls	r5, r3, #8
10005f74:	613c      	str	r4, [r7, #16]
10005f76:	2402      	movs	r4, #2
10005f78:	463b      	mov	r3, r7
10005f7a:	2603      	movs	r6, #3
10005f7c:	683a      	ldr	r2, [r7, #0]
10005f7e:	f501 5100 	add.w	r1, r1, #8192	@ 0x2000
10005f82:	406a      	eors	r2, r5
10005f84:	f507 5c80 	add.w	ip, r7, #4096	@ 0x1000
10005f88:	f402 427f 	and.w	r2, r2, #65280	@ 0xff00
10005f8c:	f8cc 2000 	str.w	r2, [ip]
10005f90:	f8c1 e000 	str.w	lr, [r1]
10005f94:	687d      	ldr	r5, [r7, #4]
10005f96:	f8c8 4000 	str.w	r4, [r8]
10005f9a:	f853 2b24 	ldr.w	r2, [r3], #36
10005f9e:	4025      	ands	r5, r4
10005fa0:	f082 0207 	eor.w	r2, r2, #7
10005fa4:	f002 02cf 	and.w	r2, r2, #207	@ 0xcf
10005fa8:	f503 5300 	add.w	r3, r3, #8192	@ 0x2000
10005fac:	f8cc 2000 	str.w	r2, [ip]
10005fb0:	fbb0 f0f9 	udiv	r0, r0, r9
10005fb4:	600d      	str	r5, [r1, #0]
10005fb6:	601e      	str	r6, [r3, #0]
10005fb8:	600c      	str	r4, [r1, #0]
10005fba:	e8bd 87f0 	ldmia.w	sp!, {r4, r5, r6, r7, r8, r9, sl, pc}
10005fbe:	46a1      	mov	r9, r4
10005fc0:	e7d8      	b.n	10005f74 <spi_init+0x94>
10005fc2:	bf00      	nop
10005fc4:	40080000 	.word	0x40080000
10005fc8:	40022000 	.word	0x40022000
10005fcc:	40023000 	.word	0x40023000
10005fd0:	40020000 	.word	0x40020000

10005fd4 <i2c_set_baudrate>:
10005fd4:	b5f8      	push	{r3, r4, r5, r6, r7, lr}
10005fd6:	4604      	mov	r4, r0
10005fd8:	2005      	movs	r0, #5
10005fda:	460f      	mov	r7, r1
10005fdc:	f7fb fb0a 	bl	100015f4 <clock_get_hz>
10005fe0:	eb00 0c57 	add.w	ip, r0, r7, lsr #1
10005fe4:	fbbc fcf7 	udiv	ip, ip, r7
10005fe8:	4d20      	ldr	r5, [pc, #128]	@ (1000606c <i2c_set_baudrate+0x98>)
10005fea:	eb0c 024c 	add.w	r2, ip, ip, lsl #1
10005fee:	fba5 6502 	umull	r6, r5, r5, r2
10005ff2:	491f      	ldr	r1, [pc, #124]	@ (10006070 <i2c_set_baudrate+0x9c>)
10005ff4:	08ae      	lsrs	r6, r5, #2
10005ff6:	428f      	cmp	r7, r1
10005ff8:	eb00 0340 	add.w	r3, r0, r0, lsl #1
10005ffc:	ebac 0595 	sub.w	r5, ip, r5, lsr #2
10006000:	d82e      	bhi.n	10006060 <i2c_set_baudrate+0x8c>
10006002:	f101 41d6 	add.w	r1, r1, #1795162112	@ 0x6b000000
10006006:	f501 01a1 	add.w	r1, r1, #5275648	@ 0x508000
1000600a:	f601 012c 	addw	r1, r1, #2092	@ 0x82c
1000600e:	fba1 1303 	umull	r1, r3, r1, r3
10006012:	0d9b      	lsrs	r3, r3, #22
10006014:	3301      	adds	r3, #1
10006016:	2100      	movs	r1, #0
10006018:	2a4f      	cmp	r2, #79	@ 0x4f
1000601a:	bf98      	it	ls
1000601c:	2201      	movls	r2, #1
1000601e:	6824      	ldr	r4, [r4, #0]
10006020:	fbb0 f0fc 	udiv	r0, r0, ip
10006024:	66e1      	str	r1, [r4, #108]	@ 0x6c
10006026:	6821      	ldr	r1, [r4, #0]
10006028:	f504 5780 	add.w	r7, r4, #4096	@ 0x1000
1000602c:	f081 0104 	eor.w	r1, r1, #4
10006030:	f001 0106 	and.w	r1, r1, #6
10006034:	6039      	str	r1, [r7, #0]
10006036:	bf88      	it	hi
10006038:	490c      	ldrhi	r1, [pc, #48]	@ (1000606c <i2c_set_baudrate+0x98>)
1000603a:	61e5      	str	r5, [r4, #28]
1000603c:	bf84      	itt	hi
1000603e:	fba1 1202 	umullhi	r1, r2, r1, r2
10006042:	0992      	lsrhi	r2, r2, #6
10006044:	6226      	str	r6, [r4, #32]
10006046:	f8c4 20a0 	str.w	r2, [r4, #160]	@ 0xa0
1000604a:	4622      	mov	r2, r4
1000604c:	2101      	movs	r1, #1
1000604e:	f852 5f7c 	ldr.w	r5, [r2, #124]!
10006052:	406b      	eors	r3, r5
10006054:	b29b      	uxth	r3, r3
10006056:	f502 5280 	add.w	r2, r2, #4096	@ 0x1000
1000605a:	6013      	str	r3, [r2, #0]
1000605c:	66e1      	str	r1, [r4, #108]	@ 0x6c
1000605e:	bdf8      	pop	{r3, r4, r5, r6, r7, pc}
10006060:	4904      	ldr	r1, [pc, #16]	@ (10006074 <i2c_set_baudrate+0xa0>)
10006062:	fba1 1303 	umull	r1, r3, r1, r3
10006066:	0ddb      	lsrs	r3, r3, #23
10006068:	3301      	adds	r3, #1
1000606a:	e7d4      	b.n	10006016 <i2c_set_baudrate+0x42>
1000606c:	cccccccd 	.word	0xcccccccd
10006070:	000f423f 	.word	0x000f423f
10006074:	55e63b89 	.word	0x55e63b89

10006078 <i2c_init>:
10006078:	4a0e      	ldr	r2, [pc, #56]	@ (100060b4 <i2c_init+0x3c>)
1000607a:	b430      	push	{r4, r5}
1000607c:	4290      	cmp	r0, r2
1000607e:	bf14      	ite	ne
10006080:	2220      	movne	r2, #32
10006082:	2210      	moveq	r2, #16
10006084:	4d0c      	ldr	r5, [pc, #48]	@ (100060b8 <i2c_init+0x40>)
10006086:	4b0d      	ldr	r3, [pc, #52]	@ (100060bc <i2c_init+0x44>)
10006088:	4c0d      	ldr	r4, [pc, #52]	@ (100060c0 <i2c_init+0x48>)
1000608a:	602a      	str	r2, [r5, #0]
1000608c:	601a      	str	r2, [r3, #0]
1000608e:	68a3      	ldr	r3, [r4, #8]
10006090:	ea32 0303 	bics.w	r3, r2, r3
10006094:	d1fb      	bne.n	1000608e <i2c_init+0x16>
10006096:	f240 1565 	movw	r5, #357	@ 0x165
1000609a:	2403      	movs	r4, #3
1000609c:	6802      	ldr	r2, [r0, #0]
1000609e:	7103      	strb	r3, [r0, #4]
100060a0:	66d3      	str	r3, [r2, #108]	@ 0x6c
100060a2:	6015      	str	r5, [r2, #0]
100060a4:	63d3      	str	r3, [r2, #60]	@ 0x3c
100060a6:	6393      	str	r3, [r2, #56]	@ 0x38
100060a8:	f8c2 4088 	str.w	r4, [r2, #136]	@ 0x88
100060ac:	bc30      	pop	{r4, r5}
100060ae:	f7ff bf91 	b.w	10005fd4 <i2c_set_baudrate>
100060b2:	bf00      	nop
100060b4:	2000121c 	.word	0x2000121c
100060b8:	40022000 	.word	0x40022000
100060bc:	40023000 	.word	0x40023000
100060c0:	40020000 	.word	0x40020000

100060c4 <pio_add_program>:
100060c4:	e92d 47f0 	stmdb	sp!, {r4, r5, r6, r7, r8, r9, sl, lr}
100060c8:	460f      	mov	r7, r1
100060ca:	4605      	mov	r5, r0
100060cc:	f7fa fa3c 	bl	10000548 <hw_claim_lock>
100060d0:	2201      	movs	r2, #1
100060d2:	f897 a004 	ldrb.w	sl, [r7, #4]
100060d6:	f997 c005 	ldrsb.w	ip, [r7, #5]
100060da:	f105 4e2f 	add.w	lr, r5, #2936012800	@ 0xaf000000
100060de:	f8df 80d4 	ldr.w	r8, [pc, #212]	@ 100061b4 <pio_add_program+0xf0>
100060e2:	f50e 0e60 	add.w	lr, lr, #14680064	@ 0xe00000
100060e6:	fa02 f20a 	lsl.w	r2, r2, sl
100060ea:	ea4f 5e1e 	mov.w	lr, lr, lsr #20
100060ee:	f1bc 0f00 	cmp.w	ip, #0
100060f2:	f858 602e 	ldr.w	r6, [r8, lr, lsl #2]
100060f6:	f102 32ff 	add.w	r2, r2, #4294967295	@ 0xffffffff
100060fa:	f1ca 0420 	rsb	r4, sl, #32
100060fe:	db35      	blt.n	1000616c <pio_add_program+0xa8>
10006100:	45a4      	cmp	ip, r4
10006102:	dc03      	bgt.n	1000610c <pio_add_program+0x48>
10006104:	fa02 f30c 	lsl.w	r3, r2, ip
10006108:	4233      	tst	r3, r6
1000610a:	d006      	beq.n	1000611a <pio_add_program+0x56>
1000610c:	f04f 34ff 	mov.w	r4, #4294967295	@ 0xffffffff
10006110:	f7fa fa2c 	bl	1000056c <hw_claim_unlock>
10006114:	4620      	mov	r0, r4
10006116:	e8bd 87f0 	ldmia.w	sp!, {r4, r5, r6, r7, r8, r9, sl, pc}
1000611a:	f8d5 3168 	ldr.w	r3, [r5, #360]	@ 0x168
1000611e:	79f9      	ldrb	r1, [r7, #7]
10006120:	2b00      	cmp	r3, #0
10006122:	d141      	bne.n	100061a8 <pio_add_program+0xe4>
10006124:	074b      	lsls	r3, r1, #29
10006126:	d431      	bmi.n	1000618c <pio_add_program+0xc8>
10006128:	4664      	mov	r4, ip
1000612a:	fa02 f20c 	lsl.w	r2, r2, ip
1000612e:	4216      	tst	r6, r2
10006130:	d133      	bne.n	1000619a <pio_add_program+0xd6>
10006132:	6839      	ldr	r1, [r7, #0]
10006134:	f1ba 0f00 	cmp.w	sl, #0
10006138:	d010      	beq.n	1000615c <pio_add_program+0x98>
1000613a:	4667      	mov	r7, ip
1000613c:	eb01 0a4a 	add.w	sl, r1, sl, lsl #1
10006140:	f831 3b02 	ldrh.w	r3, [r1], #2
10006144:	f107 0912 	add.w	r9, r7, #18
10006148:	f5b3 5f00 	cmp.w	r3, #8192	@ 0x2000
1000614c:	bf38      	it	cc
1000614e:	4463      	addcc	r3, ip
10006150:	4551      	cmp	r1, sl
10006152:	f107 0701 	add.w	r7, r7, #1
10006156:	f845 3029 	str.w	r3, [r5, r9, lsl #2]
1000615a:	d1f1      	bne.n	10006140 <pio_add_program+0x7c>
1000615c:	4332      	orrs	r2, r6
1000615e:	f848 202e 	str.w	r2, [r8, lr, lsl #2]
10006162:	f7fa fa03 	bl	1000056c <hw_claim_unlock>
10006166:	4620      	mov	r0, r4
10006168:	e8bd 87f0 	ldmia.w	sp!, {r4, r5, r6, r7, r8, r9, sl, pc}
1000616c:	2c00      	cmp	r4, #0
1000616e:	da02      	bge.n	10006176 <pio_add_program+0xb2>
10006170:	e013      	b.n	1000619a <pio_add_program+0xd6>
10006172:	3c01      	subs	r4, #1
10006174:	d311      	bcc.n	1000619a <pio_add_program+0xd6>
10006176:	fa02 f304 	lsl.w	r3, r2, r4
1000617a:	4233      	tst	r3, r6
1000617c:	46a4      	mov	ip, r4
1000617e:	d1f8      	bne.n	10006172 <pio_add_program+0xae>
10006180:	f8d5 1168 	ldr.w	r1, [r5, #360]	@ 0x168
10006184:	79fb      	ldrb	r3, [r7, #7]
10006186:	b991      	cbnz	r1, 100061ae <pio_add_program+0xea>
10006188:	075b      	lsls	r3, r3, #29
1000618a:	d5ce      	bpl.n	1000612a <pio_add_program+0x66>
1000618c:	f06f 040a 	mvn.w	r4, #10
10006190:	f7fa f9ec 	bl	1000056c <hw_claim_unlock>
10006194:	4620      	mov	r0, r4
10006196:	e8bd 87f0 	ldmia.w	sp!, {r4, r5, r6, r7, r8, r9, sl, pc}
1000619a:	f06f 0408 	mvn.w	r4, #8
1000619e:	f7fa f9e5 	bl	1000056c <hw_claim_unlock>
100061a2:	4620      	mov	r0, r4
100061a4:	e8bd 87f0 	ldmia.w	sp!, {r4, r5, r6, r7, r8, r9, sl, pc}
100061a8:	07c9      	lsls	r1, r1, #31
100061aa:	d5bd      	bpl.n	10006128 <pio_add_program+0x64>
100061ac:	e7ee      	b.n	1000618c <pio_add_program+0xc8>
100061ae:	07d9      	lsls	r1, r3, #31
100061b0:	d5bb      	bpl.n	1000612a <pio_add_program+0x66>
100061b2:	e7eb      	b.n	1000618c <pio_add_program+0xc8>
100061b4:	200016a4 	.word	0x200016a4

100061b8 <pio_sm_set_consecutive_pindirs>:
100061b8:	e92d 41f0 	stmdb	sp!, {r4, r5, r6, r7, r8, lr}
100061bc:	f8d0 4168 	ldr.w	r4, [r0, #360]	@ 0x168
100061c0:	f89d 6018 	ldrb.w	r6, [sp, #24]
100061c4:	1b12      	subs	r2, r2, r4
100061c6:	2a1f      	cmp	r2, #31
100061c8:	d838      	bhi.n	1000623c <pio_sm_set_consecutive_pindirs+0x84>
100061ca:	f24e 049f 	movw	r4, #57503	@ 0xe09f
100061ce:	f24e 0580 	movw	r5, #57472	@ 0xe080
100061d2:	f44f 3800 	mov.w	r8, #131072	@ 0x20000
100061d6:	eb01 0c41 	add.w	ip, r1, r1, lsl #1
100061da:	2e00      	cmp	r6, #0
100061dc:	bf18      	it	ne
100061de:	4625      	movne	r5, r4
100061e0:	eb00 04cc 	add.w	r4, r0, ip, lsl #3
100061e4:	f504 5443 	add.w	r4, r4, #12480	@ 0x30c0
100061e8:	eb00 0ccc 	add.w	ip, r0, ip, lsl #3
100061ec:	2b05      	cmp	r3, #5
100061ee:	f8dc 70dc 	ldr.w	r7, [ip, #220]	@ 0xdc
100061f2:	ea4f 0e41 	mov.w	lr, r1, lsl #1
100061f6:	f8dc 60cc 	ldr.w	r6, [ip, #204]	@ 0xcc
100061fa:	f8c4 800c 	str.w	r8, [r4, #12]
100061fe:	d90c      	bls.n	1000621a <pio_sm_set_consecutive_pindirs+0x62>
10006200:	0154      	lsls	r4, r2, #5
10006202:	3b05      	subs	r3, #5
10006204:	f044 54a0 	orr.w	r4, r4, #335544320	@ 0x14000000
10006208:	3205      	adds	r2, #5
1000620a:	2b05      	cmp	r3, #5
1000620c:	f8cc 40dc 	str.w	r4, [ip, #220]	@ 0xdc
10006210:	f002 021f 	and.w	r2, r2, #31
10006214:	f8cc 50d8 	str.w	r5, [ip, #216]	@ 0xd8
10006218:	d8f2      	bhi.n	10006200 <pio_sm_set_consecutive_pindirs+0x48>
1000621a:	4471      	add	r1, lr
1000621c:	eb00 01c1 	add.w	r1, r0, r1, lsl #3
10006220:	2000      	movs	r0, #0
10006222:	0152      	lsls	r2, r2, #5
10006224:	ea42 6383 	orr.w	r3, r2, r3, lsl #26
10006228:	f8c1 30dc 	str.w	r3, [r1, #220]	@ 0xdc
1000622c:	f8c1 50d8 	str.w	r5, [r1, #216]	@ 0xd8
10006230:	f8c1 70dc 	str.w	r7, [r1, #220]	@ 0xdc
10006234:	f8c1 60cc 	str.w	r6, [r1, #204]	@ 0xcc
10006238:	e8bd 81f0 	ldmia.w	sp!, {r4, r5, r6, r7, r8, pc}
1000623c:	f06f 0004 	mvn.w	r0, #4
10006240:	e7fa      	b.n	10006238 <pio_sm_set_consecutive_pindirs+0x80>
10006242:	bf00      	nop

10006244 <pio_sm_init>:
10006244:	b5f0      	push	{r4, r5, r6, r7, lr}
10006246:	2501      	movs	r5, #1
10006248:	6804      	ldr	r4, [r0, #0]
1000624a:	408d      	lsls	r5, r1
1000624c:	ea24 0405 	bic.w	r4, r4, r5
10006250:	6004      	str	r4, [r0, #0]
10006252:	b3b3      	cbz	r3, 100062c2 <pio_sm_init+0x7e>
10006254:	e9d3 5601 	ldrd	r5, r6, [r3, #4]
10006258:	681f      	ldr	r7, [r3, #0]
1000625a:	68dc      	ldr	r4, [r3, #12]
1000625c:	eb01 0341 	add.w	r3, r1, r1, lsl #1
10006260:	eb00 03c3 	add.w	r3, r0, r3, lsl #3
10006264:	f8c3 70c8 	str.w	r7, [r3, #200]	@ 0xc8
10006268:	ea4f 0c41 	mov.w	ip, r1, lsl #1
1000626c:	f8c3 60d0 	str.w	r6, [r3, #208]	@ 0xd0
10006270:	f8c3 50cc 	str.w	r5, [r3, #204]	@ 0xcc
10006274:	f8c3 40dc 	str.w	r4, [r3, #220]	@ 0xdc
10006278:	eb0c 0301 	add.w	r3, ip, r1
1000627c:	f04f 3501 	mov.w	r5, #16843009	@ 0x1010101
10006280:	eb00 0cc3 	add.w	ip, r0, r3, lsl #3
10006284:	f04f 4600 	mov.w	r6, #2147483648	@ 0x80000000
10006288:	eb00 0ec3 	add.w	lr, r0, r3, lsl #3
1000628c:	2301      	movs	r3, #1
1000628e:	f50e 5e86 	add.w	lr, lr, #4288	@ 0x10c0
10006292:	1d0c      	adds	r4, r1, #4
10006294:	f101 0708 	add.w	r7, r1, #8
10006298:	408d      	lsls	r5, r1
1000629a:	f8ce 6010 	str.w	r6, [lr, #16]
1000629e:	fa03 f404 	lsl.w	r4, r3, r4
100062a2:	f8ce 6010 	str.w	r6, [lr, #16]
100062a6:	f002 021f 	and.w	r2, r2, #31
100062aa:	6085      	str	r5, [r0, #8]
100062ac:	40bb      	lsls	r3, r7
100062ae:	f500 5000 	add.w	r0, r0, #8192	@ 0x2000
100062b2:	6004      	str	r4, [r0, #0]
100062b4:	f10e 0e10 	add.w	lr, lr, #16
100062b8:	6003      	str	r3, [r0, #0]
100062ba:	2000      	movs	r0, #0
100062bc:	f8cc 20d8 	str.w	r2, [ip, #216]	@ 0xd8
100062c0:	bdf0      	pop	{r4, r5, r6, r7, pc}
100062c2:	f44f 3780 	mov.w	r7, #65536	@ 0x10000
100062c6:	f44f 2640 	mov.w	r6, #786432	@ 0xc0000
100062ca:	f44f 35f8 	mov.w	r5, #126976	@ 0x1f000
100062ce:	eb01 0441 	add.w	r4, r1, r1, lsl #1
100062d2:	eb00 04c4 	add.w	r4, r0, r4, lsl #3
100062d6:	f8c4 70c8 	str.w	r7, [r4, #200]	@ 0xc8
100062da:	ea4f 0c41 	mov.w	ip, r1, lsl #1
100062de:	f8c4 60d0 	str.w	r6, [r4, #208]	@ 0xd0
100062e2:	f8c4 50cc 	str.w	r5, [r4, #204]	@ 0xcc
100062e6:	f8c4 30dc 	str.w	r3, [r4, #220]	@ 0xdc
100062ea:	e7c5      	b.n	10006278 <pio_sm_init+0x34>

100062ec <memset>:
100062ec:	0783      	lsls	r3, r0, #30
100062ee:	b530      	push	{r4, r5, lr}
100062f0:	d046      	beq.n	10006380 <memset+0x94>
100062f2:	1884      	adds	r4, r0, r2
100062f4:	4684      	mov	ip, r0
100062f6:	e004      	b.n	10006302 <memset+0x16>
100062f8:	f803 1b01 	strb.w	r1, [r3], #1
100062fc:	079d      	lsls	r5, r3, #30
100062fe:	d004      	beq.n	1000630a <memset+0x1e>
10006300:	469c      	mov	ip, r3
10006302:	45a4      	cmp	ip, r4
10006304:	4663      	mov	r3, ip
10006306:	d1f7      	bne.n	100062f8 <memset+0xc>
10006308:	bd30      	pop	{r4, r5, pc}
1000630a:	3a01      	subs	r2, #1
1000630c:	4402      	add	r2, r0
1000630e:	eba2 020c 	sub.w	r2, r2, ip
10006312:	2a03      	cmp	r2, #3
10006314:	d929      	bls.n	1000636a <memset+0x7e>
10006316:	b2cc      	uxtb	r4, r1
10006318:	2a0f      	cmp	r2, #15
1000631a:	eb04 2404 	add.w	r4, r4, r4, lsl #8
1000631e:	eb04 4404 	add.w	r4, r4, r4, lsl #16
10006322:	d92f      	bls.n	10006384 <memset+0x98>
10006324:	f1a2 0c10 	sub.w	ip, r2, #16
10006328:	f103 0510 	add.w	r5, r3, #16
1000632c:	f02c 0c0f 	bic.w	ip, ip, #15
10006330:	44ac      	add	ip, r5
10006332:	e9c3 4400 	strd	r4, r4, [r3]
10006336:	e9c3 4402 	strd	r4, r4, [r3, #8]
1000633a:	3310      	adds	r3, #16
1000633c:	4563      	cmp	r3, ip
1000633e:	d1f8      	bne.n	10006332 <memset+0x46>
10006340:	f012 0f0c 	tst.w	r2, #12
10006344:	f002 0e0f 	and.w	lr, r2, #15
10006348:	d018      	beq.n	1000637c <memset+0x90>
1000634a:	f02e 0c03 	bic.w	ip, lr, #3
1000634e:	f1ae 0504 	sub.w	r5, lr, #4
10006352:	461a      	mov	r2, r3
10006354:	449c      	add	ip, r3
10006356:	f842 4b04 	str.w	r4, [r2], #4
1000635a:	4562      	cmp	r2, ip
1000635c:	d1fb      	bne.n	10006356 <memset+0x6a>
1000635e:	f025 0403 	bic.w	r4, r5, #3
10006362:	3304      	adds	r3, #4
10006364:	f00e 0203 	and.w	r2, lr, #3
10006368:	4423      	add	r3, r4
1000636a:	2a00      	cmp	r2, #0
1000636c:	d0cc      	beq.n	10006308 <memset+0x1c>
1000636e:	b2c9      	uxtb	r1, r1
10006370:	441a      	add	r2, r3
10006372:	f803 1b01 	strb.w	r1, [r3], #1
10006376:	4293      	cmp	r3, r2
10006378:	d1fb      	bne.n	10006372 <memset+0x86>
1000637a:	bd30      	pop	{r4, r5, pc}
1000637c:	4672      	mov	r2, lr
1000637e:	e7f4      	b.n	1000636a <memset+0x7e>
10006380:	4603      	mov	r3, r0
10006382:	e7c6      	b.n	10006312 <memset+0x26>
10006384:	4696      	mov	lr, r2
10006386:	e7e0      	b.n	1000634a <memset+0x5e>

10006388 <memcpy>:
10006388:	4684      	mov	ip, r0
1000638a:	ea41 0300 	orr.w	r3, r1, r0
1000638e:	f013 0303 	ands.w	r3, r3, #3
10006392:	d149      	bne.n	10006428 <memcpy+0xa0>
10006394:	3a40      	subs	r2, #64	@ 0x40
10006396:	d323      	bcc.n	100063e0 <memcpy+0x58>
10006398:	680b      	ldr	r3, [r1, #0]
1000639a:	6003      	str	r3, [r0, #0]
1000639c:	684b      	ldr	r3, [r1, #4]
1000639e:	6043      	str	r3, [r0, #4]
100063a0:	688b      	ldr	r3, [r1, #8]
100063a2:	6083      	str	r3, [r0, #8]
100063a4:	68cb      	ldr	r3, [r1, #12]
100063a6:	60c3      	str	r3, [r0, #12]
100063a8:	690b      	ldr	r3, [r1, #16]
100063aa:	6103      	str	r3, [r0, #16]
100063ac:	694b      	ldr	r3, [r1, #20]
100063ae:	6143      	str	r3, [r0, #20]
100063b0:	698b      	ldr	r3, [r1, #24]
100063b2:	6183      	str	r3, [r0, #24]
100063b4:	69cb      	ldr	r3, [r1, #28]
100063b6:	61c3      	str	r3, [r0, #28]
100063b8:	6a0b      	ldr	r3, [r1, #32]
100063ba:	6203      	str	r3, [r0, #32]
100063bc:	6a4b      	ldr	r3, [r1, #36]	@ 0x24
100063be:	6243      	str	r3, [r0, #36]	@ 0x24
100063c0:	6a8b      	ldr	r3, [r1, #40]	@ 0x28
100063c2:	6283      	str	r3, [r0, #40]	@ 0x28
100063c4:	6acb      	ldr	r3, [r1, #44]	@ 0x2c
100063c6:	62c3      	str	r3, [r0, #44]	@ 0x2c
100063c8:	6b0b      	ldr	r3, [r1, #48]	@ 0x30
100063ca:	6303      	str	r3, [r0, #48]	@ 0x30
100063cc:	6b4b      	ldr	r3, [r1, #52]	@ 0x34
100063ce:	6343      	str	r3, [r0, #52]	@ 0x34
100063d0:	6b8b      	ldr	r3, [r1, #56]	@ 0x38
100063d2:	6383      	str	r3, [r0, #56]	@ 0x38
100063d4:	6bcb      	ldr	r3, [r1, #60]	@ 0x3c
100063d6:	63c3      	str	r3, [r0, #60]	@ 0x3c
100063d8:	3040      	adds	r0, #64	@ 0x40
100063da:	3140      	adds	r1, #64	@ 0x40
100063dc:	3a40      	subs	r2, #64	@ 0x40
100063de:	d2db      	bcs.n	10006398 <memcpy+0x10>
100063e0:	3230      	adds	r2, #48	@ 0x30
100063e2:	d30b      	bcc.n	100063fc <memcpy+0x74>
100063e4:	680b      	ldr	r3, [r1, #0]
100063e6:	6003      	str	r3, [r0, #0]
100063e8:	684b      	ldr	r3, [r1, #4]
100063ea:	6043      	str	r3, [r0, #4]
100063ec:	688b      	ldr	r3, [r1, #8]
100063ee:	6083      	str	r3, [r0, #8]
100063f0:	68cb      	ldr	r3, [r1, #12]
100063f2:	60c3      	str	r3, [r0, #12]
100063f4:	3010      	adds	r0, #16
100063f6:	3110      	adds	r1, #16
100063f8:	3a10      	subs	r2, #16
100063fa:	d2f3      	bcs.n	100063e4 <memcpy+0x5c>
100063fc:	320c      	adds	r2, #12
100063fe:	d305      	bcc.n	1000640c <memcpy+0x84>
10006400:	f851 3b04 	ldr.w	r3, [r1], #4
10006404:	f840 3b04 	str.w	r3, [r0], #4
10006408:	3a04      	subs	r2, #4
1000640a:	d2f9      	bcs.n	10006400 <memcpy+0x78>
1000640c:	3204      	adds	r2, #4
1000640e:	d008      	beq.n	10006422 <memcpy+0x9a>
10006410:	07d2      	lsls	r2, r2, #31
10006412:	bf1c      	itt	ne
10006414:	f811 3b01 	ldrbne.w	r3, [r1], #1
10006418:	f800 3b01 	strbne.w	r3, [r0], #1
1000641c:	d301      	bcc.n	10006422 <memcpy+0x9a>
1000641e:	880b      	ldrh	r3, [r1, #0]
10006420:	8003      	strh	r3, [r0, #0]
10006422:	4660      	mov	r0, ip
10006424:	4770      	bx	lr
10006426:	bf00      	nop
10006428:	2a08      	cmp	r2, #8
1000642a:	d313      	bcc.n	10006454 <memcpy+0xcc>
1000642c:	078b      	lsls	r3, r1, #30
1000642e:	d0b1      	beq.n	10006394 <memcpy+0xc>
10006430:	f010 0303 	ands.w	r3, r0, #3
10006434:	d0ae      	beq.n	10006394 <memcpy+0xc>
10006436:	f1c3 0304 	rsb	r3, r3, #4
1000643a:	1ad2      	subs	r2, r2, r3
1000643c:	07db      	lsls	r3, r3, #31
1000643e:	bf1c      	itt	ne
10006440:	f811 3b01 	ldrbne.w	r3, [r1], #1
10006444:	f800 3b01 	strbne.w	r3, [r0], #1
10006448:	d3a4      	bcc.n	10006394 <memcpy+0xc>
1000644a:	f831 3b02 	ldrh.w	r3, [r1], #2
1000644e:	f820 3b02 	strh.w	r3, [r0], #2
10006452:	e79f      	b.n	10006394 <memcpy+0xc>
10006454:	3a04      	subs	r2, #4
10006456:	d3d9      	bcc.n	1000640c <memcpy+0x84>
10006458:	3a01      	subs	r2, #1
1000645a:	f811 3b01 	ldrb.w	r3, [r1], #1
1000645e:	f800 3b01 	strb.w	r3, [r0], #1
10006462:	d2f9      	bcs.n	10006458 <memcpy+0xd0>
10006464:	780b      	ldrb	r3, [r1, #0]
10006466:	7003      	strb	r3, [r0, #0]
10006468:	784b      	ldrb	r3, [r1, #1]
1000646a:	7043      	strb	r3, [r0, #1]
1000646c:	788b      	ldrb	r3, [r1, #2]
1000646e:	7083      	strb	r3, [r0, #2]
10006470:	4660      	mov	r0, ip
10006472:	4770      	bx	lr

10006474 <strlen>:
10006474:	f020 0103 	bic.w	r1, r0, #3
10006478:	f010 0003 	ands.w	r0, r0, #3
1000647c:	f1c0 0000 	rsb	r0, r0, #0
10006480:	f851 3b04 	ldr.w	r3, [r1], #4
10006484:	f100 0c04 	add.w	ip, r0, #4
10006488:	ea4f 0ccc 	mov.w	ip, ip, lsl #3
1000648c:	f06f 0200 	mvn.w	r2, #0
10006490:	bf1c      	itt	ne
10006492:	fa22 f20c 	lsrne.w	r2, r2, ip
10006496:	4313      	orrne	r3, r2
10006498:	f04f 0c01 	mov.w	ip, #1
1000649c:	ea4c 2c0c 	orr.w	ip, ip, ip, lsl #8
100064a0:	ea4c 4c0c 	orr.w	ip, ip, ip, lsl #16
100064a4:	eba3 020c 	sub.w	r2, r3, ip
100064a8:	ea22 0203 	bic.w	r2, r2, r3
100064ac:	ea12 12cc 	ands.w	r2, r2, ip, lsl #7
100064b0:	bf04      	itt	eq
100064b2:	f851 3b04 	ldreq.w	r3, [r1], #4
100064b6:	3004      	addeq	r0, #4
100064b8:	d0f4      	beq.n	100064a4 <strlen+0x30>
100064ba:	f1c2 0100 	rsb	r1, r2, #0
100064be:	ea02 0201 	and.w	r2, r2, r1
100064c2:	fab2 f282 	clz	r2, r2
100064c6:	f1c2 021f 	rsb	r2, r2, #31
100064ca:	eb00 00d2 	add.w	r0, r0, r2, lsr #3
100064ce:	4770      	bx	lr

100064d0 <_fini>:
100064d0:	b5f8      	push	{r3, r4, r5, r6, r7, lr}
100064d2:	bf00      	nop
100064d4:	0000      	movs	r0, r0
	...

100064d8 <__mutex_enter_timeout_ms_veneer>:
100064d8:	f85f f000 	ldr.w	pc, [pc]	@ 100064dc <__mutex_enter_timeout_ms_veneer+0x4>
100064dc:	20000235 	.word	0x20000235

100064e0 <__hw_endpoint_start_next_buffer_veneer>:
100064e0:	f85f f000 	ldr.w	pc, [pc]	@ 100064e4 <__hw_endpoint_start_next_buffer_veneer+0x4>
100064e4:	20000b0d 	.word	0x20000b0d

100064e8 <____aeabi_uldivmod_veneer>:
100064e8:	f85f f000 	ldr.w	pc, [pc]	@ 100064ec <____aeabi_uldivmod_veneer+0x4>
100064ec:	20000dd1 	.word	0x20000dd1

100064f0 <__mutex_exit_veneer>:
100064f0:	f85f f000 	ldr.w	pc, [pc]	@ 100064f4 <__mutex_exit_veneer+0x4>
100064f4:	2000026d 	.word	0x2000026d

100064f8 <___hw_endpoint_buffer_control_update32_veneer>:
100064f8:	f85f f000 	ldr.w	pc, [pc]	@ 100064fc <___hw_endpoint_buffer_control_update32_veneer+0x4>
100064fc:	20000ac9 	.word	0x20000ac9

10006500 <__mutex_try_enter_block_until_veneer>:
10006500:	f85f f000 	ldr.w	pc, [pc]	@ 10006504 <__mutex_try_enter_block_until_veneer+0x4>
10006504:	200001cd 	.word	0x200001cd

10006508 <__e15_is_critical_frame_period_veneer>:
10006508:	f85f f000 	ldr.w	pc, [pc]	@ 1000650c <__e15_is_critical_frame_period_veneer+0x4>
1000650c:	20000a95 	.word	0x20000a95

10006510 <__e15_is_bulkin_ep_veneer>:
10006510:	f85f f000 	ldr.w	pc, [pc]	@ 10006514 <__e15_is_bulkin_ep_veneer+0x4>
10006514:	20000a6d 	.word	0x20000a6d

10006518 <__mutex_try_enter_veneer>:
10006518:	f85f f000 	ldr.w	pc, [pc]	@ 1000651c <__mutex_try_enter_veneer+0x4>
1000651c:	20000111 	.word	0x20000111

10006520 <__reset_non_control_endpoints_veneer>:
10006520:	f85f f000 	ldr.w	pc, [pc]	@ 10006524 <__reset_non_control_endpoints_veneer+0x4>
10006524:	200002a9 	.word	0x200002a9

10006528 <__pre_init_runtime_init_bootrom_reset>:
10006528:	100018c1                                ....

1000652c <__pre_init_runtime_init_early_resets>:
1000652c:	10001835                                5...

10006530 <__pre_init_runtime_init_usb_power_down>:
10006530:	10001869                                i...

10006534 <__pre_init_runtime_init_clocks>:
10006534:	10001955                                U...

10006538 <__pre_init_runtime_init_post_clock_resets>:
10006538:	100018a1                                ....

1000653c <__pre_init_runtime_init_boot_locks_reset>:
1000653c:	100017b9                                ....

10006540 <__pre_init_runtime_init_spin_locks_reset>:
10006540:	100018e9                                ....

10006544 <__pre_init_runtime_init_bootrom_locking_enable>:
10006544:	100017a5                                ....

10006548 <__pre_init_runtime_init_mutex>:
10006548:	10000ab5                                ....

1000654c <__pre_init_runtime_init_install_ram_vector_table>:
1000654c:	100018ed                                ....

10006550 <__pre_init_runtime_init_default_alarm_pool>:
10006550:	10000e79                                y...

10006554 <__pre_init_first_per_core_initializer>:
10006554:	10001805                                ....

10006558 <__pre_init_runtime_init_per_core_bootrom_reset>:
10006558:	100018d5                                ....

1000655c <__pre_init_runtime_init_per_core_enable_coprocessors>:
1000655c:	10001885                                ....

10006560 <__pre_init_spinlock_set_extexclall>:
10006560:	10000691                                ....

10006564 <__pre_init_runtime_init_per_core_irq_priorities>:
10006564:	100006b9                                ....

10006568 <__init_array_start>:
10006568:	10003d75 	.word	0x10003d75

1000656c <__frame_dummy_init_array_entry>:
1000656c:	10000211                                ....

Disassembly of section .data:

20000110 <mutex_try_enter>:
20000110:	4603      	mov	r3, r0
20000112:	b500      	push	{lr}
20000114:	6802      	ldr	r2, [r0, #0]
20000116:	f3ef 8c10 	mrs	ip, PRIMASK
2000011a:	b672      	cpsid	i
2000011c:	e8d2 efcf 	ldaexb	lr, [r2]
20000120:	2001      	movs	r0, #1
20000122:	f1be 0f00 	cmp.w	lr, #0
20000126:	d1f9      	bne.n	2000011c <mutex_try_enter+0xc>
20000128:	e8c2 0f4e 	strexb	lr, r0, [r2]
2000012c:	f1be 0f00 	cmp.w	lr, #0
20000130:	d1f4      	bne.n	2000011c <mutex_try_enter+0xc>
20000132:	f3bf 8f5f 	dmb	sy
20000136:	f993 2004 	ldrsb.w	r2, [r3, #4]
2000013a:	2a00      	cmp	r2, #0
2000013c:	db0a      	blt.n	20000154 <mutex_try_enter+0x44>
2000013e:	b101      	cbz	r1, 20000142 <mutex_try_enter+0x32>
20000140:	600a      	str	r2, [r1, #0]
20000142:	2000      	movs	r0, #0
20000144:	2200      	movs	r2, #0
20000146:	681b      	ldr	r3, [r3, #0]
20000148:	e8c3 2f8f 	stlb	r2, [r3]
2000014c:	f38c 8810 	msr	PRIMASK, ip
20000150:	f85d fb04 	ldr.w	pc, [sp], #4
20000154:	f04f 4250 	mov.w	r2, #3489660928	@ 0xd0000000
20000158:	6812      	ldr	r2, [r2, #0]
2000015a:	2001      	movs	r0, #1
2000015c:	711a      	strb	r2, [r3, #4]
2000015e:	e7f1      	b.n	20000144 <mutex_try_enter+0x34>

20000160 <mutex_enter_block_until>:
20000160:	f04f 4150 	mov.w	r1, #3489660928	@ 0xd0000000
20000164:	e92d 41f0 	stmdb	sp!, {r4, r5, r6, r7, r8, lr}
20000168:	2700      	movs	r7, #0
2000016a:	4604      	mov	r4, r0
2000016c:	4616      	mov	r6, r2
2000016e:	461d      	mov	r5, r3
20000170:	f8d1 8000 	ldr.w	r8, [r1]
20000174:	e008      	b.n	20000188 <mutex_enter_block_until+0x28>
20000176:	e8c1 7f8f 	stlb	r7, [r1]
2000017a:	f38c 8810 	msr	PRIMASK, ip
2000017e:	4630      	mov	r0, r6
20000180:	4629      	mov	r1, r5
20000182:	f000 ffe5 	bl	20001150 <__best_effort_wfe_or_timeout_veneer>
20000186:	b9e8      	cbnz	r0, 200001c4 <mutex_enter_block_until+0x64>
20000188:	6821      	ldr	r1, [r4, #0]
2000018a:	f3ef 8c10 	mrs	ip, PRIMASK
2000018e:	b672      	cpsid	i
20000190:	e8d1 2fcf 	ldaexb	r2, [r1]
20000194:	2301      	movs	r3, #1
20000196:	2a00      	cmp	r2, #0
20000198:	d1fa      	bne.n	20000190 <mutex_enter_block_until+0x30>
2000019a:	e8c1 3f42 	strexb	r2, r3, [r1]
2000019e:	2a00      	cmp	r2, #0
200001a0:	d1f6      	bne.n	20000190 <mutex_enter_block_until+0x30>
200001a2:	f3bf 8f5f 	dmb	sy
200001a6:	f994 3004 	ldrsb.w	r3, [r4, #4]
200001aa:	6821      	ldr	r1, [r4, #0]
200001ac:	2b00      	cmp	r3, #0
200001ae:	dae2      	bge.n	20000176 <mutex_enter_block_until+0x16>
200001b0:	2300      	movs	r3, #0
200001b2:	f884 8004 	strb.w	r8, [r4, #4]
200001b6:	e8c1 3f8f 	stlb	r3, [r1]
200001ba:	f38c 8810 	msr	PRIMASK, ip
200001be:	2001      	movs	r0, #1
200001c0:	e8bd 81f0 	ldmia.w	sp!, {r4, r5, r6, r7, r8, pc}
200001c4:	2000      	movs	r0, #0
200001c6:	e8bd 81f0 	ldmia.w	sp!, {r4, r5, r6, r7, r8, pc}
200001ca:	bf00      	nop

200001cc <mutex_try_enter_block_until>:
200001cc:	b530      	push	{r4, r5, lr}
200001ce:	6804      	ldr	r4, [r0, #0]
200001d0:	f3ef 8c10 	mrs	ip, PRIMASK
200001d4:	b672      	cpsid	i
200001d6:	e8d4 efcf 	ldaexb	lr, [r4]
200001da:	2501      	movs	r5, #1
200001dc:	f1be 0f00 	cmp.w	lr, #0
200001e0:	d1f9      	bne.n	200001d6 <mutex_try_enter_block_until+0xa>
200001e2:	e8c4 5f4e 	strexb	lr, r5, [r4]
200001e6:	f1be 0f00 	cmp.w	lr, #0
200001ea:	d1f4      	bne.n	200001d6 <mutex_try_enter_block_until+0xa>
200001ec:	f3bf 8f5f 	dmb	sy
200001f0:	f990 4004 	ldrsb.w	r4, [r0, #4]
200001f4:	6805      	ldr	r5, [r0, #0]
200001f6:	2c00      	cmp	r4, #0
200001f8:	db10      	blt.n	2000021c <mutex_try_enter_block_until+0x50>
200001fa:	2100      	movs	r1, #0
200001fc:	e8c5 1f8f 	stlb	r1, [r5]
20000200:	f38c 8810 	msr	PRIMASK, ip
20000204:	f04f 4550 	mov.w	r5, #3489660928	@ 0xd0000000
20000208:	f995 5000 	ldrsb.w	r5, [r5]
2000020c:	42a5      	cmp	r5, r4
2000020e:	d101      	bne.n	20000214 <mutex_try_enter_block_until+0x48>
20000210:	4608      	mov	r0, r1
20000212:	bd30      	pop	{r4, r5, pc}
20000214:	e8bd 4030 	ldmia.w	sp!, {r4, r5, lr}
20000218:	f7ff bfa2 	b.w	20000160 <mutex_enter_block_until>
2000021c:	f04f 4250 	mov.w	r2, #3489660928	@ 0xd0000000
20000220:	6812      	ldr	r2, [r2, #0]
20000222:	2300      	movs	r3, #0
20000224:	7102      	strb	r2, [r0, #4]
20000226:	e8c5 3f8f 	stlb	r3, [r5]
2000022a:	f38c 8810 	msr	PRIMASK, ip
2000022e:	2001      	movs	r0, #1
20000230:	bd30      	pop	{r4, r5, pc}
20000232:	bf00      	nop

20000234 <mutex_enter_timeout_ms>:
20000234:	b570      	push	{r4, r5, r6, lr}
20000236:	4605      	mov	r5, r0
20000238:	460c      	mov	r4, r1
2000023a:	f000 ff91 	bl	20001160 <__time_us_64_veneer>
2000023e:	4602      	mov	r2, r0
20000240:	460b      	mov	r3, r1
20000242:	f44f 707a 	mov.w	r0, #1000	@ 0x3e8
20000246:	f04f 3eff 	mov.w	lr, #4294967295	@ 0xffffffff
2000024a:	f06f 4c00 	mvn.w	ip, #2147483648	@ 0x80000000
2000024e:	fbe4 2300 	umlal	r2, r3, r4, r0
20000252:	4596      	cmp	lr, r2
20000254:	eb7c 0103 	sbcs.w	r1, ip, r3
20000258:	bf38      	it	cc
2000025a:	4672      	movcc	r2, lr
2000025c:	4628      	mov	r0, r5
2000025e:	e8bd 4070 	ldmia.w	sp!, {r4, r5, r6, lr}
20000262:	bf38      	it	cc
20000264:	4663      	movcc	r3, ip
20000266:	f7ff bf7b 	b.w	20000160 <mutex_enter_block_until>
2000026a:	bf00      	nop

2000026c <mutex_exit>:
2000026c:	6803      	ldr	r3, [r0, #0]
2000026e:	f3ef 8210 	mrs	r2, PRIMASK
20000272:	b672      	cpsid	i
20000274:	e8d3 cfcf 	ldaexb	ip, [r3]
20000278:	2101      	movs	r1, #1
2000027a:	f1bc 0f00 	cmp.w	ip, #0
2000027e:	d1f9      	bne.n	20000274 <mutex_exit+0x8>
20000280:	e8c3 1f4c 	strexb	ip, r1, [r3]
20000284:	f1bc 0f00 	cmp.w	ip, #0
20000288:	d1f4      	bne.n	20000274 <mutex_exit+0x8>
2000028a:	f3bf 8f5f 	dmb	sy
2000028e:	f04f 0cff 	mov.w	ip, #255	@ 0xff
20000292:	2300      	movs	r3, #0
20000294:	6801      	ldr	r1, [r0, #0]
20000296:	f880 c004 	strb.w	ip, [r0, #4]
2000029a:	e8c1 3f8f 	stlb	r3, [r1]
2000029e:	f382 8810 	msr	PRIMASK, r2
200002a2:	bf40      	sev
200002a4:	4770      	bx	lr
200002a6:	bf00      	nop

200002a8 <reset_non_control_endpoints>:
200002a8:	2100      	movs	r1, #0
200002aa:	b508      	push	{r3, lr}
200002ac:	4b13      	ldr	r3, [pc, #76]	@ (200002fc <reset_non_control_endpoints+0x54>)
200002ae:	f44f 7270 	mov.w	r2, #960	@ 0x3c0
200002b2:	6099      	str	r1, [r3, #8]
200002b4:	4812      	ldr	r0, [pc, #72]	@ (20000300 <reset_non_control_endpoints+0x58>)
200002b6:	60d9      	str	r1, [r3, #12]
200002b8:	6119      	str	r1, [r3, #16]
200002ba:	6159      	str	r1, [r3, #20]
200002bc:	6199      	str	r1, [r3, #24]
200002be:	61d9      	str	r1, [r3, #28]
200002c0:	6219      	str	r1, [r3, #32]
200002c2:	6259      	str	r1, [r3, #36]	@ 0x24
200002c4:	6299      	str	r1, [r3, #40]	@ 0x28
200002c6:	62d9      	str	r1, [r3, #44]	@ 0x2c
200002c8:	6319      	str	r1, [r3, #48]	@ 0x30
200002ca:	6359      	str	r1, [r3, #52]	@ 0x34
200002cc:	6399      	str	r1, [r3, #56]	@ 0x38
200002ce:	63d9      	str	r1, [r3, #60]	@ 0x3c
200002d0:	6419      	str	r1, [r3, #64]	@ 0x40
200002d2:	6459      	str	r1, [r3, #68]	@ 0x44
200002d4:	6499      	str	r1, [r3, #72]	@ 0x48
200002d6:	64d9      	str	r1, [r3, #76]	@ 0x4c
200002d8:	6519      	str	r1, [r3, #80]	@ 0x50
200002da:	6559      	str	r1, [r3, #84]	@ 0x54
200002dc:	6599      	str	r1, [r3, #88]	@ 0x58
200002de:	65d9      	str	r1, [r3, #92]	@ 0x5c
200002e0:	6619      	str	r1, [r3, #96]	@ 0x60
200002e2:	6659      	str	r1, [r3, #100]	@ 0x64
200002e4:	6699      	str	r1, [r3, #104]	@ 0x68
200002e6:	66d9      	str	r1, [r3, #108]	@ 0x6c
200002e8:	6719      	str	r1, [r3, #112]	@ 0x70
200002ea:	6759      	str	r1, [r3, #116]	@ 0x74
200002ec:	6799      	str	r1, [r3, #120]	@ 0x78
200002ee:	67d9      	str	r1, [r3, #124]	@ 0x7c
200002f0:	f000 ff42 	bl	20001178 <__memset_veneer>
200002f4:	4b03      	ldr	r3, [pc, #12]	@ (20000304 <reset_non_control_endpoints+0x5c>)
200002f6:	4a04      	ldr	r2, [pc, #16]	@ (20000308 <reset_non_control_endpoints+0x60>)
200002f8:	601a      	str	r2, [r3, #0]
200002fa:	bd08      	pop	{r3, pc}
200002fc:	50100000 	.word	0x50100000
20000300:	20001a28 	.word	0x20001a28
20000304:	20001df0 	.word	0x20001df0
20000308:	50100180 	.word	0x50100180

2000030c <hw_handle_buff_status>:
2000030c:	e92d 4ff0 	stmdb	sp!, {r4, r5, r6, r7, r8, r9, sl, fp, lr}
20000310:	4b1f      	ldr	r3, [pc, #124]	@ (20000390 <hw_handle_buff_status+0x84>)
20000312:	b085      	sub	sp, #20
20000314:	f8d3 a058 	ldr.w	sl, [r3, #88]	@ 0x58
20000318:	f1ba 0f00 	cmp.w	sl, #0
2000031c:	d022      	beq.n	20000364 <hw_handle_buff_status+0x58>
2000031e:	2400      	movs	r4, #0
20000320:	2501      	movs	r5, #1
20000322:	f44f 69e0 	mov.w	r9, #1792	@ 0x700
20000326:	f8df 8070 	ldr.w	r8, [pc, #112]	@ 20000398 <hw_handle_buff_status+0x8c>
2000032a:	4f1a      	ldr	r7, [pc, #104]	@ (20000394 <hw_handle_buff_status+0x88>)
2000032c:	e001      	b.n	20000332 <hw_handle_buff_status+0x26>
2000032e:	2c20      	cmp	r4, #32
20000330:	d018      	beq.n	20000364 <hw_handle_buff_status+0x58>
20000332:	ea0a 0205 	and.w	r2, sl, r5
20000336:	1c61      	adds	r1, r4, #1
20000338:	4623      	mov	r3, r4
2000033a:	46ab      	mov	fp, r5
2000033c:	b2cc      	uxtb	r4, r1
2000033e:	006d      	lsls	r5, r5, #1
20000340:	2a00      	cmp	r2, #0
20000342:	d0f4      	beq.n	2000032e <hw_handle_buff_status+0x22>
20000344:	f004 0201 	and.w	r2, r4, #1
20000348:	f003 06fe 	and.w	r6, r3, #254	@ 0xfe
2000034c:	4416      	add	r6, r2
2000034e:	eb07 1646 	add.w	r6, r7, r6, lsl #5
20000352:	4630      	mov	r0, r6
20000354:	f8c8 b058 	str.w	fp, [r8, #88]	@ 0x58
20000358:	f000 fc0a 	bl	20000b70 <hw_endpoint_xfer_continue>
2000035c:	b928      	cbnz	r0, 2000036a <hw_handle_buff_status+0x5e>
2000035e:	ea3a 0a0b 	bics.w	sl, sl, fp
20000362:	d1e4      	bne.n	2000032e <hw_handle_buff_status+0x22>
20000364:	b005      	add	sp, #20
20000366:	e8bd 8ff0 	ldmia.w	sp!, {r4, r5, r6, r7, r8, r9, sl, fp, pc}
2000036a:	2300      	movs	r3, #0
2000036c:	f88d 3009 	strb.w	r3, [sp, #9]
20000370:	78b3      	ldrb	r3, [r6, #2]
20000372:	a801      	add	r0, sp, #4
20000374:	f88d 3008 	strb.w	r3, [sp, #8]
20000378:	8af3      	ldrh	r3, [r6, #22]
2000037a:	2101      	movs	r1, #1
2000037c:	f8ad 9004 	strh.w	r9, [sp, #4]
20000380:	9303      	str	r3, [sp, #12]
20000382:	f000 fc13 	bl	20000bac <dcd_event_handler>
20000386:	4630      	mov	r0, r6
20000388:	f000 fb98 	bl	20000abc <hw_endpoint_reset_transfer>
2000038c:	e7e7      	b.n	2000035e <hw_handle_buff_status+0x52>
2000038e:	bf00      	nop
20000390:	50110000 	.word	0x50110000
20000394:	200019e8 	.word	0x200019e8
20000398:	50113000 	.word	0x50113000

2000039c <dcd_rp2040_irq>:
2000039c:	b5f0      	push	{r4, r5, r6, r7, lr}
2000039e:	4bbb      	ldr	r3, [pc, #748]	@ (2000068c <dcd_rp2040_irq+0x2f0>)
200003a0:	b085      	sub	sp, #20
200003a2:	f8d3 5098 	ldr.w	r5, [r3, #152]	@ 0x98
200003a6:	f415 3600 	ands.w	r6, r5, #131072	@ 0x20000
200003aa:	d074      	beq.n	20000496 <dcd_rp2040_irq+0xfa>
200003ac:	4bb8      	ldr	r3, [pc, #736]	@ (20000690 <dcd_rp2040_irq+0x2f4>)
200003ae:	4cb9      	ldr	r4, [pc, #740]	@ (20000694 <dcd_rp2040_irq+0x2f8>)
200003b0:	6a99      	ldr	r1, [r3, #40]	@ 0x28
200003b2:	f894 303b 	ldrb.w	r3, [r4, #59]	@ 0x3b
200003b6:	4ab8      	ldr	r2, [pc, #736]	@ (20000698 <dcd_rp2040_irq+0x2fc>)
200003b8:	2b02      	cmp	r3, #2
200003ba:	6011      	str	r1, [r2, #0]
200003bc:	f000 80d4 	beq.w	20000568 <dcd_rp2040_irq+0x1cc>
200003c0:	2600      	movs	r6, #0
200003c2:	f894 307b 	ldrb.w	r3, [r4, #123]	@ 0x7b
200003c6:	2b02      	cmp	r3, #2
200003c8:	f000 813b 	beq.w	20000642 <dcd_rp2040_irq+0x2a6>
200003cc:	f894 30bb 	ldrb.w	r3, [r4, #187]	@ 0xbb
200003d0:	2b02      	cmp	r3, #2
200003d2:	f000 817d 	beq.w	200006d0 <dcd_rp2040_irq+0x334>
200003d6:	f894 30fb 	ldrb.w	r3, [r4, #251]	@ 0xfb
200003da:	2b02      	cmp	r3, #2
200003dc:	f000 816c 	beq.w	200006b8 <dcd_rp2040_irq+0x31c>
200003e0:	f894 313b 	ldrb.w	r3, [r4, #315]	@ 0x13b
200003e4:	2b02      	cmp	r3, #2
200003e6:	f000 8144 	beq.w	20000672 <dcd_rp2040_irq+0x2d6>
200003ea:	f894 317b 	ldrb.w	r3, [r4, #379]	@ 0x17b
200003ee:	2b02      	cmp	r3, #2
200003f0:	f000 8133 	beq.w	2000065a <dcd_rp2040_irq+0x2be>
200003f4:	f894 31bb 	ldrb.w	r3, [r4, #443]	@ 0x1bb
200003f8:	2b02      	cmp	r3, #2
200003fa:	f000 81b6 	beq.w	2000076a <dcd_rp2040_irq+0x3ce>
200003fe:	f894 31fb 	ldrb.w	r3, [r4, #507]	@ 0x1fb
20000402:	2b02      	cmp	r3, #2
20000404:	f000 81a6 	beq.w	20000754 <dcd_rp2040_irq+0x3b8>
20000408:	f894 323b 	ldrb.w	r3, [r4, #571]	@ 0x23b
2000040c:	2b02      	cmp	r3, #2
2000040e:	f000 8196 	beq.w	2000073e <dcd_rp2040_irq+0x3a2>
20000412:	f894 327b 	ldrb.w	r3, [r4, #635]	@ 0x27b
20000416:	2b02      	cmp	r3, #2
20000418:	f000 8186 	beq.w	20000728 <dcd_rp2040_irq+0x38c>
2000041c:	f894 32bb 	ldrb.w	r3, [r4, #699]	@ 0x2bb
20000420:	2b02      	cmp	r3, #2
20000422:	f000 8176 	beq.w	20000712 <dcd_rp2040_irq+0x376>
20000426:	f894 32fb 	ldrb.w	r3, [r4, #763]	@ 0x2fb
2000042a:	2b02      	cmp	r3, #2
2000042c:	f000 8166 	beq.w	200006fc <dcd_rp2040_irq+0x360>
20000430:	f894 333b 	ldrb.w	r3, [r4, #827]	@ 0x33b
20000434:	2b02      	cmp	r3, #2
20000436:	f000 8156 	beq.w	200006e6 <dcd_rp2040_irq+0x34a>
2000043a:	f894 337b 	ldrb.w	r3, [r4, #891]	@ 0x37b
2000043e:	2b02      	cmp	r3, #2
20000440:	f000 80a4 	beq.w	2000058c <dcd_rp2040_irq+0x1f0>
20000444:	f894 33bb 	ldrb.w	r3, [r4, #955]	@ 0x3bb
20000448:	2b02      	cmp	r3, #2
2000044a:	f000 8199 	beq.w	20000780 <dcd_rp2040_irq+0x3e4>
2000044e:	f894 33fb 	ldrb.w	r3, [r4, #1019]	@ 0x3fb
20000452:	2b02      	cmp	r3, #2
20000454:	f000 80b4 	beq.w	200005c0 <dcd_rp2040_irq+0x224>
20000458:	b93e      	cbnz	r6, 2000046a <dcd_rp2040_irq+0xce>
2000045a:	4b90      	ldr	r3, [pc, #576]	@ (2000069c <dcd_rp2040_irq+0x300>)
2000045c:	781b      	ldrb	r3, [r3, #0]
2000045e:	b923      	cbnz	r3, 2000046a <dcd_rp2040_irq+0xce>
20000460:	f44f 3200 	mov.w	r2, #131072	@ 0x20000
20000464:	4b8e      	ldr	r3, [pc, #568]	@ (200006a0 <dcd_rp2040_irq+0x304>)
20000466:	f8c3 2090 	str.w	r2, [r3, #144]	@ 0x90
2000046a:	f44f 7240 	mov.w	r2, #768	@ 0x300
2000046e:	4b87      	ldr	r3, [pc, #540]	@ (2000068c <dcd_rp2040_irq+0x2f0>)
20000470:	2101      	movs	r1, #1
20000472:	6c9b      	ldr	r3, [r3, #72]	@ 0x48
20000474:	a801      	add	r0, sp, #4
20000476:	f3c3 030a 	ubfx	r3, r3, #0, #11
2000047a:	f8ad 2004 	strh.w	r2, [sp, #4]
2000047e:	9302      	str	r3, [sp, #8]
20000480:	f000 fb94 	bl	20000bac <dcd_event_handler>
20000484:	06ea      	lsls	r2, r5, #27
20000486:	f44f 3600 	mov.w	r6, #131072	@ 0x20000
2000048a:	4c86      	ldr	r4, [pc, #536]	@ (200006a4 <dcd_rp2040_irq+0x308>)
2000048c:	d507      	bpl.n	2000049e <dcd_rp2040_irq+0x102>
2000048e:	f7ff ff3d 	bl	2000030c <hw_handle_buff_status>
20000492:	4626      	mov	r6, r4
20000494:	e003      	b.n	2000049e <dcd_rp2040_irq+0x102>
20000496:	06ea      	lsls	r2, r5, #27
20000498:	f04f 0410 	mov.w	r4, #16
2000049c:	d4f7      	bmi.n	2000048e <dcd_rp2040_irq+0xf2>
2000049e:	03eb      	lsls	r3, r5, #15
200004a0:	d522      	bpl.n	200004e8 <dcd_rp2040_irq+0x14c>
200004a2:	4c7c      	ldr	r4, [pc, #496]	@ (20000694 <dcd_rp2040_irq+0x2f8>)
200004a4:	f446 3680 	orr.w	r6, r6, #65536	@ 0x10000
200004a8:	7ea3      	ldrb	r3, [r4, #26]
200004aa:	2b00      	cmp	r3, #0
200004ac:	f040 8099 	bne.w	200005e2 <dcd_rp2040_irq+0x246>
200004b0:	2301      	movs	r3, #1
200004b2:	f894 203a 	ldrb.w	r2, [r4, #58]	@ 0x3a
200004b6:	70e3      	strb	r3, [r4, #3]
200004b8:	2a00      	cmp	r2, #0
200004ba:	f040 80ad 	bne.w	20000618 <dcd_rp2040_irq+0x27c>
200004be:	2301      	movs	r3, #1
200004c0:	f44f 61c0 	mov.w	r1, #1536	@ 0x600
200004c4:	4a78      	ldr	r2, [pc, #480]	@ (200006a8 <dcd_rp2040_irq+0x30c>)
200004c6:	f884 3023 	strb.w	r3, [r4, #35]	@ 0x23
200004ca:	f8ad 1004 	strh.w	r1, [sp, #4]
200004ce:	e892 0003 	ldmia.w	r2, {r0, r1}
200004d2:	aa04      	add	r2, sp, #16
200004d4:	e902 0003 	stmdb	r2, {r0, r1}
200004d8:	4619      	mov	r1, r3
200004da:	a801      	add	r0, sp, #4
200004dc:	f000 fb66 	bl	20000bac <dcd_event_handler>
200004e0:	f44f 3200 	mov.w	r2, #131072	@ 0x20000
200004e4:	4b6e      	ldr	r3, [pc, #440]	@ (200006a0 <dcd_rp2040_irq+0x304>)
200004e6:	651a      	str	r2, [r3, #80]	@ 0x50
200004e8:	04e9      	lsls	r1, r5, #19
200004ea:	d408      	bmi.n	200004fe <dcd_rp2040_irq+0x162>
200004ec:	046a      	lsls	r2, r5, #17
200004ee:	d41d      	bmi.n	2000052c <dcd_rp2040_irq+0x190>
200004f0:	042b      	lsls	r3, r5, #16
200004f2:	d42a      	bmi.n	2000054a <dcd_rp2040_irq+0x1ae>
200004f4:	42ae      	cmp	r6, r5
200004f6:	f040 81c5 	bne.w	20000884 <dcd_rp2040_irq+0x4e8>
200004fa:	b005      	add	sp, #20
200004fc:	bdf0      	pop	{r4, r5, r6, r7, pc}
200004fe:	2400      	movs	r4, #0
20000500:	4b62      	ldr	r3, [pc, #392]	@ (2000068c <dcd_rp2040_irq+0x2f0>)
20000502:	f446 5680 	orr.w	r6, r6, #4096	@ 0x1000
20000506:	601c      	str	r4, [r3, #0]
20000508:	f7ff fece 	bl	200002a8 <reset_non_control_endpoints>
2000050c:	f44f 7380 	mov.w	r3, #256	@ 0x100
20000510:	2101      	movs	r1, #1
20000512:	a801      	add	r0, sp, #4
20000514:	f8ad 3004 	strh.w	r3, [sp, #4]
20000518:	f88d 4008 	strb.w	r4, [sp, #8]
2000051c:	f000 fb46 	bl	20000bac <dcd_event_handler>
20000520:	f44f 2200 	mov.w	r2, #524288	@ 0x80000
20000524:	4b5e      	ldr	r3, [pc, #376]	@ (200006a0 <dcd_rp2040_irq+0x304>)
20000526:	651a      	str	r2, [r3, #80]	@ 0x50
20000528:	046a      	lsls	r2, r5, #17
2000052a:	d5e1      	bpl.n	200004f0 <dcd_rp2040_irq+0x154>
2000052c:	f44f 6380 	mov.w	r3, #1024	@ 0x400
20000530:	2101      	movs	r1, #1
20000532:	a801      	add	r0, sp, #4
20000534:	f8ad 3004 	strh.w	r3, [sp, #4]
20000538:	f000 fb38 	bl	20000bac <dcd_event_handler>
2000053c:	2210      	movs	r2, #16
2000053e:	4b58      	ldr	r3, [pc, #352]	@ (200006a0 <dcd_rp2040_irq+0x304>)
20000540:	f446 4680 	orr.w	r6, r6, #16384	@ 0x4000
20000544:	651a      	str	r2, [r3, #80]	@ 0x50
20000546:	042b      	lsls	r3, r5, #16
20000548:	d5d4      	bpl.n	200004f4 <dcd_rp2040_irq+0x158>
2000054a:	f44f 63a0 	mov.w	r3, #1280	@ 0x500
2000054e:	2101      	movs	r1, #1
20000550:	a801      	add	r0, sp, #4
20000552:	f8ad 3004 	strh.w	r3, [sp, #4]
20000556:	f000 fb29 	bl	20000bac <dcd_event_handler>
2000055a:	f44f 6200 	mov.w	r2, #2048	@ 0x800
2000055e:	4b50      	ldr	r3, [pc, #320]	@ (200006a0 <dcd_rp2040_irq+0x304>)
20000560:	f446 4600 	orr.w	r6, r6, #32768	@ 0x8000
20000564:	651a      	str	r2, [r3, #80]	@ 0x50
20000566:	e7c5      	b.n	200004f4 <dcd_rp2040_irq+0x158>
20000568:	f894 603a 	ldrb.w	r6, [r4, #58]	@ 0x3a
2000056c:	2e00      	cmp	r6, #0
2000056e:	f43f af28 	beq.w	200003c2 <dcd_rp2040_irq+0x26>
20000572:	f894 303c 	ldrb.w	r3, [r4, #60]	@ 0x3c
20000576:	2b00      	cmp	r3, #0
20000578:	f43f af23 	beq.w	200003c2 <dcd_rp2040_irq+0x26>
2000057c:	2300      	movs	r3, #0
2000057e:	f104 0020 	add.w	r0, r4, #32
20000582:	f884 303c 	strb.w	r3, [r4, #60]	@ 0x3c
20000586:	f000 fac1 	bl	20000b0c <hw_endpoint_start_next_buffer>
2000058a:	e71a      	b.n	200003c2 <dcd_rp2040_irq+0x26>
2000058c:	f894 737a 	ldrb.w	r7, [r4, #890]	@ 0x37a
20000590:	2f00      	cmp	r7, #0
20000592:	f43f af57 	beq.w	20000444 <dcd_rp2040_irq+0xa8>
20000596:	f894 337c 	ldrb.w	r3, [r4, #892]	@ 0x37c
2000059a:	2b00      	cmp	r3, #0
2000059c:	f040 8164 	bne.w	20000868 <dcd_rp2040_irq+0x4cc>
200005a0:	f894 33bb 	ldrb.w	r3, [r4, #955]	@ 0x3bb
200005a4:	2b02      	cmp	r3, #2
200005a6:	f040 80f4 	bne.w	20000792 <dcd_rp2040_irq+0x3f6>
200005aa:	f894 33ba 	ldrb.w	r3, [r4, #954]	@ 0x3ba
200005ae:	2b00      	cmp	r3, #0
200005b0:	f040 80eb 	bne.w	2000078a <dcd_rp2040_irq+0x3ee>
200005b4:	f894 33fb 	ldrb.w	r3, [r4, #1019]	@ 0x3fb
200005b8:	2b02      	cmp	r3, #2
200005ba:	f47f af56 	bne.w	2000046a <dcd_rp2040_irq+0xce>
200005be:	463e      	mov	r6, r7
200005c0:	f894 33fa 	ldrb.w	r3, [r4, #1018]	@ 0x3fa
200005c4:	2b00      	cmp	r3, #0
200005c6:	f43f af47 	beq.w	20000458 <dcd_rp2040_irq+0xbc>
200005ca:	f894 33fc 	ldrb.w	r3, [r4, #1020]	@ 0x3fc
200005ce:	2b00      	cmp	r3, #0
200005d0:	f43f af4b 	beq.w	2000046a <dcd_rp2040_irq+0xce>
200005d4:	2300      	movs	r3, #0
200005d6:	4835      	ldr	r0, [pc, #212]	@ (200006ac <dcd_rp2040_irq+0x310>)
200005d8:	f884 33fc 	strb.w	r3, [r4, #1020]	@ 0x3fc
200005dc:	f000 fa96 	bl	20000b0c <hw_endpoint_start_next_buffer>
200005e0:	e743      	b.n	2000046a <dcd_rp2040_irq+0xce>
200005e2:	2102      	movs	r1, #2
200005e4:	4b32      	ldr	r3, [pc, #200]	@ (200006b0 <dcd_rp2040_irq+0x314>)
200005e6:	4a29      	ldr	r2, [pc, #164]	@ (2000068c <dcd_rp2040_irq+0x2f0>)
200005e8:	6619      	str	r1, [r3, #96]	@ 0x60
200005ea:	6e53      	ldr	r3, [r2, #100]	@ 0x64
200005ec:	079f      	lsls	r7, r3, #30
200005ee:	d5fc      	bpl.n	200005ea <dcd_rp2040_irq+0x24e>
200005f0:	f44f 5240 	mov.w	r2, #12288	@ 0x3000
200005f4:	2100      	movs	r1, #0
200005f6:	4827      	ldr	r0, [pc, #156]	@ (20000694 <dcd_rp2040_irq+0x2f8>)
200005f8:	f000 fa66 	bl	20000ac8 <_hw_endpoint_buffer_control_update32>
200005fc:	4825      	ldr	r0, [pc, #148]	@ (20000694 <dcd_rp2040_irq+0x2f8>)
200005fe:	f000 fa5d 	bl	20000abc <hw_endpoint_reset_transfer>
20000602:	2202      	movs	r2, #2
20000604:	4b26      	ldr	r3, [pc, #152]	@ (200006a0 <dcd_rp2040_irq+0x304>)
20000606:	665a      	str	r2, [r3, #100]	@ 0x64
20000608:	661a      	str	r2, [r3, #96]	@ 0x60
2000060a:	2301      	movs	r3, #1
2000060c:	f894 203a 	ldrb.w	r2, [r4, #58]	@ 0x3a
20000610:	70e3      	strb	r3, [r4, #3]
20000612:	2a00      	cmp	r2, #0
20000614:	f43f af53 	beq.w	200004be <dcd_rp2040_irq+0x122>
20000618:	4a25      	ldr	r2, [pc, #148]	@ (200006b0 <dcd_rp2040_irq+0x314>)
2000061a:	6613      	str	r3, [r2, #96]	@ 0x60
2000061c:	f5a2 5200 	sub.w	r2, r2, #8192	@ 0x2000
20000620:	6e53      	ldr	r3, [r2, #100]	@ 0x64
20000622:	07d8      	lsls	r0, r3, #31
20000624:	d5fc      	bpl.n	20000620 <dcd_rp2040_irq+0x284>
20000626:	f44f 5240 	mov.w	r2, #12288	@ 0x3000
2000062a:	2100      	movs	r1, #0
2000062c:	4821      	ldr	r0, [pc, #132]	@ (200006b4 <dcd_rp2040_irq+0x318>)
2000062e:	f000 fa4b 	bl	20000ac8 <_hw_endpoint_buffer_control_update32>
20000632:	4820      	ldr	r0, [pc, #128]	@ (200006b4 <dcd_rp2040_irq+0x318>)
20000634:	f000 fa42 	bl	20000abc <hw_endpoint_reset_transfer>
20000638:	2201      	movs	r2, #1
2000063a:	4b19      	ldr	r3, [pc, #100]	@ (200006a0 <dcd_rp2040_irq+0x304>)
2000063c:	665a      	str	r2, [r3, #100]	@ 0x64
2000063e:	661a      	str	r2, [r3, #96]	@ 0x60
20000640:	e73d      	b.n	200004be <dcd_rp2040_irq+0x122>
20000642:	f894 707a 	ldrb.w	r7, [r4, #122]	@ 0x7a
20000646:	2f00      	cmp	r7, #0
20000648:	f43f aec0 	beq.w	200003cc <dcd_rp2040_irq+0x30>
2000064c:	f894 307c 	ldrb.w	r3, [r4, #124]	@ 0x7c
20000650:	2b00      	cmp	r3, #0
20000652:	f040 8101 	bne.w	20000858 <dcd_rp2040_irq+0x4bc>
20000656:	463e      	mov	r6, r7
20000658:	e6b8      	b.n	200003cc <dcd_rp2040_irq+0x30>
2000065a:	f894 717a 	ldrb.w	r7, [r4, #378]	@ 0x17a
2000065e:	2f00      	cmp	r7, #0
20000660:	f43f aec8 	beq.w	200003f4 <dcd_rp2040_irq+0x58>
20000664:	f894 317c 	ldrb.w	r3, [r4, #380]	@ 0x17c
20000668:	2b00      	cmp	r3, #0
2000066a:	f040 80ed 	bne.w	20000848 <dcd_rp2040_irq+0x4ac>
2000066e:	463e      	mov	r6, r7
20000670:	e6c0      	b.n	200003f4 <dcd_rp2040_irq+0x58>
20000672:	f894 713a 	ldrb.w	r7, [r4, #314]	@ 0x13a
20000676:	2f00      	cmp	r7, #0
20000678:	f43f aeb7 	beq.w	200003ea <dcd_rp2040_irq+0x4e>
2000067c:	f894 313c 	ldrb.w	r3, [r4, #316]	@ 0x13c
20000680:	2b00      	cmp	r3, #0
20000682:	f040 80d9 	bne.w	20000838 <dcd_rp2040_irq+0x49c>
20000686:	463e      	mov	r6, r7
20000688:	e6af      	b.n	200003ea <dcd_rp2040_irq+0x4e>
2000068a:	bf00      	nop
2000068c:	50110000 	.word	0x50110000
20000690:	400b0000 	.word	0x400b0000
20000694:	200019e8 	.word	0x200019e8
20000698:	200019e0 	.word	0x200019e0
2000069c:	20001e5e 	.word	0x20001e5e
200006a0:	50113000 	.word	0x50113000
200006a4:	00020010 	.word	0x00020010
200006a8:	50100000 	.word	0x50100000
200006ac:	20001dc8 	.word	0x20001dc8
200006b0:	50112000 	.word	0x50112000
200006b4:	20001a08 	.word	0x20001a08
200006b8:	f894 70fa 	ldrb.w	r7, [r4, #250]	@ 0xfa
200006bc:	2f00      	cmp	r7, #0
200006be:	f43f ae8f 	beq.w	200003e0 <dcd_rp2040_irq+0x44>
200006c2:	f894 30fc 	ldrb.w	r3, [r4, #252]	@ 0xfc
200006c6:	2b00      	cmp	r3, #0
200006c8:	f040 808e 	bne.w	200007e8 <dcd_rp2040_irq+0x44c>
200006cc:	463e      	mov	r6, r7
200006ce:	e687      	b.n	200003e0 <dcd_rp2040_irq+0x44>
200006d0:	f894 70ba 	ldrb.w	r7, [r4, #186]	@ 0xba
200006d4:	2f00      	cmp	r7, #0
200006d6:	f43f ae7e 	beq.w	200003d6 <dcd_rp2040_irq+0x3a>
200006da:	f894 30bc 	ldrb.w	r3, [r4, #188]	@ 0xbc
200006de:	2b00      	cmp	r3, #0
200006e0:	d17a      	bne.n	200007d8 <dcd_rp2040_irq+0x43c>
200006e2:	463e      	mov	r6, r7
200006e4:	e677      	b.n	200003d6 <dcd_rp2040_irq+0x3a>
200006e6:	f894 733a 	ldrb.w	r7, [r4, #826]	@ 0x33a
200006ea:	2f00      	cmp	r7, #0
200006ec:	f43f aea5 	beq.w	2000043a <dcd_rp2040_irq+0x9e>
200006f0:	f894 333c 	ldrb.w	r3, [r4, #828]	@ 0x33c
200006f4:	2b00      	cmp	r3, #0
200006f6:	d157      	bne.n	200007a8 <dcd_rp2040_irq+0x40c>
200006f8:	463e      	mov	r6, r7
200006fa:	e69e      	b.n	2000043a <dcd_rp2040_irq+0x9e>
200006fc:	f894 72fa 	ldrb.w	r7, [r4, #762]	@ 0x2fa
20000700:	2f00      	cmp	r7, #0
20000702:	f43f ae95 	beq.w	20000430 <dcd_rp2040_irq+0x94>
20000706:	f894 32fc 	ldrb.w	r3, [r4, #764]	@ 0x2fc
2000070a:	2b00      	cmp	r3, #0
2000070c:	d15c      	bne.n	200007c8 <dcd_rp2040_irq+0x42c>
2000070e:	463e      	mov	r6, r7
20000710:	e68e      	b.n	20000430 <dcd_rp2040_irq+0x94>
20000712:	f894 72ba 	ldrb.w	r7, [r4, #698]	@ 0x2ba
20000716:	2f00      	cmp	r7, #0
20000718:	f43f ae85 	beq.w	20000426 <dcd_rp2040_irq+0x8a>
2000071c:	f894 32bc 	ldrb.w	r3, [r4, #700]	@ 0x2bc
20000720:	2b00      	cmp	r3, #0
20000722:	d149      	bne.n	200007b8 <dcd_rp2040_irq+0x41c>
20000724:	463e      	mov	r6, r7
20000726:	e67e      	b.n	20000426 <dcd_rp2040_irq+0x8a>
20000728:	f894 727a 	ldrb.w	r7, [r4, #634]	@ 0x27a
2000072c:	2f00      	cmp	r7, #0
2000072e:	f43f ae75 	beq.w	2000041c <dcd_rp2040_irq+0x80>
20000732:	f894 327c 	ldrb.w	r3, [r4, #636]	@ 0x27c
20000736:	2b00      	cmp	r3, #0
20000738:	d176      	bne.n	20000828 <dcd_rp2040_irq+0x48c>
2000073a:	463e      	mov	r6, r7
2000073c:	e66e      	b.n	2000041c <dcd_rp2040_irq+0x80>
2000073e:	f894 723a 	ldrb.w	r7, [r4, #570]	@ 0x23a
20000742:	2f00      	cmp	r7, #0
20000744:	f43f ae65 	beq.w	20000412 <dcd_rp2040_irq+0x76>
20000748:	f894 323c 	ldrb.w	r3, [r4, #572]	@ 0x23c
2000074c:	2b00      	cmp	r3, #0
2000074e:	d163      	bne.n	20000818 <dcd_rp2040_irq+0x47c>
20000750:	463e      	mov	r6, r7
20000752:	e65e      	b.n	20000412 <dcd_rp2040_irq+0x76>
20000754:	f894 71fa 	ldrb.w	r7, [r4, #506]	@ 0x1fa
20000758:	2f00      	cmp	r7, #0
2000075a:	f43f ae55 	beq.w	20000408 <dcd_rp2040_irq+0x6c>
2000075e:	f894 31fc 	ldrb.w	r3, [r4, #508]	@ 0x1fc
20000762:	2b00      	cmp	r3, #0
20000764:	d150      	bne.n	20000808 <dcd_rp2040_irq+0x46c>
20000766:	463e      	mov	r6, r7
20000768:	e64e      	b.n	20000408 <dcd_rp2040_irq+0x6c>
2000076a:	f894 71ba 	ldrb.w	r7, [r4, #442]	@ 0x1ba
2000076e:	2f00      	cmp	r7, #0
20000770:	f43f ae45 	beq.w	200003fe <dcd_rp2040_irq+0x62>
20000774:	f894 31bc 	ldrb.w	r3, [r4, #444]	@ 0x1bc
20000778:	2b00      	cmp	r3, #0
2000077a:	d13d      	bne.n	200007f8 <dcd_rp2040_irq+0x45c>
2000077c:	463e      	mov	r6, r7
2000077e:	e63e      	b.n	200003fe <dcd_rp2040_irq+0x62>
20000780:	f894 33ba 	ldrb.w	r3, [r4, #954]	@ 0x3ba
20000784:	2b00      	cmp	r3, #0
20000786:	f43f ae62 	beq.w	2000044e <dcd_rp2040_irq+0xb2>
2000078a:	f894 33bc 	ldrb.w	r3, [r4, #956]	@ 0x3bc
2000078e:	2b00      	cmp	r3, #0
20000790:	d171      	bne.n	20000876 <dcd_rp2040_irq+0x4da>
20000792:	f894 33fb 	ldrb.w	r3, [r4, #1019]	@ 0x3fb
20000796:	2b02      	cmp	r3, #2
20000798:	f47f ae67 	bne.w	2000046a <dcd_rp2040_irq+0xce>
2000079c:	f894 33fa 	ldrb.w	r3, [r4, #1018]	@ 0x3fa
200007a0:	2b00      	cmp	r3, #0
200007a2:	f43f ae62 	beq.w	2000046a <dcd_rp2040_irq+0xce>
200007a6:	e710      	b.n	200005ca <dcd_rp2040_irq+0x22e>
200007a8:	2300      	movs	r3, #0
200007aa:	4839      	ldr	r0, [pc, #228]	@ (20000890 <dcd_rp2040_irq+0x4f4>)
200007ac:	f884 333c 	strb.w	r3, [r4, #828]	@ 0x33c
200007b0:	463e      	mov	r6, r7
200007b2:	f000 f9ab 	bl	20000b0c <hw_endpoint_start_next_buffer>
200007b6:	e640      	b.n	2000043a <dcd_rp2040_irq+0x9e>
200007b8:	2300      	movs	r3, #0
200007ba:	4836      	ldr	r0, [pc, #216]	@ (20000894 <dcd_rp2040_irq+0x4f8>)
200007bc:	f884 32bc 	strb.w	r3, [r4, #700]	@ 0x2bc
200007c0:	463e      	mov	r6, r7
200007c2:	f000 f9a3 	bl	20000b0c <hw_endpoint_start_next_buffer>
200007c6:	e62e      	b.n	20000426 <dcd_rp2040_irq+0x8a>
200007c8:	2300      	movs	r3, #0
200007ca:	4833      	ldr	r0, [pc, #204]	@ (20000898 <dcd_rp2040_irq+0x4fc>)
200007cc:	f884 32fc 	strb.w	r3, [r4, #764]	@ 0x2fc
200007d0:	463e      	mov	r6, r7
200007d2:	f000 f99b 	bl	20000b0c <hw_endpoint_start_next_buffer>
200007d6:	e62b      	b.n	20000430 <dcd_rp2040_irq+0x94>
200007d8:	2300      	movs	r3, #0
200007da:	4830      	ldr	r0, [pc, #192]	@ (2000089c <dcd_rp2040_irq+0x500>)
200007dc:	f884 30bc 	strb.w	r3, [r4, #188]	@ 0xbc
200007e0:	463e      	mov	r6, r7
200007e2:	f000 f993 	bl	20000b0c <hw_endpoint_start_next_buffer>
200007e6:	e5f6      	b.n	200003d6 <dcd_rp2040_irq+0x3a>
200007e8:	2300      	movs	r3, #0
200007ea:	482d      	ldr	r0, [pc, #180]	@ (200008a0 <dcd_rp2040_irq+0x504>)
200007ec:	f884 30fc 	strb.w	r3, [r4, #252]	@ 0xfc
200007f0:	463e      	mov	r6, r7
200007f2:	f000 f98b 	bl	20000b0c <hw_endpoint_start_next_buffer>
200007f6:	e5f3      	b.n	200003e0 <dcd_rp2040_irq+0x44>
200007f8:	2300      	movs	r3, #0
200007fa:	482a      	ldr	r0, [pc, #168]	@ (200008a4 <dcd_rp2040_irq+0x508>)
200007fc:	f884 31bc 	strb.w	r3, [r4, #444]	@ 0x1bc
20000800:	463e      	mov	r6, r7
20000802:	f000 f983 	bl	20000b0c <hw_endpoint_start_next_buffer>
20000806:	e5fa      	b.n	200003fe <dcd_rp2040_irq+0x62>
20000808:	2300      	movs	r3, #0
2000080a:	4827      	ldr	r0, [pc, #156]	@ (200008a8 <dcd_rp2040_irq+0x50c>)
2000080c:	f884 31fc 	strb.w	r3, [r4, #508]	@ 0x1fc
20000810:	463e      	mov	r6, r7
20000812:	f000 f97b 	bl	20000b0c <hw_endpoint_start_next_buffer>
20000816:	e5f7      	b.n	20000408 <dcd_rp2040_irq+0x6c>
20000818:	2300      	movs	r3, #0
2000081a:	4824      	ldr	r0, [pc, #144]	@ (200008ac <dcd_rp2040_irq+0x510>)
2000081c:	f884 323c 	strb.w	r3, [r4, #572]	@ 0x23c
20000820:	463e      	mov	r6, r7
20000822:	f000 f973 	bl	20000b0c <hw_endpoint_start_next_buffer>
20000826:	e5f4      	b.n	20000412 <dcd_rp2040_irq+0x76>
20000828:	2300      	movs	r3, #0
2000082a:	4821      	ldr	r0, [pc, #132]	@ (200008b0 <dcd_rp2040_irq+0x514>)
2000082c:	f884 327c 	strb.w	r3, [r4, #636]	@ 0x27c
20000830:	463e      	mov	r6, r7
20000832:	f000 f96b 	bl	20000b0c <hw_endpoint_start_next_buffer>
20000836:	e5f1      	b.n	2000041c <dcd_rp2040_irq+0x80>
20000838:	2300      	movs	r3, #0
2000083a:	481e      	ldr	r0, [pc, #120]	@ (200008b4 <dcd_rp2040_irq+0x518>)
2000083c:	f884 313c 	strb.w	r3, [r4, #316]	@ 0x13c
20000840:	463e      	mov	r6, r7
20000842:	f000 f963 	bl	20000b0c <hw_endpoint_start_next_buffer>
20000846:	e5d0      	b.n	200003ea <dcd_rp2040_irq+0x4e>
20000848:	2300      	movs	r3, #0
2000084a:	481b      	ldr	r0, [pc, #108]	@ (200008b8 <dcd_rp2040_irq+0x51c>)
2000084c:	f884 317c 	strb.w	r3, [r4, #380]	@ 0x17c
20000850:	463e      	mov	r6, r7
20000852:	f000 f95b 	bl	20000b0c <hw_endpoint_start_next_buffer>
20000856:	e5cd      	b.n	200003f4 <dcd_rp2040_irq+0x58>
20000858:	2300      	movs	r3, #0
2000085a:	4818      	ldr	r0, [pc, #96]	@ (200008bc <dcd_rp2040_irq+0x520>)
2000085c:	f884 307c 	strb.w	r3, [r4, #124]	@ 0x7c
20000860:	463e      	mov	r6, r7
20000862:	f000 f953 	bl	20000b0c <hw_endpoint_start_next_buffer>
20000866:	e5b1      	b.n	200003cc <dcd_rp2040_irq+0x30>
20000868:	2300      	movs	r3, #0
2000086a:	4815      	ldr	r0, [pc, #84]	@ (200008c0 <dcd_rp2040_irq+0x524>)
2000086c:	f884 337c 	strb.w	r3, [r4, #892]	@ 0x37c
20000870:	f000 f94c 	bl	20000b0c <hw_endpoint_start_next_buffer>
20000874:	e694      	b.n	200005a0 <dcd_rp2040_irq+0x204>
20000876:	2300      	movs	r3, #0
20000878:	4812      	ldr	r0, [pc, #72]	@ (200008c4 <dcd_rp2040_irq+0x528>)
2000087a:	f884 33bc 	strb.w	r3, [r4, #956]	@ 0x3bc
2000087e:	f000 f945 	bl	20000b0c <hw_endpoint_start_next_buffer>
20000882:	e786      	b.n	20000792 <dcd_rp2040_irq+0x3f6>
20000884:	4810      	ldr	r0, [pc, #64]	@ (200008c8 <dcd_rp2040_irq+0x52c>)
20000886:	ea86 0105 	eor.w	r1, r6, r5
2000088a:	f000 fc6d 	bl	20001168 <__panic_veneer>
2000088e:	bf00      	nop
20000890:	20001d08 	.word	0x20001d08
20000894:	20001c88 	.word	0x20001c88
20000898:	20001cc8 	.word	0x20001cc8
2000089c:	20001a88 	.word	0x20001a88
200008a0:	20001ac8 	.word	0x20001ac8
200008a4:	20001b88 	.word	0x20001b88
200008a8:	20001bc8 	.word	0x20001bc8
200008ac:	20001c08 	.word	0x20001c08
200008b0:	20001c48 	.word	0x20001c48
200008b4:	20001b08 	.word	0x20001b08
200008b8:	20001b48 	.word	0x20001b48
200008bc:	20001a48 	.word	0x20001a48
200008c0:	20001d48 	.word	0x20001d48
200008c4:	20001d88 	.word	0x20001d88
200008c8:	10006730 	.word	0x10006730

200008cc <prepare_ep_buffer>:
200008cc:	e92d 47f0 	stmdb	sp!, {r4, r5, r6, r7, r8, r9, sl, lr}
200008d0:	8a84      	ldrh	r4, [r0, #20]
200008d2:	8b05      	ldrh	r5, [r0, #24]
200008d4:	78c2      	ldrb	r2, [r0, #3]
200008d6:	42a5      	cmp	r5, r4
200008d8:	bf28      	it	cs
200008da:	4625      	movcs	r5, r4
200008dc:	1e17      	subs	r7, r2, #0
200008de:	bf18      	it	ne
200008e0:	2701      	movne	r7, #1
200008e2:	1b64      	subs	r4, r4, r5
200008e4:	7846      	ldrb	r6, [r0, #1]
200008e6:	f082 0201 	eor.w	r2, r2, #1
200008ea:	b2a4      	uxth	r4, r4
200008ec:	4603      	mov	r3, r0
200008ee:	70c2      	strb	r2, [r0, #3]
200008f0:	8284      	strh	r4, [r0, #20]
200008f2:	f445 6080 	orr.w	r0, r5, #1024	@ 0x400
200008f6:	ea40 3047 	orr.w	r0, r0, r7, lsl #13
200008fa:	bba6      	cbnz	r6, 20000966 <prepare_ep_buffer+0x9a>
200008fc:	e9d3 2603 	ldrd	r2, r6, [r3, #12]
20000900:	1e6f      	subs	r7, r5, #1
20000902:	eb02 1e81 	add.w	lr, r2, r1, lsl #6
20000906:	b355      	cbz	r5, 2000095e <prepare_ep_buffer+0x92>
20000908:	2f05      	cmp	r7, #5
2000090a:	bf98      	it	ls
2000090c:	1c72      	addls	r2, r6, #1
2000090e:	d931      	bls.n	20000974 <prepare_ep_buffer+0xa8>
20000910:	eb02 1c81 	add.w	ip, r2, r1, lsl #6
20000914:	1c72      	adds	r2, r6, #1
20000916:	ebac 0402 	sub.w	r4, ip, r2
2000091a:	2c02      	cmp	r4, #2
2000091c:	d92a      	bls.n	20000974 <prepare_ep_buffer+0xa8>
2000091e:	4632      	mov	r2, r6
20000920:	ea4f 0995 	mov.w	r9, r5, lsr #2
20000924:	ea4f 0a89 	mov.w	sl, r9, lsl #2
20000928:	eb06 0889 	add.w	r8, r6, r9, lsl #2
2000092c:	f852 4b04 	ldr.w	r4, [r2], #4
20000930:	4542      	cmp	r2, r8
20000932:	f84c 4b04 	str.w	r4, [ip], #4
20000936:	d1f9      	bne.n	2000092c <prepare_ep_buffer+0x60>
20000938:	4555      	cmp	r5, sl
2000093a:	eba7 070a 	sub.w	r7, r7, sl
2000093e:	eb0e 040a 	add.w	r4, lr, sl
20000942:	d00a      	beq.n	2000095a <prepare_ep_buffer+0x8e>
20000944:	f816 6029 	ldrb.w	r6, [r6, r9, lsl #2]
20000948:	f80e 6029 	strb.w	r6, [lr, r9, lsl #2]
2000094c:	b12f      	cbz	r7, 2000095a <prepare_ep_buffer+0x8e>
2000094e:	7856      	ldrb	r6, [r2, #1]
20000950:	2f01      	cmp	r7, #1
20000952:	7066      	strb	r6, [r4, #1]
20000954:	d001      	beq.n	2000095a <prepare_ep_buffer+0x8e>
20000956:	7892      	ldrb	r2, [r2, #2]
20000958:	70a2      	strb	r2, [r4, #2]
2000095a:	691e      	ldr	r6, [r3, #16]
2000095c:	8a9c      	ldrh	r4, [r3, #20]
2000095e:	442e      	add	r6, r5
20000960:	611e      	str	r6, [r3, #16]
20000962:	f440 4000 	orr.w	r0, r0, #32768	@ 0x8000
20000966:	b90c      	cbnz	r4, 2000096c <prepare_ep_buffer+0xa0>
20000968:	f440 4080 	orr.w	r0, r0, #16384	@ 0x4000
2000096c:	b101      	cbz	r1, 20000970 <prepare_ep_buffer+0xa4>
2000096e:	0400      	lsls	r0, r0, #16
20000970:	e8bd 87f0 	ldmia.w	sp!, {r4, r5, r6, r7, r8, r9, sl, pc}
20000974:	f10e 3eff 	add.w	lr, lr, #4294967295	@ 0xffffffff
20000978:	442e      	add	r6, r5
2000097a:	e000      	b.n	2000097e <prepare_ep_buffer+0xb2>
2000097c:	3201      	adds	r2, #1
2000097e:	f812 4c01 	ldrb.w	r4, [r2, #-1]
20000982:	42b2      	cmp	r2, r6
20000984:	f80e 4f01 	strb.w	r4, [lr, #1]!
20000988:	d1f8      	bne.n	2000097c <prepare_ep_buffer+0xb0>
2000098a:	e7e6      	b.n	2000095a <prepare_ep_buffer+0x8e>

2000098c <sync_ep_buffer>:
2000098c:	6883      	ldr	r3, [r0, #8]
2000098e:	4602      	mov	r2, r0
20000990:	6818      	ldr	r0, [r3, #0]
20000992:	b101      	cbz	r1, 20000996 <sync_ep_buffer+0xa>
20000994:	0c00      	lsrs	r0, r0, #16
20000996:	7853      	ldrb	r3, [r2, #1]
20000998:	f3c0 0009 	ubfx	r0, r0, #0, #10
2000099c:	2b00      	cmp	r3, #0
2000099e:	d03c      	beq.n	20000a1a <sync_ep_buffer+0x8e>
200009a0:	e92d 41f0 	stmdb	sp!, {r4, r5, r6, r7, r8, lr}
200009a4:	e9d2 3403 	ldrd	r3, r4, [r2, #12]
200009a8:	1e46      	subs	r6, r0, #1
200009aa:	eb03 1e81 	add.w	lr, r3, r1, lsl #6
200009ae:	b340      	cbz	r0, 20000a02 <sync_ep_buffer+0x76>
200009b0:	2e05      	cmp	r6, #5
200009b2:	d93b      	bls.n	20000a2c <sync_ep_buffer+0xa0>
200009b4:	0189      	lsls	r1, r1, #6
200009b6:	1c4d      	adds	r5, r1, #1
200009b8:	441d      	add	r5, r3
200009ba:	1b65      	subs	r5, r4, r5
200009bc:	2d02      	cmp	r5, #2
200009be:	d935      	bls.n	20000a2c <sync_ep_buffer+0xa0>
200009c0:	4673      	mov	r3, lr
200009c2:	4621      	mov	r1, r4
200009c4:	f400 777f 	and.w	r7, r0, #1020	@ 0x3fc
200009c8:	ea4f 0890 	mov.w	r8, r0, lsr #2
200009cc:	18fd      	adds	r5, r7, r3
200009ce:	f853 cb04 	ldr.w	ip, [r3], #4
200009d2:	42ab      	cmp	r3, r5
200009d4:	f841 cb04 	str.w	ip, [r1], #4
200009d8:	d1f9      	bne.n	200009ce <sync_ep_buffer+0x42>
200009da:	42b8      	cmp	r0, r7
200009dc:	eba6 0607 	sub.w	r6, r6, r7
200009e0:	eb04 0307 	add.w	r3, r4, r7
200009e4:	eb0e 0107 	add.w	r1, lr, r7
200009e8:	d00a      	beq.n	20000a00 <sync_ep_buffer+0x74>
200009ea:	f81e 5028 	ldrb.w	r5, [lr, r8, lsl #2]
200009ee:	f804 5028 	strb.w	r5, [r4, r8, lsl #2]
200009f2:	b12e      	cbz	r6, 20000a00 <sync_ep_buffer+0x74>
200009f4:	784c      	ldrb	r4, [r1, #1]
200009f6:	2e01      	cmp	r6, #1
200009f8:	705c      	strb	r4, [r3, #1]
200009fa:	d001      	beq.n	20000a00 <sync_ep_buffer+0x74>
200009fc:	7889      	ldrb	r1, [r1, #2]
200009fe:	7099      	strb	r1, [r3, #2]
20000a00:	6914      	ldr	r4, [r2, #16]
20000a02:	8ad3      	ldrh	r3, [r2, #22]
20000a04:	4404      	add	r4, r0
20000a06:	4403      	add	r3, r0
20000a08:	82d3      	strh	r3, [r2, #22]
20000a0a:	8b13      	ldrh	r3, [r2, #24]
20000a0c:	6114      	str	r4, [r2, #16]
20000a0e:	4283      	cmp	r3, r0
20000a10:	bf84      	itt	hi
20000a12:	2300      	movhi	r3, #0
20000a14:	8293      	strhhi	r3, [r2, #20]
20000a16:	e8bd 81f0 	ldmia.w	sp!, {r4, r5, r6, r7, r8, pc}
20000a1a:	8ad3      	ldrh	r3, [r2, #22]
20000a1c:	4403      	add	r3, r0
20000a1e:	82d3      	strh	r3, [r2, #22]
20000a20:	8b13      	ldrh	r3, [r2, #24]
20000a22:	4283      	cmp	r3, r0
20000a24:	bf84      	itt	hi
20000a26:	2300      	movhi	r3, #0
20000a28:	8293      	strhhi	r3, [r2, #20]
20000a2a:	4770      	bx	lr
20000a2c:	3c01      	subs	r4, #1
20000a2e:	eb0e 0100 	add.w	r1, lr, r0
20000a32:	f81e 3b01 	ldrb.w	r3, [lr], #1
20000a36:	4571      	cmp	r1, lr
20000a38:	f804 3f01 	strb.w	r3, [r4, #1]!
20000a3c:	d1f9      	bne.n	20000a32 <sync_ep_buffer+0xa6>
20000a3e:	e7df      	b.n	20000a00 <sync_ep_buffer+0x74>

20000a40 <_hw_endpoint_xfer_sync>:
20000a40:	b510      	push	{r4, lr}
20000a42:	4604      	mov	r4, r0
20000a44:	6883      	ldr	r3, [r0, #8]
20000a46:	2100      	movs	r1, #0
20000a48:	681b      	ldr	r3, [r3, #0]
20000a4a:	f7ff ff9f 	bl	2000098c <sync_ep_buffer>
20000a4e:	6863      	ldr	r3, [r4, #4]
20000a50:	681b      	ldr	r3, [r3, #0]
20000a52:	005b      	lsls	r3, r3, #1
20000a54:	d502      	bpl.n	20000a5c <_hw_endpoint_xfer_sync+0x1c>
20000a56:	8b23      	ldrh	r3, [r4, #24]
20000a58:	4283      	cmp	r3, r0
20000a5a:	d000      	beq.n	20000a5e <_hw_endpoint_xfer_sync+0x1e>
20000a5c:	bd10      	pop	{r4, pc}
20000a5e:	4620      	mov	r0, r4
20000a60:	e8bd 4010 	ldmia.w	sp!, {r4, lr}
20000a64:	2101      	movs	r1, #1
20000a66:	f7ff bf91 	b.w	2000098c <sync_ep_buffer>
20000a6a:	bf00      	nop

20000a6c <e15_is_bulkin_ep>:
20000a6c:	4b08      	ldr	r3, [pc, #32]	@ (20000a90 <e15_is_bulkin_ep+0x24>)
20000a6e:	6c1b      	ldr	r3, [r3, #64]	@ 0x40
20000a70:	f013 0302 	ands.w	r3, r3, #2
20000a74:	d102      	bne.n	20000a7c <e15_is_bulkin_ep+0x10>
20000a76:	7882      	ldrb	r2, [r0, #2]
20000a78:	09d2      	lsrs	r2, r2, #7
20000a7a:	d101      	bne.n	20000a80 <e15_is_bulkin_ep+0x14>
20000a7c:	2000      	movs	r0, #0
20000a7e:	4770      	bx	lr
20000a80:	7ec0      	ldrb	r0, [r0, #27]
20000a82:	f1a0 0002 	sub.w	r0, r0, #2
20000a86:	fab0 f080 	clz	r0, r0
20000a8a:	0940      	lsrs	r0, r0, #5
20000a8c:	4770      	bx	lr
20000a8e:	bf00      	nop
20000a90:	50110000 	.word	0x50110000

20000a94 <e15_is_critical_frame_period>:
20000a94:	b508      	push	{r3, lr}
20000a96:	f7ff ffe9 	bl	20000a6c <e15_is_bulkin_ep>
20000a9a:	b150      	cbz	r0, 20000ab2 <e15_is_critical_frame_period+0x1e>
20000a9c:	4a05      	ldr	r2, [pc, #20]	@ (20000ab4 <e15_is_critical_frame_period+0x20>)
20000a9e:	4b06      	ldr	r3, [pc, #24]	@ (20000ab8 <e15_is_critical_frame_period+0x24>)
20000aa0:	6a90      	ldr	r0, [r2, #40]	@ 0x28
20000aa2:	681b      	ldr	r3, [r3, #0]
20000aa4:	f5a0 7048 	sub.w	r0, r0, #800	@ 0x320
20000aa8:	1ac0      	subs	r0, r0, r3
20000aaa:	28c6      	cmp	r0, #198	@ 0xc6
20000aac:	bf8c      	ite	hi
20000aae:	2000      	movhi	r0, #0
20000ab0:	2001      	movls	r0, #1
20000ab2:	bd08      	pop	{r3, pc}
20000ab4:	400b0000 	.word	0x400b0000
20000ab8:	200019e0 	.word	0x200019e0

20000abc <hw_endpoint_reset_transfer>:
20000abc:	2300      	movs	r3, #0
20000abe:	e9c0 3304 	strd	r3, r3, [r0, #16]
20000ac2:	7683      	strb	r3, [r0, #26]
20000ac4:	4770      	bx	lr
20000ac6:	bf00      	nop

20000ac8 <_hw_endpoint_buffer_control_update32>:
20000ac8:	b510      	push	{r4, lr}
20000aca:	6883      	ldr	r3, [r0, #8]
20000acc:	b109      	cbz	r1, 20000ad2 <_hw_endpoint_buffer_control_update32+0xa>
20000ace:	681c      	ldr	r4, [r3, #0]
20000ad0:	4021      	ands	r1, r4
20000ad2:	b182      	cbz	r2, 20000af6 <_hw_endpoint_buffer_control_update32+0x2e>
20000ad4:	4311      	orrs	r1, r2
20000ad6:	0552      	lsls	r2, r2, #21
20000ad8:	d50d      	bpl.n	20000af6 <_hw_endpoint_buffer_control_update32+0x2e>
20000ada:	681a      	ldr	r2, [r3, #0]
20000adc:	0554      	lsls	r4, r2, #21
20000ade:	d40c      	bmi.n	20000afa <_hw_endpoint_buffer_control_update32+0x32>
20000ae0:	4a08      	ldr	r2, [pc, #32]	@ (20000b04 <_hw_endpoint_buffer_control_update32+0x3c>)
20000ae2:	f421 6480 	bic.w	r4, r1, #1024	@ 0x400
20000ae6:	601c      	str	r4, [r3, #0]
20000ae8:	6c12      	ldr	r2, [r2, #64]	@ 0x40
20000aea:	0792      	lsls	r2, r2, #30
20000aec:	d403      	bmi.n	20000af6 <_hw_endpoint_buffer_control_update32+0x2e>
20000aee:	230c      	movs	r3, #12
20000af0:	3b03      	subs	r3, #3
20000af2:	d2fd      	bcs.n	20000af0 <_hw_endpoint_buffer_control_update32+0x28>
20000af4:	6883      	ldr	r3, [r0, #8]
20000af6:	6019      	str	r1, [r3, #0]
20000af8:	bd10      	pop	{r4, pc}
20000afa:	7881      	ldrb	r1, [r0, #2]
20000afc:	4802      	ldr	r0, [pc, #8]	@ (20000b08 <_hw_endpoint_buffer_control_update32+0x40>)
20000afe:	f000 fb33 	bl	20001168 <__panic_veneer>
20000b02:	bf00      	nop
20000b04:	50110000 	.word	0x50110000
20000b08:	10006744 	.word	0x10006744

20000b0c <hw_endpoint_start_next_buffer>:
20000b0c:	b530      	push	{r4, r5, lr}
20000b0e:	6843      	ldr	r3, [r0, #4]
20000b10:	2100      	movs	r1, #0
20000b12:	b083      	sub	sp, #12
20000b14:	4604      	mov	r4, r0
20000b16:	681d      	ldr	r5, [r3, #0]
20000b18:	f7ff fed8 	bl	200008cc <prepare_ep_buffer>
20000b1c:	4b13      	ldr	r3, [pc, #76]	@ (20000b6c <hw_endpoint_start_next_buffer+0x60>)
20000b1e:	f440 5280 	orr.w	r2, r0, #4096	@ 0x1000
20000b22:	6c19      	ldr	r1, [r3, #64]	@ 0x40
20000b24:	78a3      	ldrb	r3, [r4, #2]
20000b26:	0789      	lsls	r1, r1, #30
20000b28:	d50e      	bpl.n	20000b48 <hw_endpoint_start_next_buffer+0x3c>
20000b2a:	065b      	lsls	r3, r3, #25
20000b2c:	d00e      	beq.n	20000b4c <hw_endpoint_start_next_buffer+0x40>
20000b2e:	f025 45a0 	bic.w	r5, r5, #1342177280	@ 0x50000000
20000b32:	f045 5500 	orr.w	r5, r5, #536870912	@ 0x20000000
20000b36:	2100      	movs	r1, #0
20000b38:	4620      	mov	r0, r4
20000b3a:	6863      	ldr	r3, [r4, #4]
20000b3c:	601d      	str	r5, [r3, #0]
20000b3e:	b003      	add	sp, #12
20000b40:	e8bd 4030 	ldmia.w	sp!, {r4, r5, lr}
20000b44:	f7ff bfc0 	b.w	20000ac8 <_hw_endpoint_buffer_control_update32>
20000b48:	09db      	lsrs	r3, r3, #7
20000b4a:	d0f0      	beq.n	20000b2e <hw_endpoint_start_next_buffer+0x22>
20000b4c:	8aa3      	ldrh	r3, [r4, #20]
20000b4e:	2b00      	cmp	r3, #0
20000b50:	d0ed      	beq.n	20000b2e <hw_endpoint_start_next_buffer+0x22>
20000b52:	2101      	movs	r1, #1
20000b54:	4620      	mov	r0, r4
20000b56:	9201      	str	r2, [sp, #4]
20000b58:	f7ff feb8 	bl	200008cc <prepare_ep_buffer>
20000b5c:	9a01      	ldr	r2, [sp, #4]
20000b5e:	f025 5500 	bic.w	r5, r5, #536870912	@ 0x20000000
20000b62:	4302      	orrs	r2, r0
20000b64:	f045 45a0 	orr.w	r5, r5, #1342177280	@ 0x50000000
20000b68:	e7e5      	b.n	20000b36 <hw_endpoint_start_next_buffer+0x2a>
20000b6a:	bf00      	nop
20000b6c:	50110000 	.word	0x50110000

20000b70 <hw_endpoint_xfer_continue>:
20000b70:	b538      	push	{r3, r4, r5, lr}
20000b72:	7e85      	ldrb	r5, [r0, #26]
20000b74:	4604      	mov	r4, r0
20000b76:	b195      	cbz	r5, 20000b9e <hw_endpoint_xfer_continue+0x2e>
20000b78:	f7ff ff62 	bl	20000a40 <_hw_endpoint_xfer_sync>
20000b7c:	8aa3      	ldrh	r3, [r4, #20]
20000b7e:	b90b      	cbnz	r3, 20000b84 <hw_endpoint_xfer_continue+0x14>
20000b80:	4628      	mov	r0, r5
20000b82:	bd38      	pop	{r3, r4, r5, pc}
20000b84:	4620      	mov	r0, r4
20000b86:	f7ff ff85 	bl	20000a94 <e15_is_critical_frame_period>
20000b8a:	b120      	cbz	r0, 20000b96 <hw_endpoint_xfer_continue+0x26>
20000b8c:	2301      	movs	r3, #1
20000b8e:	7723      	strb	r3, [r4, #28]
20000b90:	2500      	movs	r5, #0
20000b92:	4628      	mov	r0, r5
20000b94:	bd38      	pop	{r3, r4, r5, pc}
20000b96:	4620      	mov	r0, r4
20000b98:	f7ff ffb8 	bl	20000b0c <hw_endpoint_start_next_buffer>
20000b9c:	e7f8      	b.n	20000b90 <hw_endpoint_xfer_continue+0x20>
20000b9e:	7881      	ldrb	r1, [r0, #2]
20000ba0:	4801      	ldr	r0, [pc, #4]	@ (20000ba8 <hw_endpoint_xfer_continue+0x38>)
20000ba2:	f000 fae1 	bl	20001168 <__panic_veneer>
20000ba6:	bf00      	nop
20000ba8:	10006764 	.word	0x10006764

20000bac <dcd_event_handler>:
20000bac:	e92d 43f0 	stmdb	sp!, {r4, r5, r6, r7, r8, r9, lr}
20000bb0:	7843      	ldrb	r3, [r0, #1]
20000bb2:	4681      	mov	r9, r0
20000bb4:	3b02      	subs	r3, #2
20000bb6:	460d      	mov	r5, r1
20000bb8:	b085      	sub	sp, #20
20000bba:	2b04      	cmp	r3, #4
20000bbc:	d813      	bhi.n	20000be6 <dcd_event_handler+0x3a>
20000bbe:	e8df f003 	tbb	[pc, r3]
20000bc2:	4a03      	.short	0x4a03
20000bc4:	736a      	.short	0x736a
20000bc6:	44          	.byte	0x44
20000bc7:	00          	.byte	0x00
20000bc8:	2100      	movs	r1, #0
20000bca:	4b7b      	ldr	r3, [pc, #492]	@ (20000db8 <dcd_event_handler+0x20c>)
20000bcc:	781a      	ldrb	r2, [r3, #0]
20000bce:	f022 0201 	bic.w	r2, r2, #1
20000bd2:	701a      	strb	r2, [r3, #0]
20000bd4:	781a      	ldrb	r2, [r3, #0]
20000bd6:	f022 0202 	bic.w	r2, r2, #2
20000bda:	701a      	strb	r2, [r3, #0]
20000bdc:	7059      	strb	r1, [r3, #1]
20000bde:	781a      	ldrb	r2, [r3, #0]
20000be0:	f361 0282 	bfi	r2, r1, #2, #1
20000be4:	701a      	strb	r2, [r3, #0]
20000be6:	4b75      	ldr	r3, [pc, #468]	@ (20000dbc <dcd_event_handler+0x210>)
20000be8:	681c      	ldr	r4, [r3, #0]
20000bea:	6963      	ldr	r3, [r4, #20]
20000bec:	f3ef 8210 	mrs	r2, PRIMASK
20000bf0:	b672      	cpsid	i
20000bf2:	e8d3 0fcf 	ldaexb	r0, [r3]
20000bf6:	2101      	movs	r1, #1
20000bf8:	2800      	cmp	r0, #0
20000bfa:	d1fa      	bne.n	20000bf2 <dcd_event_handler+0x46>
20000bfc:	e8c3 1f40 	strexb	r0, r1, [r3]
20000c00:	2800      	cmp	r0, #0
20000c02:	d1f6      	bne.n	20000bf2 <dcd_event_handler+0x46>
20000c04:	f3bf 8f5f 	dmb	sy
20000c08:	61a2      	str	r2, [r4, #24]
20000c0a:	4649      	mov	r1, r9
20000c0c:	4620      	mov	r0, r4
20000c0e:	f000 faa3 	bl	20001158 <__tu_fifo_write_veneer>
20000c12:	2300      	movs	r3, #0
20000c14:	6962      	ldr	r2, [r4, #20]
20000c16:	e8c2 3f8f 	stlb	r3, [r2]
20000c1a:	69a3      	ldr	r3, [r4, #24]
20000c1c:	f383 8810 	msr	PRIMASK, r3
20000c20:	b948      	cbnz	r0, 20000c36 <dcd_event_handler+0x8a>
20000c22:	f04f 23e0 	mov.w	r3, #3758153728	@ 0xe000e000
20000c26:	f8d3 3df0 	ldr.w	r3, [r3, #3568]	@ 0xdf0
20000c2a:	07db      	lsls	r3, r3, #31
20000c2c:	d50a      	bpl.n	20000c44 <dcd_event_handler+0x98>
20000c2e:	be00      	bkpt	0x0000
20000c30:	b005      	add	sp, #20
20000c32:	e8bd 83f0 	ldmia.w	sp!, {r4, r5, r6, r7, r8, r9, pc}
20000c36:	462a      	mov	r2, r5
20000c38:	f899 1001 	ldrb.w	r1, [r9, #1]
20000c3c:	f899 0000 	ldrb.w	r0, [r9]
20000c40:	f000 fa96 	bl	20001170 <__tud_event_hook_cb_veneer>
20000c44:	b005      	add	sp, #20
20000c46:	e8bd 83f0 	ldmia.w	sp!, {r4, r5, r6, r7, r8, r9, pc}
20000c4a:	4a5d      	ldr	r2, [pc, #372]	@ (20000dc0 <dcd_event_handler+0x214>)
20000c4c:	7813      	ldrb	r3, [r2, #0]
20000c4e:	3301      	adds	r3, #1
20000c50:	b2db      	uxtb	r3, r3
20000c52:	7013      	strb	r3, [r2, #0]
20000c54:	e7c7      	b.n	20000be6 <dcd_event_handler+0x3a>
20000c56:	2400      	movs	r4, #0
20000c58:	4e5a      	ldr	r6, [pc, #360]	@ (20000dc4 <dcd_event_handler+0x218>)
20000c5a:	4623      	mov	r3, r4
20000c5c:	7831      	ldrb	r1, [r6, #0]
20000c5e:	f8df 816c 	ldr.w	r8, [pc, #364]	@ 20000dcc <dcd_event_handler+0x220>
20000c62:	4f59      	ldr	r7, [pc, #356]	@ (20000dc8 <dcd_event_handler+0x21c>)
20000c64:	e011      	b.n	20000c8a <dcd_event_handler+0xde>
20000c66:	683b      	ldr	r3, [r7, #0]
20000c68:	eb13 1344 	adds.w	r3, r3, r4, lsl #5
20000c6c:	d007      	beq.n	20000c7e <dcd_event_handler+0xd2>
20000c6e:	69db      	ldr	r3, [r3, #28]
20000c70:	b12b      	cbz	r3, 20000c7e <dcd_event_handler+0xd2>
20000c72:	f8d9 1004 	ldr.w	r1, [r9, #4]
20000c76:	f899 0000 	ldrb.w	r0, [r9]
20000c7a:	4798      	blx	r3
20000c7c:	7831      	ldrb	r1, [r6, #0]
20000c7e:	3401      	adds	r4, #1
20000c80:	b2e4      	uxtb	r4, r4
20000c82:	1c4a      	adds	r2, r1, #1
20000c84:	42a2      	cmp	r2, r4
20000c86:	4623      	mov	r3, r4
20000c88:	db17      	blt.n	20000cba <dcd_event_handler+0x10e>
20000c8a:	42a1      	cmp	r1, r4
20000c8c:	d8eb      	bhi.n	20000c66 <dcd_event_handler+0xba>
20000c8e:	1a5b      	subs	r3, r3, r1
20000c90:	eb08 1343 	add.w	r3, r8, r3, lsl #5
20000c94:	e7eb      	b.n	20000c6e <dcd_event_handler+0xc2>
20000c96:	4b48      	ldr	r3, [pc, #288]	@ (20000db8 <dcd_event_handler+0x20c>)
20000c98:	781a      	ldrb	r2, [r3, #0]
20000c9a:	07d6      	lsls	r6, r2, #31
20000c9c:	d5d2      	bpl.n	20000c44 <dcd_event_handler+0x98>
20000c9e:	781a      	ldrb	r2, [r3, #0]
20000ca0:	f042 0204 	orr.w	r2, r2, #4
20000ca4:	701a      	strb	r2, [r3, #0]
20000ca6:	e79e      	b.n	20000be6 <dcd_event_handler+0x3a>
20000ca8:	4b43      	ldr	r3, [pc, #268]	@ (20000db8 <dcd_event_handler+0x20c>)
20000caa:	781a      	ldrb	r2, [r3, #0]
20000cac:	07d4      	lsls	r4, r2, #31
20000cae:	d5c9      	bpl.n	20000c44 <dcd_event_handler+0x98>
20000cb0:	781a      	ldrb	r2, [r3, #0]
20000cb2:	f022 0204 	bic.w	r2, r2, #4
20000cb6:	701a      	strb	r2, [r3, #0]
20000cb8:	e795      	b.n	20000be6 <dcd_event_handler+0x3a>
20000cba:	4c3f      	ldr	r4, [pc, #252]	@ (20000db8 <dcd_event_handler+0x20c>)
20000cbc:	7823      	ldrb	r3, [r4, #0]
20000cbe:	0758      	lsls	r0, r3, #29
20000cc0:	d43a      	bmi.n	20000d38 <dcd_event_handler+0x18c>
20000cc2:	78e3      	ldrb	r3, [r4, #3]
20000cc4:	07da      	lsls	r2, r3, #31
20000cc6:	d5bd      	bpl.n	20000c44 <dcd_event_handler+0x98>
20000cc8:	2303      	movs	r3, #3
20000cca:	2600      	movs	r6, #0
20000ccc:	4a3b      	ldr	r2, [pc, #236]	@ (20000dbc <dcd_event_handler+0x210>)
20000cce:	f899 1000 	ldrb.w	r1, [r9]
20000cd2:	6814      	ldr	r4, [r2, #0]
20000cd4:	f8d9 2004 	ldr.w	r2, [r9, #4]
20000cd8:	f88d 1004 	strb.w	r1, [sp, #4]
20000cdc:	f88d 3005 	strb.w	r3, [sp, #5]
20000ce0:	6963      	ldr	r3, [r4, #20]
20000ce2:	f8cd 6006 	str.w	r6, [sp, #6]
20000ce6:	f8cd 600a 	str.w	r6, [sp, #10]
20000cea:	f8ad 600e 	strh.w	r6, [sp, #14]
20000cee:	9202      	str	r2, [sp, #8]
20000cf0:	f3ef 8210 	mrs	r2, PRIMASK
20000cf4:	b672      	cpsid	i
20000cf6:	e8d3 0fcf 	ldaexb	r0, [r3]
20000cfa:	2101      	movs	r1, #1
20000cfc:	2800      	cmp	r0, #0
20000cfe:	d1fa      	bne.n	20000cf6 <dcd_event_handler+0x14a>
20000d00:	e8c3 1f40 	strexb	r0, r1, [r3]
20000d04:	2800      	cmp	r0, #0
20000d06:	d1f6      	bne.n	20000cf6 <dcd_event_handler+0x14a>
20000d08:	f3bf 8f5f 	dmb	sy
20000d0c:	4620      	mov	r0, r4
20000d0e:	61a2      	str	r2, [r4, #24]
20000d10:	a901      	add	r1, sp, #4
20000d12:	f000 fa21 	bl	20001158 <__tu_fifo_write_veneer>
20000d16:	6963      	ldr	r3, [r4, #20]
20000d18:	e8c3 6f8f 	stlb	r6, [r3]
20000d1c:	69a3      	ldr	r3, [r4, #24]
20000d1e:	f383 8810 	msr	PRIMASK, r3
20000d22:	2800      	cmp	r0, #0
20000d24:	f43f af7d 	beq.w	20000c22 <dcd_event_handler+0x76>
20000d28:	462a      	mov	r2, r5
20000d2a:	f89d 1005 	ldrb.w	r1, [sp, #5]
20000d2e:	f89d 0004 	ldrb.w	r0, [sp, #4]
20000d32:	f000 fa1d 	bl	20001170 <__tud_event_hook_cb_veneer>
20000d36:	e785      	b.n	20000c44 <dcd_event_handler+0x98>
20000d38:	7823      	ldrb	r3, [r4, #0]
20000d3a:	2700      	movs	r7, #0
20000d3c:	f023 0304 	bic.w	r3, r3, #4
20000d40:	7023      	strb	r3, [r4, #0]
20000d42:	2305      	movs	r3, #5
20000d44:	4a1d      	ldr	r2, [pc, #116]	@ (20000dbc <dcd_event_handler+0x210>)
20000d46:	f88d 3005 	strb.w	r3, [sp, #5]
20000d4a:	6816      	ldr	r6, [r2, #0]
20000d4c:	f899 2000 	ldrb.w	r2, [r9]
20000d50:	f8ad 700e 	strh.w	r7, [sp, #14]
20000d54:	f88d 2004 	strb.w	r2, [sp, #4]
20000d58:	6973      	ldr	r3, [r6, #20]
20000d5a:	f8cd 7006 	str.w	r7, [sp, #6]
20000d5e:	f8cd 700a 	str.w	r7, [sp, #10]
20000d62:	f3ef 8210 	mrs	r2, PRIMASK
20000d66:	b672      	cpsid	i
20000d68:	e8d3 0fcf 	ldaexb	r0, [r3]
20000d6c:	2101      	movs	r1, #1
20000d6e:	2800      	cmp	r0, #0
20000d70:	d1fa      	bne.n	20000d68 <dcd_event_handler+0x1bc>
20000d72:	e8c3 1f40 	strexb	r0, r1, [r3]
20000d76:	2800      	cmp	r0, #0
20000d78:	d1f6      	bne.n	20000d68 <dcd_event_handler+0x1bc>
20000d7a:	f3bf 8f5f 	dmb	sy
20000d7e:	4630      	mov	r0, r6
20000d80:	61b2      	str	r2, [r6, #24]
20000d82:	a901      	add	r1, sp, #4
20000d84:	f000 f9e8 	bl	20001158 <__tu_fifo_write_veneer>
20000d88:	6973      	ldr	r3, [r6, #20]
20000d8a:	e8c3 7f8f 	stlb	r7, [r3]
20000d8e:	69b3      	ldr	r3, [r6, #24]
20000d90:	f383 8810 	msr	PRIMASK, r3
20000d94:	b938      	cbnz	r0, 20000da6 <dcd_event_handler+0x1fa>
20000d96:	f04f 23e0 	mov.w	r3, #3758153728	@ 0xe000e000
20000d9a:	f8d3 3df0 	ldr.w	r3, [r3, #3568]	@ 0xdf0
20000d9e:	07d9      	lsls	r1, r3, #31
20000da0:	d58f      	bpl.n	20000cc2 <dcd_event_handler+0x116>
20000da2:	be00      	bkpt	0x0000
20000da4:	e78d      	b.n	20000cc2 <dcd_event_handler+0x116>
20000da6:	462a      	mov	r2, r5
20000da8:	f89d 1005 	ldrb.w	r1, [sp, #5]
20000dac:	f89d 0004 	ldrb.w	r0, [sp, #4]
20000db0:	f000 f9de 	bl	20001170 <__tud_event_hook_cb_veneer>
20000db4:	e785      	b.n	20000cc2 <dcd_event_handler+0x116>
20000db6:	bf00      	nop
20000db8:	20001588 	.word	0x20001588
20000dbc:	200015e0 	.word	0x200015e0
20000dc0:	20001e5f 	.word	0x20001e5f
20000dc4:	20001e5d 	.word	0x20001e5d
20000dc8:	200013b8 	.word	0x200013b8
20000dcc:	100069d4 	.word	0x100069d4

20000dd0 <__aeabi_uldivmod>:
20000dd0:	b953      	cbnz	r3, 20000de8 <__aeabi_uldivmod+0x18>
20000dd2:	b94a      	cbnz	r2, 20000de8 <__aeabi_uldivmod+0x18>
20000dd4:	2900      	cmp	r1, #0
20000dd6:	bf08      	it	eq
20000dd8:	2800      	cmpeq	r0, #0
20000dda:	bf1c      	itt	ne
20000ddc:	f04f 31ff 	movne.w	r1, #4294967295	@ 0xffffffff
20000de0:	f04f 30ff 	movne.w	r0, #4294967295	@ 0xffffffff
20000de4:	f000 b9b2 	b.w	2000114c <__aeabi_idiv0>
20000de8:	f1ad 0c08 	sub.w	ip, sp, #8
20000dec:	e96d ce04 	strd	ip, lr, [sp, #-16]!
20000df0:	f000 f806 	bl	20000e00 <__udivmoddi4>
20000df4:	f8dd e004 	ldr.w	lr, [sp, #4]
20000df8:	e9dd 2302 	ldrd	r2, r3, [sp, #8]
20000dfc:	b004      	add	sp, #16
20000dfe:	4770      	bx	lr

20000e00 <__udivmoddi4>:
20000e00:	e92d 4ff0 	stmdb	sp!, {r4, r5, r6, r7, r8, r9, sl, fp, lr}
20000e04:	468c      	mov	ip, r1
20000e06:	9e09      	ldr	r6, [sp, #36]	@ 0x24
20000e08:	4604      	mov	r4, r0
20000e0a:	460f      	mov	r7, r1
20000e0c:	2b00      	cmp	r3, #0
20000e0e:	d148      	bne.n	20000ea2 <__udivmoddi4+0xa2>
20000e10:	428a      	cmp	r2, r1
20000e12:	4615      	mov	r5, r2
20000e14:	d95e      	bls.n	20000ed4 <__udivmoddi4+0xd4>
20000e16:	fab2 f382 	clz	r3, r2
20000e1a:	b13b      	cbz	r3, 20000e2c <__udivmoddi4+0x2c>
20000e1c:	f1c3 0220 	rsb	r2, r3, #32
20000e20:	409f      	lsls	r7, r3
20000e22:	409d      	lsls	r5, r3
20000e24:	409c      	lsls	r4, r3
20000e26:	fa20 f202 	lsr.w	r2, r0, r2
20000e2a:	4317      	orrs	r7, r2
20000e2c:	ea4f 4e15 	mov.w	lr, r5, lsr #16
20000e30:	fa1f fc85 	uxth.w	ip, r5
20000e34:	0c22      	lsrs	r2, r4, #16
20000e36:	fbb7 f1fe 	udiv	r1, r7, lr
20000e3a:	fb0e 7711 	mls	r7, lr, r1, r7
20000e3e:	fb01 f00c 	mul.w	r0, r1, ip
20000e42:	ea42 4207 	orr.w	r2, r2, r7, lsl #16
20000e46:	4290      	cmp	r0, r2
20000e48:	d907      	bls.n	20000e5a <__udivmoddi4+0x5a>
20000e4a:	18aa      	adds	r2, r5, r2
20000e4c:	f101 37ff 	add.w	r7, r1, #4294967295	@ 0xffffffff
20000e50:	d202      	bcs.n	20000e58 <__udivmoddi4+0x58>
20000e52:	4290      	cmp	r0, r2
20000e54:	f200 8158 	bhi.w	20001108 <__udivmoddi4+0x308>
20000e58:	4639      	mov	r1, r7
20000e5a:	1a12      	subs	r2, r2, r0
20000e5c:	b2a4      	uxth	r4, r4
20000e5e:	fbb2 f0fe 	udiv	r0, r2, lr
20000e62:	fb0e 2210 	mls	r2, lr, r0, r2
20000e66:	fb00 fc0c 	mul.w	ip, r0, ip
20000e6a:	ea44 4402 	orr.w	r4, r4, r2, lsl #16
20000e6e:	45a4      	cmp	ip, r4
20000e70:	d90b      	bls.n	20000e8a <__udivmoddi4+0x8a>
20000e72:	192c      	adds	r4, r5, r4
20000e74:	f100 32ff 	add.w	r2, r0, #4294967295	@ 0xffffffff
20000e78:	bf2c      	ite	cs
20000e7a:	2701      	movcs	r7, #1
20000e7c:	2700      	movcc	r7, #0
20000e7e:	45a4      	cmp	ip, r4
20000e80:	d902      	bls.n	20000e88 <__udivmoddi4+0x88>
20000e82:	2f00      	cmp	r7, #0
20000e84:	f000 8143 	beq.w	2000110e <__udivmoddi4+0x30e>
20000e88:	4610      	mov	r0, r2
20000e8a:	ea40 4001 	orr.w	r0, r0, r1, lsl #16
20000e8e:	eba4 040c 	sub.w	r4, r4, ip
20000e92:	2100      	movs	r1, #0
20000e94:	b11e      	cbz	r6, 20000e9e <__udivmoddi4+0x9e>
20000e96:	40dc      	lsrs	r4, r3
20000e98:	2300      	movs	r3, #0
20000e9a:	e9c6 4300 	strd	r4, r3, [r6]
20000e9e:	e8bd 8ff0 	ldmia.w	sp!, {r4, r5, r6, r7, r8, r9, sl, fp, pc}
20000ea2:	428b      	cmp	r3, r1
20000ea4:	d906      	bls.n	20000eb4 <__udivmoddi4+0xb4>
20000ea6:	b10e      	cbz	r6, 20000eac <__udivmoddi4+0xac>
20000ea8:	e9c6 0100 	strd	r0, r1, [r6]
20000eac:	2100      	movs	r1, #0
20000eae:	4608      	mov	r0, r1
20000eb0:	e8bd 8ff0 	ldmia.w	sp!, {r4, r5, r6, r7, r8, r9, sl, fp, pc}
20000eb4:	fab3 f183 	clz	r1, r3
20000eb8:	2900      	cmp	r1, #0
20000eba:	d151      	bne.n	20000f60 <__udivmoddi4+0x160>
20000ebc:	4563      	cmp	r3, ip
20000ebe:	f0c0 8116 	bcc.w	200010ee <__udivmoddi4+0x2ee>
20000ec2:	4282      	cmp	r2, r0
20000ec4:	f240 8113 	bls.w	200010ee <__udivmoddi4+0x2ee>
20000ec8:	4608      	mov	r0, r1
20000eca:	2e00      	cmp	r6, #0
20000ecc:	d0e7      	beq.n	20000e9e <__udivmoddi4+0x9e>
20000ece:	e9c6 4700 	strd	r4, r7, [r6]
20000ed2:	e7e4      	b.n	20000e9e <__udivmoddi4+0x9e>
20000ed4:	2a00      	cmp	r2, #0
20000ed6:	f000 80af 	beq.w	20001038 <__udivmoddi4+0x238>
20000eda:	fab2 f382 	clz	r3, r2
20000ede:	2b00      	cmp	r3, #0
20000ee0:	f040 80c2 	bne.w	20001068 <__udivmoddi4+0x268>
20000ee4:	1a8a      	subs	r2, r1, r2
20000ee6:	ea4f 4e15 	mov.w	lr, r5, lsr #16
20000eea:	b2af      	uxth	r7, r5
20000eec:	2101      	movs	r1, #1
20000eee:	0c20      	lsrs	r0, r4, #16
20000ef0:	fbb2 fcfe 	udiv	ip, r2, lr
20000ef4:	fb0e 221c 	mls	r2, lr, ip, r2
20000ef8:	ea40 4202 	orr.w	r2, r0, r2, lsl #16
20000efc:	fb07 f00c 	mul.w	r0, r7, ip
20000f00:	4290      	cmp	r0, r2
20000f02:	d90e      	bls.n	20000f22 <__udivmoddi4+0x122>
20000f04:	18aa      	adds	r2, r5, r2
20000f06:	f10c 38ff 	add.w	r8, ip, #4294967295	@ 0xffffffff
20000f0a:	bf2c      	ite	cs
20000f0c:	f04f 0901 	movcs.w	r9, #1
20000f10:	f04f 0900 	movcc.w	r9, #0
20000f14:	4290      	cmp	r0, r2
20000f16:	d903      	bls.n	20000f20 <__udivmoddi4+0x120>
20000f18:	f1b9 0f00 	cmp.w	r9, #0
20000f1c:	f000 80f0 	beq.w	20001100 <__udivmoddi4+0x300>
20000f20:	46c4      	mov	ip, r8
20000f22:	1a12      	subs	r2, r2, r0
20000f24:	b2a4      	uxth	r4, r4
20000f26:	fbb2 f0fe 	udiv	r0, r2, lr
20000f2a:	fb0e 2210 	mls	r2, lr, r0, r2
20000f2e:	fb00 f707 	mul.w	r7, r0, r7
20000f32:	ea44 4402 	orr.w	r4, r4, r2, lsl #16
20000f36:	42a7      	cmp	r7, r4
20000f38:	d90e      	bls.n	20000f58 <__udivmoddi4+0x158>
20000f3a:	192c      	adds	r4, r5, r4
20000f3c:	f100 32ff 	add.w	r2, r0, #4294967295	@ 0xffffffff
20000f40:	bf2c      	ite	cs
20000f42:	f04f 0e01 	movcs.w	lr, #1
20000f46:	f04f 0e00 	movcc.w	lr, #0
20000f4a:	42a7      	cmp	r7, r4
20000f4c:	d903      	bls.n	20000f56 <__udivmoddi4+0x156>
20000f4e:	f1be 0f00 	cmp.w	lr, #0
20000f52:	f000 80d2 	beq.w	200010fa <__udivmoddi4+0x2fa>
20000f56:	4610      	mov	r0, r2
20000f58:	1be4      	subs	r4, r4, r7
20000f5a:	ea40 400c 	orr.w	r0, r0, ip, lsl #16
20000f5e:	e799      	b.n	20000e94 <__udivmoddi4+0x94>
20000f60:	f1c1 0520 	rsb	r5, r1, #32
20000f64:	408b      	lsls	r3, r1
20000f66:	fa0c f401 	lsl.w	r4, ip, r1
20000f6a:	fa00 f901 	lsl.w	r9, r0, r1
20000f6e:	fa22 f705 	lsr.w	r7, r2, r5
20000f72:	fa2c fc05 	lsr.w	ip, ip, r5
20000f76:	408a      	lsls	r2, r1
20000f78:	431f      	orrs	r7, r3
20000f7a:	fa20 f305 	lsr.w	r3, r0, r5
20000f7e:	0c38      	lsrs	r0, r7, #16
20000f80:	4323      	orrs	r3, r4
20000f82:	fa1f fe87 	uxth.w	lr, r7
20000f86:	0c1c      	lsrs	r4, r3, #16
20000f88:	fbbc f8f0 	udiv	r8, ip, r0
20000f8c:	fb00 cc18 	mls	ip, r0, r8, ip
20000f90:	ea44 440c 	orr.w	r4, r4, ip, lsl #16
20000f94:	fb08 fc0e 	mul.w	ip, r8, lr
20000f98:	45a4      	cmp	ip, r4
20000f9a:	d90e      	bls.n	20000fba <__udivmoddi4+0x1ba>
20000f9c:	193c      	adds	r4, r7, r4
20000f9e:	f108 3aff 	add.w	sl, r8, #4294967295	@ 0xffffffff
20000fa2:	bf2c      	ite	cs
20000fa4:	f04f 0b01 	movcs.w	fp, #1
20000fa8:	f04f 0b00 	movcc.w	fp, #0
20000fac:	45a4      	cmp	ip, r4
20000fae:	d903      	bls.n	20000fb8 <__udivmoddi4+0x1b8>
20000fb0:	f1bb 0f00 	cmp.w	fp, #0
20000fb4:	f000 80b8 	beq.w	20001128 <__udivmoddi4+0x328>
20000fb8:	46d0      	mov	r8, sl
20000fba:	eba4 040c 	sub.w	r4, r4, ip
20000fbe:	fa1f fc83 	uxth.w	ip, r3
20000fc2:	fbb4 f3f0 	udiv	r3, r4, r0
20000fc6:	fb00 4413 	mls	r4, r0, r3, r4
20000fca:	fb03 fe0e 	mul.w	lr, r3, lr
20000fce:	ea4c 4404 	orr.w	r4, ip, r4, lsl #16
20000fd2:	45a6      	cmp	lr, r4
20000fd4:	d90e      	bls.n	20000ff4 <__udivmoddi4+0x1f4>
20000fd6:	193c      	adds	r4, r7, r4
20000fd8:	f103 30ff 	add.w	r0, r3, #4294967295	@ 0xffffffff
20000fdc:	bf2c      	ite	cs
20000fde:	f04f 0c01 	movcs.w	ip, #1
20000fe2:	f04f 0c00 	movcc.w	ip, #0
20000fe6:	45a6      	cmp	lr, r4
20000fe8:	d903      	bls.n	20000ff2 <__udivmoddi4+0x1f2>
20000fea:	f1bc 0f00 	cmp.w	ip, #0
20000fee:	f000 809f 	beq.w	20001130 <__udivmoddi4+0x330>
20000ff2:	4603      	mov	r3, r0
20000ff4:	ea43 4008 	orr.w	r0, r3, r8, lsl #16
20000ff8:	eba4 040e 	sub.w	r4, r4, lr
20000ffc:	fba0 ec02 	umull	lr, ip, r0, r2
20001000:	4564      	cmp	r4, ip
20001002:	4673      	mov	r3, lr
20001004:	46e0      	mov	r8, ip
20001006:	d302      	bcc.n	2000100e <__udivmoddi4+0x20e>
20001008:	d107      	bne.n	2000101a <__udivmoddi4+0x21a>
2000100a:	45f1      	cmp	r9, lr
2000100c:	d205      	bcs.n	2000101a <__udivmoddi4+0x21a>
2000100e:	ebbe 0302 	subs.w	r3, lr, r2
20001012:	eb6c 0c07 	sbc.w	ip, ip, r7
20001016:	3801      	subs	r0, #1
20001018:	46e0      	mov	r8, ip
2000101a:	b15e      	cbz	r6, 20001034 <__udivmoddi4+0x234>
2000101c:	ebb9 0203 	subs.w	r2, r9, r3
20001020:	eb64 0408 	sbc.w	r4, r4, r8
20001024:	fa04 f505 	lsl.w	r5, r4, r5
20001028:	fa22 f301 	lsr.w	r3, r2, r1
2000102c:	40cc      	lsrs	r4, r1
2000102e:	431d      	orrs	r5, r3
20001030:	e9c6 5400 	strd	r5, r4, [r6]
20001034:	2100      	movs	r1, #0
20001036:	e732      	b.n	20000e9e <__udivmoddi4+0x9e>
20001038:	0842      	lsrs	r2, r0, #1
2000103a:	462f      	mov	r7, r5
2000103c:	084b      	lsrs	r3, r1, #1
2000103e:	46ac      	mov	ip, r5
20001040:	ea42 72c1 	orr.w	r2, r2, r1, lsl #31
20001044:	46ae      	mov	lr, r5
20001046:	07c4      	lsls	r4, r0, #31
20001048:	0c11      	lsrs	r1, r2, #16
2000104a:	b292      	uxth	r2, r2
2000104c:	ea41 4103 	orr.w	r1, r1, r3, lsl #16
20001050:	ea42 4201 	orr.w	r2, r2, r1, lsl #16
20001054:	fbb1 f1f5 	udiv	r1, r1, r5
20001058:	fbb3 f0f5 	udiv	r0, r3, r5
2000105c:	231f      	movs	r3, #31
2000105e:	eba2 020c 	sub.w	r2, r2, ip
20001062:	ea41 4100 	orr.w	r1, r1, r0, lsl #16
20001066:	e742      	b.n	20000eee <__udivmoddi4+0xee>
20001068:	409d      	lsls	r5, r3
2000106a:	f1c3 0220 	rsb	r2, r3, #32
2000106e:	4099      	lsls	r1, r3
20001070:	409c      	lsls	r4, r3
20001072:	fa2c fc02 	lsr.w	ip, ip, r2
20001076:	ea4f 4e15 	mov.w	lr, r5, lsr #16
2000107a:	fa20 f202 	lsr.w	r2, r0, r2
2000107e:	b2af      	uxth	r7, r5
20001080:	fbbc f8fe 	udiv	r8, ip, lr
20001084:	430a      	orrs	r2, r1
20001086:	fb0e cc18 	mls	ip, lr, r8, ip
2000108a:	0c11      	lsrs	r1, r2, #16
2000108c:	ea41 410c 	orr.w	r1, r1, ip, lsl #16
20001090:	fb08 fc07 	mul.w	ip, r8, r7
20001094:	458c      	cmp	ip, r1
20001096:	d950      	bls.n	2000113a <__udivmoddi4+0x33a>
20001098:	1869      	adds	r1, r5, r1
2000109a:	f108 30ff 	add.w	r0, r8, #4294967295	@ 0xffffffff
2000109e:	bf2c      	ite	cs
200010a0:	f04f 0901 	movcs.w	r9, #1
200010a4:	f04f 0900 	movcc.w	r9, #0
200010a8:	458c      	cmp	ip, r1
200010aa:	d902      	bls.n	200010b2 <__udivmoddi4+0x2b2>
200010ac:	f1b9 0f00 	cmp.w	r9, #0
200010b0:	d030      	beq.n	20001114 <__udivmoddi4+0x314>
200010b2:	eba1 010c 	sub.w	r1, r1, ip
200010b6:	fbb1 f8fe 	udiv	r8, r1, lr
200010ba:	fb08 fc07 	mul.w	ip, r8, r7
200010be:	fb0e 1118 	mls	r1, lr, r8, r1
200010c2:	b292      	uxth	r2, r2
200010c4:	ea42 4201 	orr.w	r2, r2, r1, lsl #16
200010c8:	4562      	cmp	r2, ip
200010ca:	d234      	bcs.n	20001136 <__udivmoddi4+0x336>
200010cc:	18aa      	adds	r2, r5, r2
200010ce:	f108 31ff 	add.w	r1, r8, #4294967295	@ 0xffffffff
200010d2:	bf2c      	ite	cs
200010d4:	f04f 0901 	movcs.w	r9, #1
200010d8:	f04f 0900 	movcc.w	r9, #0
200010dc:	4562      	cmp	r2, ip
200010de:	d2be      	bcs.n	2000105e <__udivmoddi4+0x25e>
200010e0:	f1b9 0f00 	cmp.w	r9, #0
200010e4:	d1bb      	bne.n	2000105e <__udivmoddi4+0x25e>
200010e6:	f1a8 0102 	sub.w	r1, r8, #2
200010ea:	442a      	add	r2, r5
200010ec:	e7b7      	b.n	2000105e <__udivmoddi4+0x25e>
200010ee:	1a84      	subs	r4, r0, r2
200010f0:	eb6c 0203 	sbc.w	r2, ip, r3
200010f4:	2001      	movs	r0, #1
200010f6:	4617      	mov	r7, r2
200010f8:	e6e7      	b.n	20000eca <__udivmoddi4+0xca>
200010fa:	442c      	add	r4, r5
200010fc:	3802      	subs	r0, #2
200010fe:	e72b      	b.n	20000f58 <__udivmoddi4+0x158>
20001100:	f1ac 0c02 	sub.w	ip, ip, #2
20001104:	442a      	add	r2, r5
20001106:	e70c      	b.n	20000f22 <__udivmoddi4+0x122>
20001108:	3902      	subs	r1, #2
2000110a:	442a      	add	r2, r5
2000110c:	e6a5      	b.n	20000e5a <__udivmoddi4+0x5a>
2000110e:	442c      	add	r4, r5
20001110:	3802      	subs	r0, #2
20001112:	e6ba      	b.n	20000e8a <__udivmoddi4+0x8a>
20001114:	eba5 0c0c 	sub.w	ip, r5, ip
20001118:	f1a8 0002 	sub.w	r0, r8, #2
2000111c:	4461      	add	r1, ip
2000111e:	fbb1 f8fe 	udiv	r8, r1, lr
20001122:	fb08 fc07 	mul.w	ip, r8, r7
20001126:	e7ca      	b.n	200010be <__udivmoddi4+0x2be>
20001128:	f1a8 0802 	sub.w	r8, r8, #2
2000112c:	443c      	add	r4, r7
2000112e:	e744      	b.n	20000fba <__udivmoddi4+0x1ba>
20001130:	3b02      	subs	r3, #2
20001132:	443c      	add	r4, r7
20001134:	e75e      	b.n	20000ff4 <__udivmoddi4+0x1f4>
20001136:	4641      	mov	r1, r8
20001138:	e791      	b.n	2000105e <__udivmoddi4+0x25e>
2000113a:	eba1 010c 	sub.w	r1, r1, ip
2000113e:	4640      	mov	r0, r8
20001140:	fbb1 f8fe 	udiv	r8, r1, lr
20001144:	fb08 fc07 	mul.w	ip, r8, r7
20001148:	e7b9      	b.n	200010be <__udivmoddi4+0x2be>
2000114a:	bf00      	nop

2000114c <__aeabi_idiv0>:
2000114c:	4770      	bx	lr
2000114e:	bf00      	nop

20001150 <__best_effort_wfe_or_timeout_veneer>:
20001150:	f85f f000 	ldr.w	pc, [pc]	@ 20001154 <__best_effort_wfe_or_timeout_veneer+0x4>
20001154:	10001285 	.word	0x10001285

20001158 <__tu_fifo_write_veneer>:
20001158:	f85f f000 	ldr.w	pc, [pc]	@ 2000115c <__tu_fifo_write_veneer+0x4>
2000115c:	10005c6d 	.word	0x10005c6d

20001160 <__time_us_64_veneer>:
20001160:	f85f f000 	ldr.w	pc, [pc]	@ 20001164 <__time_us_64_veneer+0x4>
20001164:	1000138d 	.word	0x1000138d

20001168 <__panic_veneer>:
20001168:	f85f f000 	ldr.w	pc, [pc]	@ 2000116c <__panic_veneer+0x4>
2000116c:	10000519 	.word	0x10000519

20001170 <__tud_event_hook_cb_veneer>:
20001170:	f85f f000 	ldr.w	pc, [pc]	@ 20001174 <__tud_event_hook_cb_veneer+0x4>
20001174:	10004295 	.word	0x10004295

20001178 <__memset_veneer>:
20001178:	f85f f000 	ldr.w	pc, [pc]	@ 2000117c <__memset_veneer+0x4>
2000117c:	100062ed 	.word	0x100062ed

20001180 <striped_spin_lock_num>:
20001180:	00000010                                ....

20001184 <irq_handler_chain_slots>:
20001184:	00000000 	.word	0x00000000
20001188:	00010000 	.word	0x00010000
	...
20001194:	00020000 	.word	0x00020000
	...
200011a0:	00030000 	.word	0x00030000
	...
200011ac:	00ff0000 	.word	0x00ff0000
200011b0:	00000000 	.word	0x00000000

200011b4 <irq_handler_chain_first_slot>:
200011b4:	b501      	push	{r0, lr}
200011b6:	6848      	ldr	r0, [r1, #4]
200011b8:	3101      	adds	r1, #1
200011ba:	468e      	mov	lr, r1
200011bc:	4700      	bx	r0

200011be <irq_handler_chain_remove_tail>:
200011be:	4670      	mov	r0, lr
200011c0:	3809      	subs	r0, #9
200011c2:	4901      	ldr	r1, [pc, #4]	@ (200011c8 <irq_handler_chain_remove_tail+0xa>)
200011c4:	4788      	blx	r1
200011c6:	bd01      	pop	{r0, pc}
200011c8:	100009c5 	.word	0x100009c5

200011cc <default_alarm_pool>:
	...
200011e0:	20001230                                0.. 

200011e4 <stdio_usb>:
200011e4:	10003a41 100039ed 10003965 100038d5     A:...9..e9...8..
200011f4:	00000000 00000100                       ........

200011fc <_usbd_qdef>:
200011fc:	200015e4 000c0010 00000000 00000000     ... ............
	...

20001218 <_usbd_rhport>:
20001218:	000000ff                                ....

2000121c <i2c0_inst>:
2000121c:	40090000 00000000                       ...@....

20001224 <print_mutex>:
	...
